,State,County,Study ID,Data Year,ActivityProducedBy,Point of Measurement,Data Reliability,Other Generator Notes,Recycling Includes Composting,Residential Breakout (tons),Commercial Breakout (tons),Institutional Breakout (tons),Industrial Breakout (tons),C&D Breakout (tons),Other Generator Breakout (tons),Compost,Exports,Imports,Landfill,MRF,Other,Total Disposal,Total Recycling,WTE
0,Alabama,,7.0,2019,Unspecified,Unspecified,2.0,nan,N,0.0,0,0,0,1603900.0,0,0.0,861190.0,0.0,0.0,0.0,0.0,6284130.0,0.0,0.0
1,Alabama,,7.0,2020,Unspecified,Unspecified,2.0,nan,N,0.0,0,0,0,1574060.0,0,0.0,991770.0,0.0,0.0,0.0,0.0,6512550.0,0.0,0.0
2,Alabama,,8.0,2011,"Residential, Commercial",Unspecified,2.0,nan,N,0.0,0,0,0,0.0,0,0.0,0.0,1666530.0,0.0,0.0,0.0,5220846.0,0.0,0.0
3,Alabama,,392.0,2010,Unspecified,Unspecified,"2.0, 2.0, 2.0, 2.0, 3.0",nan,N,0.0,0,0,0,0.0,0,0.0,0.0,922471.0,5378913.0,0.0,0.0,0.0,731692.0,360796.0
4,Alabama,,392.0,2013,Unspecified,Unspecified,2.0,nan,N,0.0,0,0,0,0.0,0,0.0,0.0,282241.0,3513288.0,0.0,0.0,0.0,739055.0,0.0
5,Alabama,,811.0,2021,"Residential, Commercial",Unspecified,2.0,nan,N,0.0,0,0,0,1787576.1300000001,0,0.0,1337179.58,0.0,0.0,0.0,0.0,6815651.73,0.0,0.0
6,Alabama,,812.0,2007,"Residential, Commercial",Unspecified,2.0,nan,N,0.0,0,0,0,2383340.0,0,0.0,0.0,0.0,0.0,0.0,0.0,7081255.0,0.0,0.0
7,Alaska,Anchorage municipality,792.0,2012,Unspecified,Unspecified,1.0,nan,,0.0,0,0,0,0.0,0,0.0,0.0,0.0,0.0,0.0,0.0,662850525.0,0.0,0.0
8,Alaska,Anchorage municipality,792.0,2013,Unspecified,Unspecified,1.0,nan,,0.0,0,0,0,0.0,0,0.0,0.0,0.0,0.0,0.0,0.0,615488200.0,0.0,0.0
9,Alaska,Anchorage municipality,792.0,2014,Unspecified,Unspecified,1.0,nan,,0.0,0,0,0,0.0,0,0.0,0.0,0.0,0.0,0.0,0.0,610947198.0,0.0,0.0
10,Alaska,Anchorage municipality,792.0,2015,Unspecified,Unspecified,1.0,nan,,0.0,0,0,0,0.0,0,0.0,0.0,0.0,0.0,0.0,0.0,600158405.0,0.0,0.0
11,Alaska,Anchorage municipality,792.0,2016,Unspecified,Unspecified,1.0,nan,,0.0,0,0,0,0.0,0,0.0,0.0,0.0,0.0,0.0,0.0,661611880.0,0.0,0.0
12,Alaska,Fairbanks north star borough,611.0,2014,"Residential, Commercial, Institutional, C&D, Residential, Commercial, Institutional",Landfill,2.0,nan,,0.0,0,0,0,49236.0,0,0.0,0.0,0.0,105038.0,0.0,0.0,105038.0,0.0,0.0
13,Alaska,Kodiak island borough,5.0,2004,"Residential, Commercial, Institutional, Industrial, C&D, Residential, Commercial, Institutional, Industrial",Landfill,2.0,nan,Y,0.0,0,0,0,3192.0,0,0.0,0.0,0.0,12827.0,0.0,0.0,11231.0,0.0,0.0
14,Alaska,Kodiak island borough,5.0,2005,"Residential, Commercial, Institutional, Industrial, C&D, Residential, Commercial, Institutional, Industrial",Landfill,2.0,nan,Y,0.0,0,0,0,4378.0,0,0.0,0.0,0.0,13391.0,0.0,0.0,11202.0,0.0,0.0
15,Alaska,Kodiak island borough,5.0,2006,"Residential, Commercial, Institutional, Industrial, C&D, Residential, Commercial, Institutional, Industrial",Landfill,2.0,nan,Y,0.0,0,0,0,8200.0,0,0.0,0.0,0.0,14990.0,0.0,0.0,10890.0,0.0,0.0
16,Alaska,Kodiak island borough,5.0,2007,"Residential, Commercial, Institutional, Industrial, C&D, Residential, Commercial, Institutional, Industrial, Residential, Commercial, Institutional, Industrial, Residential, Commercial, Institutional, Industrial",Landfill,2.0,nan,Y,0.0,0,0,0,3734.0,0,0.0,0.0,0.0,12897.0,686.0,0.0,11030.0,686.0,0.0
17,Alaska,Sitka city and borough,4.0,2004,"Residential, Commercial, Institutional",Unspecified,1.0,nan,N,0.0,0,0,0,0.0,0,0.0,0.0,0.0,0.0,482.0,0.0,0.0,482.0,0.0
18,Alaska,Sitka city and borough,4.0,2007,"Residential, Commercial, Institutional",Unspecified,1.0,nan,N,0.0,0,0,0,0.0,0,0.0,0.0,0.0,8931.0,0.0,0.0,8931.0,0.0,0.0
19,Alaska,Sitka city and borough,4.0,2009,"Residential, Commercial, Institutional",Unspecified,1.0,nan,N,0.0,0,0,0,0.0,0,0.0,0.0,0.0,0.0,651.0,0.0,0.0,651.0,0.0
20,Alaska,Sitka city and borough,4.0,2010,"Residential, Commercial, Institutional",Unspecified,1.0,nan,N,0.0,0,0,0,0.0,0,0.0,0.0,0.0,7878.0,0.0,0.0,7878.0,0.0,0.0
21,Alaska,Sitka city and borough,4.0,2011,"Residential, Commercial, Institutional",Unspecified,1.0,nan,N,0.0,0,0,0,0.0,0,0.0,0.0,0.0,7862.0,0.0,0.0,7862.0,0.0,0.0
22,Alaska,Sitka city and borough,4.0,2012,"Residential, Commercial, Institutional",Unspecified,1.0,nan,N,0.0,0,0,0,0.0,0,0.0,0.0,0.0,7859.0,0.0,0.0,7859.0,0.0,0.0
23,Alaska,Sitka city and borough,4.0,2013,"Residential, Commercial, Institutional",Unspecified,1.0,nan,N,0.0,0,0,0,0.0,0,0.0,0.0,0.0,8315.0,596.0,0.0,8315.0,596.0,0.0
24,Alaska,,392.0,2010,Unspecified,Unspecified,"2.0, 4.0, 2.0",nan,N,0.0,0,0,0,0.0,0,15760.0,0.0,0.0,555761.0,0.0,0.0,0.0,133792.0,0.0
25,Alaska,,392.0,2013,Unspecified,Unspecified,"2.0, 4.0, 2.0",nan,N,0.0,0,0,0,0.0,0,18017.0,0.0,0.0,576044.0,0.0,0.0,0.0,142366.0,0.0
26,American samoa,,394.0,2009,"Residential, Institutional, Commercial, Industrial, Residential, Institutional, Commercial, Industrial",Landfill,2.0,nan,,0.0,0,0,0,0.0,0,0.0,0.0,0.0,20031.0,0.0,0.0,20031.0,0.0,0.0
27,American samoa,,395.0,2020,"Residential, Commercial, Industrial, Institutional, C&D, Residential, Commercial, Institutional, Industrial, C&D, Residential, Commercial, Institutional, Industrial, C&D, Residential, Commercial, Institutional, Industrial, C&D","Landfill, Landfill, Landfill, Landfill, Total Recycled, Exports, Other- Stockpiles",2.0,nan,,0.0,0,0,0,0.0,0,0.0,0.0,0.0,12741.601289999999,0.0,5316.220668,0.0,0.0,0.0
28,Arizona,,392.0,2010,Unspecified,Unspecified,2.0,nan,N,0.0,0,0,0,0.0,0,0.0,0.0,0.0,6216676.0,0.0,0.0,0.0,570895.0,0.0
29,Arizona,,392.0,2013,Unspecified,Unspecified,2.0,nan,N,0.0,0,0,0,0.0,0,35250.0,0.0,0.0,5805678.0,0.0,0.0,0.0,464819.0,0.0
30,Arkansas,Sebastian,20.0,2017,"Residential, Commercial, C&D, Industrial, Residential, Commercial, Residential, Commercial",Landfill,2.0,nan,U,0.0,0,0,0,1169.87,0,0.0,0.0,124536.05,124536.05,0.0,0.0,0.0,7515.88,0.0
31,Arkansas,,392.0,2010,Unspecified,Unspecified,"2.0, 2.0, 2.0, 2.0, 3.0",nan,N,0.0,0,0,0,0.0,0,47652.0,222582.0,30633.0,2641557.0,0.0,0.0,0.0,361397.0,0.0
32,Arkansas,,392.0,2013,Unspecified,Unspecified,2.0,nan,N,0.0,0,0,0,0.0,0,140115.0,140378.0,33369.0,2744463.0,0.0,0.0,0.0,365984.0,0.0
33,Arkansas,,621.0,2006,"Residential, Commercial","Landfill, Unspecified",2.0,nan,Y,0.0,0,0,0,0.0,0,0.0,0.0,0.0,2900689.13,0.0,0.0,0.0,2111842.0,0.0
34,Arkansas,,622.0,2007,"Residential, Commercial","Landfill, Unspecified",2.0,nan,Y,0.0,0,0,0,0.0,0,0.0,0.0,0.0,3020248.0,0.0,0.0,0.0,2432648.0,0.0
35,Arkansas,,623.0,2009,"Residential, Commercial","Landfill, Unspecified",2.0,nan,Y,0.0,0,0,0,0.0,0,0.0,0.0,0.0,3711017.0,0.0,0.0,0.0,3030000.0,0.0
36,Arkansas,,624.0,2010,"Residential, Commercial","Landfill, Unspecified",2.0,nan,Y,0.0,0,0,0,0.0,0,0.0,0.0,0.0,3130548.0,0.0,0.0,0.0,1479088.0,0.0
37,Arkansas,,625.0,2011,"Residential, Commercial","Landfill, Unspecified",2.0,nan,Y,0.0,0,0,0,0.0,0,0.0,0.0,0.0,3504957.0,0.0,0.0,0.0,1601015.0,0.0
38,Arkansas,,626.0,2012,"Residential, Commercial","Landfill, Unspecified",2.0,nan,Y,0.0,0,0,0,0.0,0,0.0,0.0,0.0,3518294.0,0.0,0.0,0.0,2407243.0,0.0
39,Arkansas,,627.0,2013,"Residential, Commercial","Landfill, Unspecified",2.0,nan,Y,0.0,0,0,0,0.0,0,0.0,0.0,0.0,3421046.0,0.0,0.0,0.0,1843807.0,0.0
40,Arkansas,,628.0,2014,"Residential, Commercial","Landfill, Unspecified",2.0,nan,Y,0.0,0,0,0,0.0,0,0.0,0.0,0.0,3265463.0,0.0,0.0,0.0,2086820.0,0.0
41,Arkansas,,629.0,2015,"Residential, Commercial","Landfill, Unspecified",2.0,nan,Y,0.0,0,0,0,0.0,0,0.0,0.0,0.0,3400406.0,0.0,0.0,0.0,2843572.0,0.0
42,Arkansas,,630.0,2016,"Residential, Commercial","Landfill, Unspecified",2.0,nan,Y,0.0,0,0,0,0.0,0,0.0,0.0,0.0,3191461.0,0.0,0.0,0.0,2789867.0,0.0
43,Arkansas,,631.0,2017,"Residential, Commercial","Landfill, Unspecified",2.0,nan,Y,0.0,0,0,0,0.0,0,0.0,0.0,0.0,3337393.0,0.0,0.0,0.0,2789660.0,0.0
44,California,,392.0,2010,Unspecified,Unspecified,"2.0, 2.0, 2.0, 4.0, 2.0, 2.0, 3.0",nan,N,0.0,0,0,0,0.0,0,6863215.0,353774.0,66476.0,29928833.0,0.0,0.0,0.0,19258468.0,2848944.0
45,California,,392.0,2013,Unspecified,Unspecified,"2.0, 4.0, 2.0, 2.0, 2.0",nan,N,0.0,0,0,0,0.0,0,7046851.0,273496.0,61730.0,29643440.0,0.0,0.0,0.0,19773759.0,0.0
46,Colorado,,47.0,2021,"Residential, Commercial",Unspecified,2.0,nan,Y,0.0,0,0,0,0.0,0,0.0,0.0,0.0,0.0,0.0,0.0,6115262.0,1155939.0,0.0
47,Colorado,,49.0,2019,"Residential, Commercial",Unspecified,2.0,nan,Y,0.0,0,0,0,0.0,0,0.0,0.0,0.0,0.0,0.0,0.0,6115262.0,1155939.0,0.0
48,Colorado,,50.0,2018,"Residential, Commercial",Unspecified,2.0,nan,Y,0.0,0,0,0,0.0,0,0.0,0.0,0.0,0.0,0.0,0.0,5860896.0,1217062.0,0.0
49,Colorado,,51.0,2017,Unspecified,Unspecified,5.0,nan,Y,0.0,0,0,0,0.0,0,0.0,0.0,0.0,0.0,0.0,0.0,8311138.0,2102083.0,0.0
50,Colorado,,392.0,2010,Unspecified,Unspecified,"2.0, 2.0, 3.0",nan,N,0.0,0,0,0,0.0,0,183761.0,0.0,0.0,6050476.0,0.0,0.0,0.0,4112337.0,0.0
51,Colorado,,392.0,2013,Unspecified,Unspecified,"2.0, 4.0, 2.0",nan,N,0.0,0,0,0,0.0,0,191776.0,0.0,0.0,5959135.0,0.0,0.0,0.0,4291692.0,0.0
52,Colorado,,633.0,2022,"Residential, Commercial",Unspecified,2.0,nan,Y,0.0,0,0,0,0.0,0,0.0,0.0,0.0,0.0,0.0,0.0,5936091.0,1080550.0,0.0
53,Connecticut,,392.0,2010,Unspecified,Unspecified,"2.0, 2.0, 4.0, 2.0, 2.0, 3.0",nan,N,0.0,0,0,0,0.0,0,173679.0,237700.0,68146.0,12858.0,0.0,0.0,0.0,1665885.0,2223217.0
54,Connecticut,,392.0,2013,Unspecified,Unspecified,2.0,nan,N,0.0,0,0,0,0.0,0,174498.0,199363.0,109654.0,2802.0,0.0,0.0,0.0,1673736.0,2112228.0
55,Connecticut,,840.0,2008,"Residential, Institutional, Commercial, Industrial","Landfill, WTE, Unspecified, Unspecified",1.0,nan,Y,0.0,0,0,0,0.0,0,0.0,261254.79,0.0,163542.87,0.0,0.0,0.0,906202.24,2110855.49
56,Connecticut,,841.0,2009,"Residential, Institutional, Commercial, Industrial","Landfill, WTE, Unspecified, Unspecified",1.0,nan,Y,0.0,0,0,0,0.0,0,0.0,193415.2,0.0,105714.21,0.0,0.0,0.0,814476.08,2106218.76
57,Connecticut,,842.0,2010,"Residential, Institutional, Commercial, Industrial","Landfill, WTE, Unspecified, Unspecified, Unspecified",1.0,nan,Y,0.0,0,0,0,0.0,0,0.0,237699.77,68145.77,21423.92,0.0,0.0,0.0,811036.44,2150746.78
58,Connecticut,,843.0,2011,"Residential, Institutional, Commercial, Industrial","Landfill, WTE, Unspecified, Unspecified, Unspecified",1.0,nan,Y,0.0,0,0,0,0.0,0,0.0,317589.11,60697.67,25244.57,0.0,0.0,0.0,831983.87,2076525.39
59,Connecticut,,844.0,2013,"Residential, Institutional, Commercial, Industrial","Landfill, WTE, Unspecified, Unspecified, Unspecified",1.0,nan,Y,0.0,0,0,0,0.0,0,0.0,308439.73,109653.61,21067.18,0.0,0.0,0.0,1219726.5,2111941.4
60,Connecticut,,845.0,2014,"Residential, Institutional, Commercial, Industrial","Landfill, WTE, Unspecified, Unspecified, Unspecified",1.0,nan,Y,0.0,0,0,0,0.0,0,0.0,345862.76,132860.605,13259.47,0.0,0.0,0.0,1327157.62,2120001.58
61,Connecticut,,846.0,2021,"Residential, Institutional, Commercial, Industrial","Landfill, WTE, Unspecified, Unspecified, Unspecified, Unspecified",1.0,nan,N,0.0,0,0,0,0.0,0,214745.0,372905.0,0.0,0.0,0.0,0.0,0.0,944906.0,1788857.0
62,Connecticut,,847.0,2022,"Residential, Institutional, Commercial, Industrial","Landfill, WTE, Unspecified, Compost, Unspecified, Other- AD",1.0,nan,N,0.0,0,0,0,0.0,0,304728.0,640199.0,0.0,0.0,0.0,0.0,0.0,971455.0,1548196.0
63,Connecticut,,848.0,2003,"Residential, Institutional, Commercial, Industrial","Landfill, WTE, Compost, Unspecified",1.0,nan,N,0.0,0,0,0,0.0,0,233000.0,0.0,0.0,121000.0,0.0,0.0,0.0,823000.0,2209444.0
64,Connecticut,,848.0,2004,"Residential, Institutional, Commercial, Industrial",Landfill,1.0,nan,N,0.0,0,0,0,0.0,0,0.0,0.0,0.0,153000.0,0.0,0.0,0.0,0.0,0.0
65,Delaware,,59.0,2018,"Residential, Commercial",Unspecified,2.0,nan,Y,0.0,0,0,0,0.0,0,0.0,0.0,0.0,732614.0,0.0,0.0,0.0,425709.0,0.0
66,Delaware,,392.0,2010,Unspecified,Unspecified,"2.0, 2.0, 3.0",nan,N,0.0,0,0,0,0.0,0,59000.0,0.0,0.0,717539.0,0.0,0.0,0.0,106760.0,0.0
67,Delaware,,392.0,2013,Unspecified,Unspecified,2.0,nan,N,0.0,0,0,0,0.0,0,154000.0,0.0,0.0,619408.0,0.0,0.0,0.0,109849.0,0.0
68,Delaware,,799.0,2006,"Residential, Commercial","Landfill, Unspecified",2.0,nan,Y,542050.0,529840,0,0,0.0,0,0.0,0.0,0.0,823479.0,0.0,0.0,0.0,248410.0,0.0
69,Delaware,,799.0,2007,"Residential, Commercial","Landfill, Unspecified",2.0,nan,Y,639186.0,532865,0,0,0.0,0,0.0,0.0,0.0,794984.0,0.0,0.0,0.0,377066.0,0.0
70,Delaware,,799.0,2008,"Residential, Commercial","Landfill, Unspecified",2.0,nan,Y,547237.0,511938,0,0,0.0,0,0.0,0.0,0.0,741143.0,0.0,0.0,0.0,318032.0,0.0
71,Delaware,,800.0,2014,"Residential, Commercial, C&D","Landfill, Transfer Station",2.0,nan,Y,320651.0,338137,0,0,308359.0,0,0.0,0.0,0.0,0.0,0.0,0.0,967147.0,0.0,0.0
72,Delaware,,801.0,2023,"Residential, Commercial, C&D","Landfill, Transfer Station, Unspecified",2.0,nan,Y,626743.0,621193,0,0,159102.0,0,0.0,0.0,0.0,0.0,0.0,0.0,974156.0,468445.0,0.0
73,Florida,,392.0,2010,Unspecified,Unspecified,"2.0, 2.0, 2.0, 3.0",nan,N,0.0,0,0,0,0.0,0,377657.0,0.0,0.0,8314204.0,0.0,0.0,0.0,4196629.0,3875583.0
74,Florida,,392.0,2013,Unspecified,Unspecified,2.0,nan,N,0.0,0,0,0,0.0,0,357781.0,0.0,0.0,9008714.0,0.0,0.0,0.0,4354020.0,4492678.0
75,Georgia,,76.0,2005,"Residential, Commercial",Landfill,1.0,nan,U,0.0,0,0,0,0.0,0,0.0,0.0,0.0,6685000.0,0.0,0.0,0.0,0.0,0.0
76,Georgia,,392.0,2010,Unspecified,Unspecified,"2.0, 4.0, 2.0, 3.0",nan,N,0.0,0,0,0,0.0,0,214444.0,0.0,2013926.0,8112189.0,0.0,0.0,0.0,880470.0,0.0
77,Georgia,,392.0,2013,Unspecified,Unspecified,"2.0, 4.0, 2.0, 2.0",nan,N,0.0,0,0,0,0.0,0,244900.0,0.0,1313567.0,7482708.0,0.0,0.0,0.0,905753.0,0.0
78,Guam,,80.0,2011,"Residential, Commercial, Military",Unspecified,2.0,nan,,0.0,0,0,0,0.0,0,0.0,0.0,0.0,0.0,0.0,0.0,133653.76,29039.19,0.0
79,Guam,,80.0,2012,"Residential, Commercial, Military",Unspecified,2.0,nan,,0.0,0,0,0,0.0,0,0.0,0.0,0.0,0.0,0.0,0.0,94126.54,36834.09,0.0
80,Guam,,470.0,2011,Unspecified,Unspecified,5.0,nan,,0.0,0,0,0,0.0,0,23.14,0.0,0.0,128096.4,0.0,5557.360000000001,0.0,29039.19,0.0
81,Guam,,470.0,2012,Unspecified,Unspecified,5.0,nan,,0.0,0,0,0,0.0,0,2388.6,0.0,0.0,87761.83,0.0,6364.7,0.0,36834.09,0.0
82,Guam,,470.0,2013,Unspecified,Unspecified,5.0,nan,,0.0,0,0,0,0.0,0,3986.77,0.0,0.0,85132.92,0.0,612.47,0.0,41032.26,0.0
83,Guam,,470.0,2014,Unspecified,Unspecified,5.0,nan,,0.0,0,0,0,0.0,0,10630.42,0.0,0.0,85480.32,0.0,945.39,0.0,41949.23,0.0
84,Guam,,470.0,2015,Unspecified,Unspecified,5.0,nan,,0.0,0,0,0,0.0,0,5405.44,0.0,0.0,86977.16,0.0,308.86,0.0,35586.57,0.0
85,Guam,,470.0,2016,Unspecified,Unspecified,5.0,nan,,0.0,0,0,0,0.0,0,14494.23,0.0,0.0,88370.32,0.0,47.23,0.0,47585.56,0.0
86,Guam,,470.0,2017,Unspecified,Unspecified,5.0,nan,,0.0,0,0,0,0.0,0,26891.32,0.0,0.0,87891.96,0.0,1340.61,0.0,57501.66,0.0
87,Guam,,470.0,2018,Unspecified,Unspecified,5.0,nan,,0.0,0,0,0,0.0,0,21007.61,0.0,0.0,81757.9,0.0,1256.89,0.0,47403.23,0.0
88,Guam,,470.0,2019,Unspecified,Unspecified,5.0,nan,,0.0,0,0,0,0.0,0,11941.89,0.0,0.0,88048.25,0.0,1321.03,0.0,39037.48,0.0
89,Guam,,796.0,2021,"Residential, Commercial, Institutional",Unspecified,2.0,nan,,0.0,0,0,0,0.0,0,0.0,0.0,0.0,98235.0,0.0,0.0,0.0,0.0,0.0
90,Guam,,796.0,2022,"Residential, Commercial, Institutional",Unspecified,2.0,nan,,0.0,0,0,0,0.0,0,0.0,0.0,0.0,96903.0,0.0,0.0,0.0,0.0,0.0
91,Guam,,796.0,2023,"Residential, Commercial, Institutional",Unspecified,2.0,nan,,0.0,0,0,0,0.0,0,0.0,0.0,0.0,111126.0,0.0,0.0,0.0,0.0,0.0
92,Hawaii,,392.0,2010,Unspecified,Unspecified,"2.0, 2.0, 2.0, 4.0, 3.0",nan,N,0.0,0,0,0,0.0,0,30108.0,0.0,0.0,516707.0,0.0,0.0,0.0,117879.0,1276430.0
93,Hawaii,,392.0,2013,Unspecified,Unspecified,"2.0, 4.0, 2.0",nan,N,0.0,0,0,0,0.0,0,34412.0,0.0,0.0,454893.0,0.0,0.0,0.0,121364.0,0.0
94,Idaho,,392.0,2010,Unspecified,Unspecified,"2.0, 4.0, 3.0",nan,N,0.0,0,0,0,0.0,0,34677.0,0.0,0.0,1767587.0,0.0,0.0,0.0,65251.0,0.0
95,Idaho,,392.0,2013,Unspecified,Unspecified,"2.0, 4.0, 2.0, 2.0, 2.0",nan,N,0.0,0,0,0,0.0,0,39512.0,117765.0,57388.0,1748984.0,0.0,0.0,0.0,66972.0,0.0
96,Illinois,Lake,96.0,2009,Unspecified,"Residential, Commercial",1.0,nan,N,0.0,0,0,0,0.0,0,0.0,0.0,0.0,0.0,0.0,0.0,0.0,315882.0,0.0
97,Illinois,Lake,96.0,2010,Unspecified,"Residential, Commercial",1.0,nan,N,0.0,0,0,0,0.0,0,0.0,0.0,0.0,0.0,0.0,0.0,0.0,344430.0,0.0
98,Illinois,Lake,96.0,2011,Unspecified,"Residential, Commercial",1.0,nan,N,0.0,0,0,0,0.0,0,0.0,0.0,0.0,0.0,0.0,0.0,0.0,327062.0,0.0
99,Illinois,Lake,96.0,2012,Unspecified,"Residential, Commercial",1.0,nan,N,0.0,0,0,0,0.0,0,0.0,0.0,0.0,0.0,0.0,0.0,0.0,301455.0,0.0
100,Illinois,Lake,96.0,2013,Unspecified,"Residential, Commercial",1.0,nan,N,0.0,0,0,0,0.0,0,0.0,0.0,0.0,0.0,0.0,0.0,0.0,324028.0,0.0
101,Illinois,,99.0,2002,Unspecified,Landfill,1.0,nan,N,0.0,0,0,0,0.0,0,0.0,2808438.53,1759976.8,14687694.84,0.0,0.0,0.0,0.0,0.0
102,Illinois,,99.0,2003,Unspecified,Landfill,1.0,nan,N,0.0,0,0,0,0.0,0,0.0,2290371.97,1881137.95,15899821.19,0.0,0.0,0.0,0.0,0.0
103,Illinois,,99.0,2004,Unspecified,Landfill,1.0,nan,N,0.0,0,0,0,0.0,0,0.0,4122466.05,2212438.5,14285613.21,0.0,0.0,0.0,0.0,0.0
104,Illinois,,99.0,2005,Unspecified,Landfill,1.0,nan,N,0.0,0,0,0,0.0,0,0.0,4530666.81,2114898.4,15258949.97,0.0,0.0,0.0,0.0,0.0
105,Illinois,,99.0,2006,Unspecified,Landfill,1.0,nan,N,0.0,0,0,0,0.0,0,0.0,4067263.8,2163615.48,14744699.45,0.0,0.0,0.0,0.0,0.0
106,Illinois,,99.0,2007,Unspecified,Landfill,1.0,nan,N,0.0,0,0,0,0.0,0,0.0,3760266.2,2128853.03,13714319.52,0.0,0.0,0.0,0.0,0.0
107,Illinois,,99.0,2008,Unspecified,Landfill,1.0,nan,N,0.0,0,0,0,0.0,0,0.0,3879152.56,1893221.93,12782811.27,0.0,0.0,0.0,0.0,0.0
108,Illinois,,99.0,2009,Unspecified,Landfill,1.0,nan,N,0.0,0,0,0,0.0,0,0.0,3131202.91,1626023.45,11594013.27,0.0,0.0,0.0,0.0,0.0
109,Illinois,,99.0,2010,Unspecified,Landfill,1.0,nan,N,0.0,0,0,0,0.0,0,0.0,2663614.52,1538784.77,11927916.12,0.0,0.0,0.0,0.0,0.0
110,Illinois,,99.0,2011,Unspecified,Landfill,1.0,nan,N,0.0,0,0,0,0.0,0,0.0,2398993.67,1858881.49,12675124.25,0.0,0.0,0.0,0.0,0.0
111,Illinois,,99.0,2012,Unspecified,Landfill,1.0,nan,N,0.0,0,0,0,0.0,0,0.0,2296077.74,1685254.35,12272620.46,0.0,0.0,0.0,0.0,0.0
112,Illinois,,99.0,2013,Unspecified,Landfill,1.0,nan,N,0.0,0,0,0,0.0,0,0.0,2383205.93,1618056.37,13628261.45,0.0,0.0,0.0,0.0,0.0
113,Illinois,,99.0,2014,Unspecified,Landfill,1.0,nan,N,0.0,0,0,0,0.0,0,0.0,2499139.48,1628796.13,14317613.76,0.0,0.0,0.0,0.0,0.0
114,Illinois,,99.0,2015,Unspecified,Landfill,1.0,nan,N,0.0,0,0,0,0.0,0,0.0,2405940.57,1697354.92,13392739.63,0.0,0.0,0.0,0.0,0.0
115,Illinois,,99.0,2016,Unspecified,Landfill,1.0,nan,N,0.0,0,0,0,0.0,0,0.0,2520977.18,1851956.39,14220208.53,0.0,0.0,0.0,0.0,0.0
116,Illinois,,99.0,2017,Unspecified,Landfill,1.0,nan,N,0.0,0,0,0,0.0,0,0.0,2501015.77,2011607.97,14523134.15,0.0,0.0,0.0,0.0,0.0
117,Illinois,,99.0,2018,Unspecified,Landfill,1.0,nan,N,0.0,0,0,0,0.0,0,0.0,2711900.79,1784459.28,14175171.14,0.0,0.0,0.0,0.0,0.0
118,Illinois,,99.0,2019,Unspecified,Landfill,1.0,nan,N,0.0,0,0,0,0.0,0,0.0,2550967.0,1828860.88,13799929.97,0.0,0.0,0.0,0.0,0.0
119,Illinois,,392.0,2010,Unspecified,Unspecified,"2.0, 2.0, 2.0, 3.0",nan,N,0.0,0,0,0,0.0,0,469840.0,0.0,1515152.0,10136040.0,0.0,0.0,0.0,2203610.0,0.0
120,Illinois,,392.0,2013,Unspecified,Unspecified,2.0,nan,N,0.0,0,0,0,0.0,0,497572.0,0.0,1623985.0,9905666.0,0.0,0.0,0.0,2210894.0,0.0
121,Indiana,,392.0,2010,Unspecified,Unspecified,"2.0, 2.0, 2.0, 2.0, 2.0, 3.0",nan,N,0.0,0,0,0,0.0,0,303492.0,0.0,2499119.0,5377597.0,0.0,0.0,0.0,2593503.0,1152951.0
122,Indiana,,392.0,2013,Unspecified,Unspecified,2.0,nan,N,0.0,0,0,0,0.0,0,265109.0,0.0,0.0,5397828.0,0.0,0.0,0.0,2625846.0,0.0
123,Iowa,,392.0,2010,Unspecified,Unspecified,"2.0, 2.0, 2.0, 2.0, 2.0, 2.0, 3.0",nan,N,0.0,0,0,0,0.0,0,139375.0,77960.0,205762.0,1959526.0,0.0,0.0,0.0,664294.0,101587.0
124,Iowa,,392.0,2013,Unspecified,Unspecified,2.0,nan,N,0.0,0,0,0,0.0,0,245060.0,76764.0,184530.0,1772929.0,0.0,0.0,0.0,673028.0,0.0
125,Kansas,,392.0,2010,Unspecified,Unspecified,"2.0, 2.0, 2.0, 2.0, 3.0",nan,N,0.0,0,0,0,0.0,0,72819.0,82000.0,587000.0,2971071.0,0.0,0.0,0.0,285503.0,0.0
126,Kansas,,392.0,2013,Unspecified,Unspecified,2.0,nan,N,0.0,0,0,0,0.0,0,172701.0,37492.0,586778.0,2806982.0,0.0,0.0,0.0,289003.0,0.0
127,Kentucky,,392.0,2010,Unspecified,Unspecified,"2.0, 4.0, 2.0, 2.0, 3.0",nan,N,0.0,0,0,0,0.0,0,105880.0,375208.0,986031.0,4459023.0,0.0,0.0,0.0,476816.0,0.0
128,Kentucky,,392.0,2013,Unspecified,Unspecified,2.0,nan,N,0.0,0,0,0,0.0,0,107039.0,275388.0,1336814.0,4598707.0,0.0,0.0,0.0,482036.0,0.0
129,Kentucky,,641.0,2007,Unspecified,Total Recycling,2.0,nan,N,0.0,0,0,0,0.0,0,0.0,0.0,0.0,0.0,0.0,0.0,0.0,2005249.0,0.0
130,Kentucky,,641.0,2008,Unspecified,Total Recycling,2.0,nan,N,0.0,0,0,0,0.0,0,0.0,0.0,0.0,0.0,0.0,0.0,0.0,2398863.0,0.0
131,Kentucky,,641.0,2009,Unspecified,Total Recycling,2.0,nan,N,0.0,0,0,0,0.0,0,0.0,0.0,0.0,0.0,0.0,0.0,0.0,1838574.0,0.0
132,Kentucky,,641.0,2010,Unspecified,Total Recycling,2.0,nan,N,0.0,0,0,0,0.0,0,0.0,0.0,0.0,0.0,0.0,0.0,0.0,1712242.0,0.0
133,Kentucky,,641.0,2011,Unspecified,Total Recycling,2.0,nan,N,0.0,0,0,0,0.0,0,0.0,0.0,0.0,0.0,0.0,0.0,0.0,1748356.0,0.0
134,Kentucky,,641.0,2012,Unspecified,Total Recycling,2.0,nan,N,0.0,0,0,0,0.0,0,0.0,0.0,0.0,0.0,0.0,0.0,0.0,1966710.0,0.0
135,Kentucky,,641.0,2013,Unspecified,Total Recycling,2.0,nan,N,0.0,0,0,0,0.0,0,0.0,0.0,0.0,0.0,0.0,0.0,0.0,1724790.0,0.0
136,Kentucky,,641.0,2014,Unspecified,Total Recycling,2.0,nan,N,0.0,0,0,0,0.0,0,0.0,0.0,0.0,0.0,0.0,0.0,0.0,2606056.0,0.0
137,Kentucky,,641.0,2015,Unspecified,Total Recycling,2.0,nan,N,0.0,0,0,0,0.0,0,0.0,0.0,0.0,0.0,0.0,0.0,0.0,2632377.0,0.0
138,Kentucky,,641.0,2016,Unspecified,Total Recycling,2.0,nan,N,0.0,0,0,0,0.0,0,0.0,0.0,0.0,0.0,0.0,0.0,0.0,2602472.0,0.0
139,Kentucky,,641.0,2017,Unspecified,Total Recycling,2.0,nan,N,0.0,0,0,0,0.0,0,0.0,0.0,0.0,0.0,0.0,0.0,0.0,2744447.0,0.0
140,Kentucky,,641.0,2018,Unspecified,Total Recycling,2.0,nan,N,0.0,0,0,0,0.0,0,0.0,0.0,0.0,0.0,0.0,0.0,0.0,2842874.0,0.0
141,Kentucky,,641.0,2019,Unspecified,Total Recycling,2.0,nan,N,0.0,0,0,0,0.0,0,0.0,0.0,0.0,0.0,0.0,0.0,0.0,1941634.0,0.0
142,Kentucky,,641.0,2020,Unspecified,Landfill,2.0,nan,N,0.0,0,0,0,0.0,0,0.0,0.0,0.0,4800000.0,0.0,0.0,0.0,0.0,0.0
143,Kentucky,,813.0,2023,Unspecified,Landfill,2.0,nan,N,0.0,0,0,0,0.0,0,0.0,0.0,1301826.5,6944669.7,0.0,0.0,0.0,0.0,0.0
144,Louisiana,,392.0,2010,Unspecified,Unspecified,"2.0, 4.0, 3.0",nan,N,0.0,0,0,0,0.0,0,111085.0,0.0,0.0,3971316.0,0.0,0.0,0.0,168144.0,0.0
145,Louisiana,,392.0,2013,Unspecified,Unspecified,"2.0, 4.0, 2.0, 2.0",nan,N,0.0,0,0,0,0.0,0,113042.0,0.0,380394.0,4208445.0,0.0,0.0,0.0,171106.0,0.0
146,Maine,,392.0,2010,Unspecified,Unspecified,"2.0, 2.0, 2.0, 4.0, 2.0, 2.0, 3.0",nan,N,0.0,0,0,0,0.0,0,34478.0,40916.0,285278.0,180273.0,0.0,0.0,0.0,172841.0,1433183.0
147,Maine,,392.0,2013,Unspecified,Unspecified,"2.0, 4.0, 2.0, 2.0, 2.0",nan,N,0.0,0,0,0,0.0,0,12945.0,68165.0,47910.0,211831.0,0.0,0.0,0.0,172963.0,0.0
148,Maryland,,136.0,2020,Unspecified,"Waste Facility, Landfill, Waste Facility, Incinerator, Waste Facility, Waste Facility",2.0,nan,Y,0.0,0,0,0,0.0,0,340864.0,1764385.0,52155.0,2124530.0,0.0,0.0,0.0,2522303.0,0.0
149,Maryland,,137.0,2019,Unspecified,"Waste Facility, Landfill, Waste Facility, Incinerator, Waste Facility, Waste Facility",2.0,nan,Y,0.0,0,0,0,0.0,0,300067.0,1724355.0,50320.0,2079777.0,0.0,0.0,0.0,2768144.0,0.0
150,Maryland,,138.0,2018,Unspecified,"Waste Facility, Landfill, Waste Facility, Incinerator, Waste Facility, Waste Facility",2.0,nan,Y,0.0,0,0,0,0.0,0,207882.0,1974974.0,48100.0,1877068.0,0.0,0.0,0.0,3117961.0,0.0
151,Maryland,,139.0,2017,Unspecified,"Waste Facility, Landfill, Waste Facility, Incinerator, Waste Facility, Waste Facility",2.0,nan,Y,0.0,0,0,0,0.0,0,266453.0,1830869.0,80750.0,1745968.0,0.0,0.0,0.0,2999051.0,0.0
152,Maryland,,140.0,2016,Unspecified,"Waste Facility, Landfill, Waste Facility, Incinerator, Waste Facility",2.0,nan,Y,0.0,0,0,0,0.0,0,0.0,1654430.0,62293.0,1710309.0,0.0,0.0,0.0,2826945.0,0.0
153,Maryland,,141.0,2015,Unspecified,"Waste Facility, Landfill, Waste Facility, Incinerator, Waste Facility",2.0,nan,Y,0.0,0,0,0,0.0,0,0.0,1693654.0,37769.0,1691223.0,0.0,0.0,0.0,2807591.0,0.0
154,Maryland,,143.0,2014,Unspecified,"Waste Facility, Landfill, Waste Facility, Incinerator, Waste Facility",2.0,nan,Y,0.0,0,0,0,0.0,0,0.0,1680588.0,37074.0,1653932.0,0.0,0.0,0.0,2741939.0,0.0
155,Maryland,,144.0,2013,Unspecified,"Waste Facility, Landfill, Waste Facility, Incinerator, Waste Facility",2.0,nan,Y,0.0,0,0,0,0.0,0,0.0,1605804.0,35188.0,1606325.0,0.0,0.0,0.0,2797906.0,0.0
156,Maryland,,145.0,2012,Unspecified,"Waste Facility, Landfill, Waste Facility, Incinerator, Waste Facility",2.0,nan,Y,0.0,0,0,0,0.0,0,0.0,1912757.0,37660.0,1510570.0,0.0,0.0,0.0,2979198.0,0.0
157,Maryland,,146.0,2011,Unspecified,"Waste Facility, Landfill, Waste Facility, Incinerator, Waste Facility",2.0,nan,Y,0.0,0,0,0,0.0,0,0.0,1866475.0,53599.0,1512614.0,0.0,0.0,0.0,3089820.0,0.0
158,Maryland,,147.0,2010,Unspecified,"Waste Facility, Landfill, Waste Facility, Incinerator, Waste Facility",2.0,nan,Y,0.0,0,0,0,0.0,0,0.0,1902685.0,15622.0,1573846.0,0.0,0.0,0.0,2731201.0,0.0
159,Maryland,,148.0,2009,Unspecified,"Waste Facility, Landfill, Waste Facility, Incinerator, Waste Facility",2.0,nan,Y,0.0,0,0,0,0.0,0,0.0,2040065.0,15452.0,1769936.0,0.0,0.0,0.0,2568310.0,0.0
160,Maryland,,149.0,2008,Unspecified,Waste Facility,2.0,nan,Y,0.0,0,0,0,0.0,0,0.0,1774558.0,29542.0,2013567.0,0.0,0.0,0.0,3369057.0,0.0
161,Maryland,,392.0,2010,Unspecified,Unspecified,"2.0, 2.0, 2.0, 2.0, 2.0, 3.0",nan,N,0.0,0,0,0,0.0,0,730376.0,2567027.0,193210.0,1732199.0,0.0,0.0,0.0,972181.0,1578434.0
162,Maryland,,392.0,2013,Unspecified,Unspecified,"2.0, 2.0, 4.0, 2.0, 2.0, 2.0",nan,N,0.0,0,0,0,0.0,0,748250.0,1384636.0,35188.0,1648780.0,0.0,0.0,0.0,995972.0,1631217.0
163,Maryland,,806.0,2022,Unspecified,"Waste Facility, Landfill, Waste Facility, Incinerator, Waste Facility, Waste Facility",2.0,nan,Y,0.0,0,0,0,0.0,0,353044.0,1940470.0,33836.0,2283852.0,0.0,0.0,0.0,2865762.0,0.0
164,Massachusetts,,392.0,2010,Unspecified,Unspecified,"2.0, 2.0, 4.0, 2.0, 2.0, 3.0",nan,N,0.0,0,0,0,0.0,0,691479.0,568157.0,395630.0,1258901.0,0.0,0.0,0.0,1520738.0,4247210.0
165,Massachusetts,,392.0,2013,Unspecified,Unspecified,"2.0, 2.0, 4.0, 2.0, 2.0, 2.0",nan,N,0.0,0,0,0,0.0,0,705129.0,401579.0,424638.0,1455387.0,0.0,0.0,0.0,1550758.0,4348357.0
166,Michigan,Antrim,953.0,2021,"Residential, Commercial",Compost,5.0,nan,N,0.0,0,0,0,0.0,0,41.0,0.0,0.0,0.0,0.0,0.0,0.0,0.0,0.0
167,Michigan,Benzie,953.0,2021,"Residential, Commercial",Compost,5.0,nan,N,0.0,0,0,0,0.0,0,108.0,0.0,0.0,0.0,0.0,0.0,0.0,0.0,0.0
168,Michigan,Charlevoix,953.0,2021,"Residential, Commercial",Compost,5.0,nan,N,0.0,0,0,0,0.0,0,1286.0,0.0,0.0,0.0,0.0,0.0,0.0,0.0,0.0
169,Michigan,Emmet,953.0,2021,"Residential, Commercial",Compost,5.0,nan,N,0.0,0,0,0,0.0,0,1048.0,0.0,0.0,0.0,0.0,0.0,0.0,0.0,0.0
170,Michigan,Grand traverse,953.0,2021,"Residential, Commercial",Compost,5.0,nan,N,0.0,0,0,0,0.0,0,4003.0,0.0,0.0,0.0,0.0,0.0,0.0,0.0,0.0
171,Michigan,Kalkaska,953.0,2021,"Residential, Commercial",Compost,5.0,nan,N,0.0,0,0,0,0.0,0,14.0,0.0,0.0,0.0,0.0,0.0,0.0,0.0,0.0
172,Michigan,Leelanau,953.0,2021,"Residential, Commercial",Compost,5.0,nan,N,0.0,0,0,0,0.0,0,751.0,0.0,0.0,0.0,0.0,0.0,0.0,0.0,0.0
173,Michigan,Manistee,953.0,2021,"Residential, Commercial",Compost,5.0,nan,N,0.0,0,0,0,0.0,0,421.0,0.0,0.0,0.0,0.0,0.0,0.0,0.0,0.0
174,Michigan,Missauke,953.0,2021,"Residential, Commercial",Compost,5.0,nan,N,0.0,0,0,0,0.0,0,1.0,0.0,0.0,0.0,0.0,0.0,0.0,0.0,0.0
175,Michigan,Wexford,953.0,2021,"Residential, Commercial",Compost,5.0,nan,N,0.0,0,0,0,0.0,0,77.0,0.0,0.0,0.0,0.0,0.0,0.0,0.0,0.0
176,Michigan,,392.0,2010,Unspecified,Unspecified,2.0,nan,N,0.0,0,0,0,0.0,0,426632.0,0.0,3043433.0,10252382.0,0.0,0.0,0.0,418762.0,1720000.0
177,Michigan,,392.0,2013,Unspecified,Unspecified,2.0,nan,N,0.0,0,0,0,0.0,0,355133.0,0.0,2687977.0,9979988.0,0.0,0.0,0.0,910691.0,0.0
178,Michigan,,952.0,2023,"Residential, Commercial",Landfill,1.0,nan,N,0.0,0,0,0,0.0,0,0.0,0.0,3746694.28,8426497.35,0.0,0.0,0.0,0.0,0.0
179,Minnesota,Aitkin,804.0,2000,Unspecified,Unspecified,1.0,nan,,0.0,0,0,0,0.0,0,0.0,0.0,0.0,5670.0,0.0,0.0,0.0,2372.0,0.0
180,Minnesota,Aitkin,804.0,2001,Unspecified,Unspecified,1.0,nan,,0.0,0,0,0,0.0,0,0.0,0.0,0.0,7340.0,0.0,0.0,0.0,3339.0,0.0
181,Minnesota,Aitkin,804.0,2002,Unspecified,Unspecified,1.0,nan,,0.0,0,0,0,0.0,0,0.0,0.0,0.0,7479.0,0.0,0.0,0.0,2542.0,0.0
182,Minnesota,Aitkin,804.0,2003,Unspecified,Unspecified,1.0,nan,,0.0,0,0,0,0.0,0,0.0,0.0,0.0,7321.0,0.0,0.0,0.0,3250.0,0.0
183,Minnesota,Aitkin,804.0,2004,Unspecified,Unspecified,1.0,nan,,0.0,0,0,0,0.0,0,0.0,0.0,0.0,7957.0,0.0,0.0,0.0,2544.0,0.0
184,Minnesota,Aitkin,804.0,2005,Unspecified,Unspecified,1.0,nan,,0.0,0,0,0,0.0,0,0.0,0.0,0.0,8046.0,0.0,0.0,0.0,2933.0,0.0
185,Minnesota,Aitkin,804.0,2006,Unspecified,Unspecified,1.0,nan,,0.0,0,0,0,0.0,0,0.0,0.0,0.0,9281.0,0.0,0.0,0.0,2272.0,0.0
186,Minnesota,Aitkin,804.0,2007,Unspecified,Unspecified,1.0,nan,,0.0,0,0,0,0.0,0,0.0,0.0,0.0,9529.0,0.0,0.0,0.0,2558.0,0.0
187,Minnesota,Aitkin,804.0,2008,Unspecified,Unspecified,1.0,nan,,0.0,0,0,0,0.0,0,0.0,0.0,0.0,8386.0,0.0,0.0,0.0,2620.0,0.0
188,Minnesota,Aitkin,804.0,2009,Unspecified,Unspecified,1.0,nan,,0.0,0,0,0,0.0,0,0.0,0.0,0.0,8907.0,0.0,0.0,0.0,2684.0,0.0
189,Minnesota,Aitkin,804.0,2010,Unspecified,Unspecified,1.0,nan,,0.0,0,0,0,0.0,0,0.0,0.0,0.0,9158.0,0.0,0.0,0.0,2314.0,0.0
190,Minnesota,Aitkin,804.0,2011,Unspecified,Unspecified,1.0,nan,,0.0,0,0,0,0.0,0,0.0,0.0,0.0,9241.0,0.0,0.0,0.0,2489.0,0.0
191,Minnesota,Aitkin,804.0,2012,Unspecified,Unspecified,1.0,nan,,0.0,0,0,0,0.0,0,0.0,0.0,0.0,10055.0,0.0,0.0,0.0,2759.0,0.0
192,Minnesota,Aitkin,804.0,2013,Unspecified,Unspecified,1.0,nan,,0.0,0,0,0,0.0,0,0.0,0.0,0.0,8727.0,0.0,0.0,0.0,2892.0,0.0
193,Minnesota,Aitkin,804.0,2014,Unspecified,Unspecified,1.0,nan,,0.0,0,0,0,0.0,0,0.0,0.0,0.0,8828.0,0.0,0.0,0.0,3179.0,0.0
194,Minnesota,Aitkin,804.0,2015,Unspecified,Unspecified,1.0,nan,,0.0,0,0,0,0.0,0,0.0,0.0,0.0,7964.0,0.0,0.0,0.0,2968.0,0.0
195,Minnesota,Aitkin,804.0,2016,Unspecified,Unspecified,1.0,nan,,0.0,0,0,0,0.0,0,0.0,0.0,0.0,9556.0,0.0,0.0,0.0,3305.0,0.0
196,Minnesota,Aitkin,804.0,2017,Unspecified,Unspecified,1.0,nan,,0.0,0,0,0,0.0,0,0.0,0.0,0.0,9213.0,0.0,0.0,0.0,3523.0,0.0
197,Minnesota,Aitkin,804.0,2018,Unspecified,Unspecified,1.0,nan,,0.0,0,0,0,0.0,0,0.0,0.0,0.0,7619.0,0.0,0.0,0.0,3339.0,0.0
198,Minnesota,Aitkin,804.0,2019,Unspecified,Unspecified,1.0,nan,,0.0,0,0,0,0.0,0,0.0,0.0,0.0,8479.0,0.0,0.0,0.0,3739.0,0.0
199,Minnesota,Aitkin,804.0,2020,Unspecified,Unspecified,1.0,nan,,0.0,0,0,0,0.0,0,0.0,0.0,0.0,9777.0,0.0,0.0,0.0,2963.0,0.0
200,Minnesota,Aitkin,804.0,2021,Unspecified,Unspecified,1.0,nan,,0.0,0,0,0,0.0,0,0.0,0.0,0.0,11245.0,0.0,0.0,0.0,3042.0,0.0
201,Minnesota,Aitkin,804.0,2022,Unspecified,Unspecified,1.0,nan,,0.0,0,0,0,0.0,0,0.0,0.0,0.0,8846.0,0.0,0.0,0.0,3301.0,0.0
202,Minnesota,Anoka,804.0,2000,Unspecified,Unspecified,1.0,nan,,0.0,0,0,0,0.0,0,0.0,0.0,0.0,35437.0,0.0,0.0,0.0,128900.0,125531.0
203,Minnesota,Anoka,804.0,2001,Unspecified,Unspecified,1.0,nan,,0.0,0,0,0,0.0,0,0.0,0.0,0.0,41678.0,0.0,0.0,0.0,66334.0,115605.0
204,Minnesota,Anoka,804.0,2002,Unspecified,Unspecified,1.0,nan,,0.0,0,0,0,0.0,0,0.0,0.0,0.0,69356.0,0.0,0.0,0.0,134108.0,120612.0
205,Minnesota,Anoka,804.0,2003,Unspecified,Unspecified,1.0,nan,,0.0,0,0,0,0.0,0,0.0,0.0,0.0,69850.0,0.0,0.0,0.0,62310.0,115322.0
206,Minnesota,Anoka,804.0,2004,Unspecified,Unspecified,1.0,nan,,0.0,0,0,0,0.0,0,0.0,0.0,0.0,51905.0,0.0,0.0,0.0,132904.0,131533.0
207,Minnesota,Anoka,804.0,2005,Unspecified,Unspecified,1.0,nan,,0.0,0,0,0,0.0,0,0.0,0.0,0.0,57614.0,0.0,0.0,0.0,82016.0,129023.0
208,Minnesota,Anoka,804.0,2006,Unspecified,Unspecified,1.0,nan,,0.0,0,0,0,0.0,0,0.0,0.0,0.0,68577.0,0.0,0.0,0.0,143133.0,114432.0
209,Minnesota,Anoka,804.0,2007,Unspecified,Unspecified,1.0,nan,,0.0,0,0,0,0.0,0,0.0,0.0,0.0,61131.0,0.0,0.0,0.0,83835.0,120161.0
210,Minnesota,Anoka,804.0,2008,Unspecified,Unspecified,1.0,nan,,0.0,0,0,0,0.0,0,0.0,0.0,0.0,50023.0,0.0,0.0,0.0,80560.0,129467.0
211,Minnesota,Anoka,804.0,2009,Unspecified,Unspecified,1.0,nan,,0.0,0,0,0,0.0,0,0.0,0.0,0.0,48390.0,0.0,0.0,0.0,73944.0,128974.0
212,Minnesota,Anoka,804.0,2010,Unspecified,Unspecified,1.0,nan,,0.0,0,0,0,0.0,0,0.0,0.0,0.0,58625.0,0.0,0.0,0.0,70746.0,121503.0
213,Minnesota,Anoka,804.0,2011,Unspecified,Unspecified,1.0,nan,,0.0,0,0,0,0.0,0,0.0,0.0,0.0,57282.0,0.0,0.0,0.0,71646.0,128572.0
214,Minnesota,Anoka,804.0,2012,Unspecified,Unspecified,1.0,nan,,0.0,0,0,0,0.0,0,0.0,0.0,0.0,58760.0,0.0,0.0,0.0,82940.0,132462.0
215,Minnesota,Anoka,804.0,2013,Unspecified,Unspecified,1.0,nan,,0.0,0,0,0,0.0,0,0.0,0.0,0.0,64892.0,0.0,0.0,0.0,90766.0,115257.0
216,Minnesota,Anoka,804.0,2014,Unspecified,Unspecified,1.0,nan,,0.0,0,0,0,0.0,0,0.0,0.0,0.0,73039.0,0.0,0.0,0.0,148425.0,107640.0
217,Minnesota,Anoka,804.0,2015,Unspecified,Unspecified,1.0,nan,,0.0,0,0,0,0.0,0,0.0,0.0,0.0,98089.0,0.0,0.0,0.0,166076.0,103357.0
218,Minnesota,Anoka,804.0,2016,Unspecified,Unspecified,1.0,nan,,0.0,0,0,0,0.0,0,0.0,0.0,0.0,94982.0,0.0,0.0,0.0,181241.0,100167.0
219,Minnesota,Anoka,804.0,2017,Unspecified,Unspecified,1.0,nan,,0.0,0,0,0,0.0,0,0.0,0.0,0.0,87954.0,0.0,0.0,0.0,191555.0,117553.0
220,Minnesota,Anoka,804.0,2018,Unspecified,Unspecified,1.0,nan,,0.0,0,0,0,0.0,0,0.0,0.0,0.0,106627.0,0.0,0.0,0.0,199387.0,131623.0
221,Minnesota,Anoka,804.0,2019,Unspecified,Unspecified,1.0,nan,,0.0,0,0,0,0.0,0,0.0,0.0,0.0,181753.0,0.0,0.0,0.0,164781.0,19073.0
222,Minnesota,Anoka,804.0,2020,Unspecified,Unspecified,1.0,nan,,0.0,0,0,0,0.0,0,0.0,0.0,0.0,180560.0,0.0,0.0,0.0,176397.0,16428.0
223,Minnesota,Anoka,804.0,2021,Unspecified,Unspecified,1.0,nan,,0.0,0,0,0,0.0,0,0.0,0.0,0.0,187350.0,0.0,0.0,0.0,198036.0,18508.0
224,Minnesota,Anoka,804.0,2022,Unspecified,Unspecified,1.0,nan,,0.0,0,0,0,0.0,0,0.0,0.0,0.0,200756.0,0.0,0.0,0.0,207705.0,19548.0
225,Minnesota,Becker,804.0,2000,Unspecified,Unspecified,1.0,nan,,0.0,0,0,0,0.0,0,0.0,0.0,0.0,14783.0,0.0,0.0,0.0,4400.0,0.0
226,Minnesota,Becker,804.0,2001,Unspecified,Unspecified,1.0,nan,,0.0,0,0,0,0.0,0,0.0,0.0,0.0,14333.0,0.0,0.0,0.0,3944.0,0.0
227,Minnesota,Becker,804.0,2002,Unspecified,Unspecified,1.0,nan,,0.0,0,0,0,0.0,0,0.0,0.0,0.0,15323.0,0.0,0.0,0.0,3890.0,0.0
228,Minnesota,Becker,804.0,2003,Unspecified,Unspecified,1.0,nan,,0.0,0,0,0,0.0,0,0.0,0.0,0.0,16902.0,0.0,0.0,0.0,4130.0,0.0
229,Minnesota,Becker,804.0,2004,Unspecified,Unspecified,1.0,nan,,0.0,0,0,0,0.0,0,0.0,0.0,0.0,14592.0,0.0,0.0,0.0,3050.0,0.0
230,Minnesota,Becker,804.0,2005,Unspecified,Unspecified,1.0,nan,,0.0,0,0,0,0.0,0,0.0,0.0,0.0,17656.0,0.0,0.0,0.0,8645.0,0.0
231,Minnesota,Becker,804.0,2006,Unspecified,Unspecified,1.0,nan,,0.0,0,0,0,0.0,0,0.0,0.0,0.0,18729.0,0.0,0.0,0.0,8959.0,0.0
232,Minnesota,Becker,804.0,2007,Unspecified,Unspecified,1.0,nan,,0.0,0,0,0,0.0,0,0.0,0.0,0.0,17896.0,0.0,0.0,0.0,7641.0,0.0
233,Minnesota,Becker,804.0,2008,Unspecified,Unspecified,1.0,nan,,0.0,0,0,0,0.0,0,0.0,0.0,0.0,17788.0,0.0,0.0,0.0,7106.0,0.0
234,Minnesota,Becker,804.0,2009,Unspecified,Unspecified,1.0,nan,,0.0,0,0,0,0.0,0,0.0,0.0,0.0,16602.0,0.0,0.0,0.0,7753.0,0.0
235,Minnesota,Becker,804.0,2010,Unspecified,Unspecified,1.0,nan,,0.0,0,0,0,0.0,0,0.0,0.0,0.0,16360.0,0.0,0.0,0.0,5169.0,0.0
236,Minnesota,Becker,804.0,2011,Unspecified,Unspecified,1.0,nan,,0.0,0,0,0,0.0,0,0.0,0.0,0.0,16278.0,0.0,0.0,0.0,5919.0,0.0
237,Minnesota,Becker,804.0,2012,Unspecified,Unspecified,1.0,nan,,0.0,0,0,0,0.0,0,0.0,0.0,0.0,18458.0,0.0,0.0,0.0,8758.0,0.0
238,Minnesota,Becker,804.0,2013,Unspecified,Unspecified,1.0,nan,,0.0,0,0,0,0.0,0,0.0,0.0,0.0,19483.0,0.0,0.0,0.0,7896.0,0.0
239,Minnesota,Becker,804.0,2014,Unspecified,Unspecified,1.0,nan,,0.0,0,0,0,0.0,0,0.0,0.0,0.0,16037.0,0.0,0.0,0.0,15381.0,1792.0
240,Minnesota,Becker,804.0,2015,Unspecified,Unspecified,1.0,nan,,0.0,0,0,0,0.0,0,0.0,0.0,0.0,7196.0,0.0,0.0,0.0,25592.0,11256.0
241,Minnesota,Becker,804.0,2016,Unspecified,Unspecified,1.0,nan,,0.0,0,0,0,0.0,0,0.0,0.0,0.0,9215.0,0.0,0.0,0.0,9298.0,10579.0
242,Minnesota,Becker,804.0,2017,Unspecified,Unspecified,1.0,nan,,0.0,0,0,0,0.0,0,0.0,0.0,0.0,8822.0,0.0,0.0,0.0,12626.0,11541.0
243,Minnesota,Becker,804.0,2018,Unspecified,Unspecified,1.0,nan,,0.0,0,0,0,0.0,0,0.0,0.0,0.0,8563.0,0.0,0.0,0.0,22107.0,11653.0
244,Minnesota,Becker,804.0,2019,Unspecified,Unspecified,1.0,nan,,0.0,0,0,0,0.0,0,0.0,0.0,0.0,9859.0,0.0,0.0,0.0,11916.0,11083.0
245,Minnesota,Becker,804.0,2020,Unspecified,Unspecified,1.0,nan,,0.0,0,0,0,0.0,0,0.0,0.0,0.0,10138.0,0.0,0.0,0.0,9286.0,10789.0
246,Minnesota,Becker,804.0,2021,Unspecified,Unspecified,1.0,nan,,0.0,0,0,0,0.0,0,0.0,0.0,0.0,9900.0,0.0,0.0,0.0,14526.0,10998.0
247,Minnesota,Becker,804.0,2022,Unspecified,Unspecified,1.0,nan,,0.0,0,0,0,0.0,0,0.0,0.0,0.0,9362.0,0.0,0.0,0.0,10039.0,11834.0
248,Minnesota,Beltrami,804.0,2000,Unspecified,Unspecified,1.0,nan,,0.0,0,0,0,0.0,0,0.0,0.0,0.0,8686.0,0.0,0.0,0.0,4129.0,10768.0
249,Minnesota,Beltrami,804.0,2001,Unspecified,Unspecified,1.0,nan,,0.0,0,0,0,0.0,0,0.0,0.0,0.0,8255.0,0.0,0.0,0.0,6273.0,7815.0
250,Minnesota,Beltrami,804.0,2002,Unspecified,Unspecified,1.0,nan,,0.0,0,0,0,0.0,0,0.0,0.0,0.0,9208.0,0.0,0.0,0.0,5474.0,10241.0
251,Minnesota,Beltrami,804.0,2003,Unspecified,Unspecified,1.0,nan,,0.0,0,0,0,0.0,0,0.0,0.0,0.0,9312.0,0.0,0.0,0.0,5877.0,10786.0
252,Minnesota,Beltrami,804.0,2004,Unspecified,Unspecified,1.0,nan,,0.0,0,0,0,0.0,0,0.0,0.0,0.0,9494.0,0.0,0.0,0.0,6201.0,9242.0
253,Minnesota,Beltrami,804.0,2005,Unspecified,Unspecified,1.0,nan,,0.0,0,0,0,0.0,0,0.0,0.0,0.0,11002.0,0.0,0.0,0.0,5053.0,10535.0
254,Minnesota,Beltrami,804.0,2006,Unspecified,Unspecified,1.0,nan,,0.0,0,0,0,0.0,0,0.0,0.0,0.0,9333.0,0.0,0.0,0.0,5522.0,13016.0
255,Minnesota,Beltrami,804.0,2007,Unspecified,Unspecified,1.0,nan,,0.0,0,0,0,0.0,0,0.0,0.0,0.0,12941.0,0.0,0.0,0.0,7019.0,12378.0
256,Minnesota,Beltrami,804.0,2008,Unspecified,Unspecified,1.0,nan,,0.0,0,0,0,0.0,0,0.0,0.0,0.0,12408.0,0.0,0.0,0.0,6320.0,12333.0
257,Minnesota,Beltrami,804.0,2009,Unspecified,Unspecified,1.0,nan,,0.0,0,0,0,0.0,0,0.0,0.0,0.0,10332.0,0.0,0.0,0.0,8621.0,12791.0
258,Minnesota,Beltrami,804.0,2010,Unspecified,Unspecified,1.0,nan,,0.0,0,0,0,0.0,0,0.0,0.0,0.0,9425.0,0.0,0.0,0.0,6629.0,13100.0
259,Minnesota,Beltrami,804.0,2011,Unspecified,Unspecified,1.0,nan,,0.0,0,0,0,0.0,0,0.0,0.0,0.0,8078.0,0.0,0.0,0.0,7386.0,12937.0
260,Minnesota,Beltrami,804.0,2012,Unspecified,Unspecified,1.0,nan,,0.0,0,0,0,0.0,0,0.0,0.0,0.0,8084.0,0.0,0.0,0.0,6381.0,13303.0
261,Minnesota,Beltrami,804.0,2013,Unspecified,Unspecified,1.0,nan,,0.0,0,0,0,0.0,0,0.0,0.0,0.0,8367.0,0.0,0.0,0.0,7452.0,13396.0
262,Minnesota,Beltrami,804.0,2014,Unspecified,Unspecified,1.0,nan,,0.0,0,0,0,0.0,0,0.0,0.0,0.0,8815.0,0.0,0.0,0.0,6016.0,10078.0
263,Minnesota,Beltrami,804.0,2015,Unspecified,Unspecified,1.0,nan,,0.0,0,0,0,0.0,0,0.0,0.0,0.0,12131.0,0.0,0.0,0.0,7778.0,9820.0
264,Minnesota,Beltrami,804.0,2016,Unspecified,Unspecified,1.0,nan,,0.0,0,0,0,0.0,0,0.0,0.0,0.0,12290.0,0.0,0.0,0.0,8706.0,10338.0
265,Minnesota,Beltrami,804.0,2017,Unspecified,Unspecified,1.0,nan,,0.0,0,0,0,0.0,0,0.0,0.0,0.0,14371.0,0.0,0.0,0.0,9641.0,3248.0
266,Minnesota,Beltrami,804.0,2018,Unspecified,Unspecified,1.0,nan,,0.0,0,0,0,0.0,0,0.0,0.0,0.0,15910.0,0.0,0.0,0.0,8220.0,4684.0
267,Minnesota,Beltrami,804.0,2019,Unspecified,Unspecified,1.0,nan,,0.0,0,0,0,0.0,0,0.0,0.0,0.0,13363.0,0.0,0.0,0.0,8542.0,3553.0
268,Minnesota,Beltrami,804.0,2020,Unspecified,Unspecified,1.0,nan,,0.0,0,0,0,0.0,0,0.0,0.0,0.0,13363.0,0.0,0.0,0.0,9667.0,13294.0
269,Minnesota,Beltrami,804.0,2021,Unspecified,Unspecified,1.0,nan,,0.0,0,0,0,0.0,0,0.0,0.0,0.0,11368.0,0.0,0.0,0.0,10862.0,7749.0
270,Minnesota,Beltrami,804.0,2022,Unspecified,Unspecified,1.0,nan,,0.0,0,0,0,0.0,0,0.0,0.0,0.0,11857.0,0.0,0.0,0.0,8657.0,8434.0
271,Minnesota,Benton,804.0,2000,Unspecified,Unspecified,1.0,nan,,0.0,0,0,0,0.0,0,0.0,0.0,0.0,8220.0,0.0,0.0,0.0,22925.0,10012.0
272,Minnesota,Benton,804.0,2001,Unspecified,Unspecified,1.0,nan,,0.0,0,0,0,0.0,0,0.0,0.0,0.0,7446.0,0.0,0.0,0.0,27615.0,12301.0
273,Minnesota,Benton,804.0,2002,Unspecified,Unspecified,1.0,nan,,0.0,0,0,0,0.0,0,0.0,0.0,0.0,7855.0,0.0,0.0,0.0,28508.0,12855.0
274,Minnesota,Benton,804.0,2003,Unspecified,Unspecified,1.0,nan,,0.0,0,0,0,0.0,0,0.0,0.0,0.0,9503.0,0.0,0.0,0.0,26889.0,10429.0
275,Minnesota,Benton,804.0,2004,Unspecified,Unspecified,1.0,nan,,0.0,0,0,0,0.0,0,0.0,0.0,0.0,12056.0,0.0,0.0,0.0,28694.0,10060.0
276,Minnesota,Benton,804.0,2005,Unspecified,Unspecified,1.0,nan,,0.0,0,0,0,0.0,0,0.0,0.0,0.0,8901.0,0.0,0.0,0.0,29828.0,10641.0
277,Minnesota,Benton,804.0,2006,Unspecified,Unspecified,1.0,nan,,0.0,0,0,0,0.0,0,0.0,0.0,0.0,8872.0,0.0,0.0,0.0,29826.0,10247.0
278,Minnesota,Benton,804.0,2007,Unspecified,Unspecified,1.0,nan,,0.0,0,0,0,0.0,0,0.0,0.0,0.0,9740.0,0.0,0.0,0.0,44628.0,10313.0
279,Minnesota,Benton,804.0,2008,Unspecified,Unspecified,1.0,nan,,0.0,0,0,0,0.0,0,0.0,0.0,0.0,11056.0,0.0,0.0,0.0,44976.0,10063.0
280,Minnesota,Benton,804.0,2009,Unspecified,Unspecified,1.0,nan,,0.0,0,0,0,0.0,0,0.0,0.0,0.0,8232.0,0.0,0.0,0.0,22428.0,6939.0
281,Minnesota,Benton,804.0,2010,Unspecified,Unspecified,1.0,nan,,0.0,0,0,0,0.0,0,0.0,0.0,0.0,16429.0,0.0,0.0,0.0,22160.0,609.0
282,Minnesota,Benton,804.0,2011,Unspecified,Unspecified,1.0,nan,,0.0,0,0,0,0.0,0,0.0,0.0,0.0,8432.0,0.0,0.0,0.0,20949.0,5215.0
283,Minnesota,Benton,804.0,2012,Unspecified,Unspecified,1.0,nan,,0.0,0,0,0,0.0,0,0.0,0.0,0.0,6758.0,0.0,0.0,0.0,22428.0,9363.0
284,Minnesota,Benton,804.0,2013,Unspecified,Unspecified,1.0,nan,,0.0,0,0,0,0.0,0,0.0,0.0,0.0,6752.0,0.0,0.0,0.0,18781.0,10503.0
285,Minnesota,Benton,804.0,2014,Unspecified,Unspecified,1.0,nan,,0.0,0,0,0,0.0,0,0.0,0.0,0.0,8257.0,0.0,0.0,0.0,19381.0,10206.0
286,Minnesota,Benton,804.0,2015,Unspecified,Unspecified,1.0,nan,,0.0,0,0,0,0.0,0,0.0,0.0,0.0,8827.0,0.0,0.0,0.0,18433.0,11630.0
287,Minnesota,Benton,804.0,2016,Unspecified,Unspecified,1.0,nan,,0.0,0,0,0,0.0,0,0.0,0.0,0.0,16311.0,0.0,0.0,0.0,19753.0,9934.0
288,Minnesota,Benton,804.0,2017,Unspecified,Unspecified,1.0,nan,,0.0,0,0,0,0.0,0,0.0,0.0,0.0,26519.0,0.0,0.0,0.0,9076.0,10141.0
289,Minnesota,Benton,804.0,2018,Unspecified,Unspecified,1.0,nan,,0.0,0,0,0,0.0,0,0.0,0.0,0.0,17805.0,0.0,0.0,0.0,19974.0,8804.0
290,Minnesota,Benton,804.0,2019,Unspecified,Unspecified,1.0,nan,,0.0,0,0,0,0.0,0,0.0,0.0,0.0,8973.0,0.0,0.0,0.0,16624.0,8460.0
291,Minnesota,Benton,804.0,2020,Unspecified,Unspecified,1.0,nan,,0.0,0,0,0,0.0,0,0.0,0.0,0.0,8473.0,0.0,0.0,0.0,13858.0,10372.0
292,Minnesota,Benton,804.0,2021,Unspecified,Unspecified,1.0,nan,,0.0,0,0,0,0.0,0,0.0,0.0,0.0,10698.0,0.0,0.0,0.0,11056.0,7626.0
293,Minnesota,Benton,804.0,2022,Unspecified,Unspecified,1.0,nan,,0.0,0,0,0,0.0,0,0.0,0.0,0.0,10891.0,0.0,0.0,0.0,13327.0,8130.0
294,Minnesota,Big stone,804.0,2000,Unspecified,Unspecified,1.0,nan,,0.0,0,0,0,0.0,0,0.0,0.0,0.0,2247.0,0.0,0.0,0.0,1022.0,0.0
295,Minnesota,Big stone,804.0,2001,Unspecified,Unspecified,1.0,nan,,0.0,0,0,0,0.0,0,0.0,0.0,0.0,2102.0,0.0,0.0,0.0,602.0,0.0
296,Minnesota,Big stone,804.0,2002,Unspecified,Unspecified,1.0,nan,,0.0,0,0,0,0.0,0,0.0,0.0,0.0,2678.0,0.0,0.0,0.0,608.0,0.0
297,Minnesota,Big stone,804.0,2003,Unspecified,Unspecified,1.0,nan,,0.0,0,0,0,0.0,0,0.0,0.0,0.0,2268.0,0.0,0.0,0.0,1493.0,0.0
298,Minnesota,Big stone,804.0,2004,Unspecified,Unspecified,1.0,nan,,0.0,0,0,0,0.0,0,0.0,0.0,0.0,1787.0,0.0,0.0,0.0,1237.0,0.0
299,Minnesota,Big stone,804.0,2005,Unspecified,Unspecified,1.0,nan,,0.0,0,0,0,0.0,0,0.0,0.0,0.0,2235.0,0.0,0.0,0.0,916.0,0.0
300,Minnesota,Big stone,804.0,2006,Unspecified,Unspecified,1.0,nan,,0.0,0,0,0,0.0,0,0.0,0.0,0.0,2579.0,0.0,0.0,0.0,801.0,0.0
301,Minnesota,Big stone,804.0,2007,Unspecified,Unspecified,1.0,nan,,0.0,0,0,0,0.0,0,0.0,0.0,0.0,2423.0,0.0,0.0,0.0,1147.0,0.0
302,Minnesota,Big stone,804.0,2008,Unspecified,Unspecified,1.0,nan,,0.0,0,0,0,0.0,0,0.0,0.0,0.0,2389.0,0.0,0.0,0.0,1468.0,0.0
303,Minnesota,Big stone,804.0,2009,Unspecified,Unspecified,1.0,nan,,0.0,0,0,0,0.0,0,0.0,0.0,0.0,2296.0,0.0,0.0,0.0,828.0,0.0
304,Minnesota,Big stone,804.0,2010,Unspecified,Unspecified,1.0,nan,,0.0,0,0,0,0.0,0,0.0,0.0,0.0,2112.0,0.0,0.0,0.0,1219.0,0.0
305,Minnesota,Big stone,804.0,2011,Unspecified,Unspecified,1.0,nan,,0.0,0,0,0,0.0,0,0.0,0.0,0.0,1580.0,0.0,0.0,0.0,1057.0,5.0
306,Minnesota,Big stone,804.0,2012,Unspecified,Unspecified,1.0,nan,,0.0,0,0,0,0.0,0,0.0,0.0,0.0,1474.0,0.0,0.0,0.0,1694.0,127.0
307,Minnesota,Big stone,804.0,2013,Unspecified,Unspecified,1.0,nan,,0.0,0,0,0,0.0,0,0.0,0.0,0.0,2056.0,0.0,0.0,0.0,1250.0,151.0
308,Minnesota,Big stone,804.0,2014,Unspecified,Unspecified,1.0,nan,,0.0,0,0,0,0.0,0,0.0,0.0,0.0,1721.0,0.0,0.0,0.0,1279.0,251.0
309,Minnesota,Big stone,804.0,2015,Unspecified,Unspecified,1.0,nan,,0.0,0,0,0,0.0,0,0.0,0.0,0.0,2179.0,0.0,0.0,0.0,819.0,123.0
310,Minnesota,Big stone,804.0,2016,Unspecified,Unspecified,1.0,nan,,0.0,0,0,0,0.0,0,0.0,0.0,0.0,1953.0,0.0,0.0,0.0,734.0,374.0
311,Minnesota,Big stone,804.0,2017,Unspecified,Unspecified,1.0,nan,,0.0,0,0,0,0.0,0,0.0,0.0,0.0,1653.0,0.0,0.0,0.0,746.0,40.0
312,Minnesota,Big stone,804.0,2018,Unspecified,Unspecified,1.0,nan,,0.0,0,0,0,0.0,0,0.0,0.0,0.0,2009.0,0.0,0.0,0.0,1246.0,15.0
313,Minnesota,Big stone,804.0,2019,Unspecified,Unspecified,1.0,nan,,0.0,0,0,0,0.0,0,0.0,0.0,0.0,2370.0,0.0,0.0,0.0,843.0,0.0
314,Minnesota,Big stone,804.0,2020,Unspecified,Unspecified,1.0,nan,,0.0,0,0,0,0.0,0,0.0,0.0,0.0,1746.0,0.0,0.0,0.0,683.0,0.0
315,Minnesota,Big stone,804.0,2021,Unspecified,Unspecified,1.0,nan,,0.0,0,0,0,0.0,0,0.0,0.0,0.0,4809.0,0.0,0.0,0.0,1159.0,0.0
316,Minnesota,Big stone,804.0,2022,Unspecified,Unspecified,1.0,nan,,0.0,0,0,0,0.0,0,0.0,0.0,0.0,2841.0,0.0,0.0,0.0,532.0,0.0
317,Minnesota,Blue earth,804.0,2000,Unspecified,Unspecified,1.0,nan,,0.0,0,0,0,0.0,0,0.0,0.0,0.0,28216.0,0.0,0.0,0.0,37022.0,53554.0
318,Minnesota,Blue earth,804.0,2001,Unspecified,Unspecified,1.0,nan,,0.0,0,0,0,0.0,0,0.0,0.0,0.0,29744.0,0.0,0.0,0.0,37022.0,12943.0
319,Minnesota,Blue earth,804.0,2002,Unspecified,Unspecified,1.0,nan,,0.0,0,0,0,0.0,0,0.0,0.0,0.0,25973.0,0.0,0.0,0.0,36050.0,14284.0
320,Minnesota,Blue earth,804.0,2003,Unspecified,Unspecified,1.0,nan,,0.0,0,0,0,0.0,0,0.0,0.0,0.0,25936.0,0.0,0.0,0.0,49366.0,14935.0
321,Minnesota,Blue earth,804.0,2004,Unspecified,Unspecified,1.0,nan,,0.0,0,0,0,0.0,0,0.0,0.0,0.0,27601.0,0.0,0.0,0.0,44975.0,16935.0
322,Minnesota,Blue earth,804.0,2005,Unspecified,Unspecified,1.0,nan,,0.0,0,0,0,0.0,0,0.0,0.0,0.0,19047.0,0.0,0.0,0.0,49762.0,16873.0
323,Minnesota,Blue earth,804.0,2006,Unspecified,Unspecified,1.0,nan,,0.0,0,0,0,0.0,0,0.0,0.0,0.0,20820.0,0.0,0.0,0.0,49486.0,17028.0
324,Minnesota,Blue earth,804.0,2007,Unspecified,Unspecified,1.0,nan,,0.0,0,0,0,0.0,0,0.0,0.0,0.0,19999.0,0.0,0.0,0.0,53561.0,17021.0
325,Minnesota,Blue earth,804.0,2008,Unspecified,Unspecified,1.0,nan,,0.0,0,0,0,0.0,0,0.0,0.0,0.0,14732.0,0.0,0.0,0.0,63063.0,16767.0
326,Minnesota,Blue earth,804.0,2009,Unspecified,Unspecified,1.0,nan,,0.0,0,0,0,0.0,0,0.0,0.0,0.0,26309.0,0.0,0.0,0.0,56585.0,14892.0
327,Minnesota,Blue earth,804.0,2010,Unspecified,Unspecified,1.0,nan,,0.0,0,0,0,0.0,0,0.0,0.0,0.0,26134.0,0.0,0.0,0.0,45528.0,19880.0
328,Minnesota,Blue earth,804.0,2011,Unspecified,Unspecified,1.0,nan,,0.0,0,0,0,0.0,0,0.0,0.0,0.0,18822.0,0.0,0.0,0.0,47213.0,19933.0
329,Minnesota,Blue earth,804.0,2012,Unspecified,Unspecified,1.0,nan,,0.0,0,0,0,0.0,0,0.0,0.0,0.0,28178.0,0.0,0.0,0.0,48380.0,19581.0
330,Minnesota,Blue earth,804.0,2013,Unspecified,Unspecified,1.0,nan,,0.0,0,0,0,0.0,0,0.0,0.0,0.0,17345.0,0.0,0.0,0.0,41693.0,19972.0
331,Minnesota,Blue earth,804.0,2014,Unspecified,Unspecified,1.0,nan,,0.0,0,0,0,0.0,0,0.0,0.0,0.0,22116.0,0.0,0.0,0.0,42199.0,16529.0
332,Minnesota,Blue earth,804.0,2015,Unspecified,Unspecified,1.0,nan,,0.0,0,0,0,0.0,0,0.0,0.0,0.0,21416.0,0.0,0.0,0.0,39438.0,17354.0
333,Minnesota,Blue earth,804.0,2016,Unspecified,Unspecified,1.0,nan,,0.0,0,0,0,0.0,0,0.0,0.0,0.0,24580.0,0.0,0.0,0.0,47343.0,19877.0
334,Minnesota,Blue earth,804.0,2017,Unspecified,Unspecified,1.0,nan,,0.0,0,0,0,0.0,0,0.0,0.0,0.0,27184.0,0.0,0.0,0.0,41850.0,18155.0
335,Minnesota,Blue earth,804.0,2018,Unspecified,Unspecified,1.0,nan,,0.0,0,0,0,0.0,0,0.0,0.0,0.0,22007.0,0.0,0.0,0.0,47763.0,21054.0
336,Minnesota,Blue earth,804.0,2019,Unspecified,Unspecified,1.0,nan,,0.0,0,0,0,0.0,0,0.0,0.0,0.0,24822.0,0.0,0.0,0.0,23475.0,27837.0
337,Minnesota,Blue earth,804.0,2020,Unspecified,Unspecified,1.0,nan,,0.0,0,0,0,0.0,0,0.0,0.0,0.0,20006.0,0.0,0.0,0.0,24353.0,22278.0
338,Minnesota,Blue earth,804.0,2021,Unspecified,Unspecified,1.0,nan,,0.0,0,0,0,0.0,0,0.0,0.0,0.0,23223.0,0.0,0.0,0.0,32504.0,18464.0
339,Minnesota,Blue earth,804.0,2022,Unspecified,Unspecified,1.0,nan,,0.0,0,0,0,0.0,0,0.0,0.0,0.0,33314.0,0.0,0.0,0.0,49232.0,24020.0
340,Minnesota,Brown,804.0,2000,Unspecified,Unspecified,1.0,nan,,0.0,0,0,0,0.0,0,0.0,0.0,0.0,13970.0,0.0,0.0,0.0,11127.0,10796.0
341,Minnesota,Brown,804.0,2001,Unspecified,Unspecified,1.0,nan,,0.0,0,0,0,0.0,0,0.0,0.0,0.0,13394.0,0.0,0.0,0.0,11127.0,1517.0
342,Minnesota,Brown,804.0,2002,Unspecified,Unspecified,1.0,nan,,0.0,0,0,0,0.0,0,0.0,0.0,0.0,23100.0,0.0,0.0,0.0,14984.0,2612.0
343,Minnesota,Brown,804.0,2003,Unspecified,Unspecified,1.0,nan,,0.0,0,0,0,0.0,0,0.0,0.0,0.0,25488.0,0.0,0.0,0.0,14524.0,2220.0
344,Minnesota,Brown,804.0,2004,Unspecified,Unspecified,1.0,nan,,0.0,0,0,0,0.0,0,0.0,0.0,0.0,26334.0,0.0,0.0,0.0,13764.0,2199.0
345,Minnesota,Brown,804.0,2005,Unspecified,Unspecified,1.0,nan,,0.0,0,0,0,0.0,0,0.0,0.0,0.0,25712.0,0.0,0.0,0.0,15049.0,1304.0
346,Minnesota,Brown,804.0,2006,Unspecified,Unspecified,1.0,nan,,0.0,0,0,0,0.0,0,0.0,0.0,0.0,26400.0,0.0,0.0,0.0,14552.0,1304.0
347,Minnesota,Brown,804.0,2007,Unspecified,Unspecified,1.0,nan,,0.0,0,0,0,0.0,0,0.0,0.0,0.0,25336.0,0.0,0.0,0.0,22777.0,948.0
348,Minnesota,Brown,804.0,2008,Unspecified,Unspecified,1.0,nan,,0.0,0,0,0,0.0,0,0.0,0.0,0.0,22312.0,0.0,0.0,0.0,15905.0,902.0
349,Minnesota,Brown,804.0,2009,Unspecified,Unspecified,1.0,nan,,0.0,0,0,0,0.0,0,0.0,0.0,0.0,20314.0,0.0,0.0,0.0,15924.0,617.0
350,Minnesota,Brown,804.0,2010,Unspecified,Unspecified,1.0,nan,,0.0,0,0,0,0.0,0,0.0,0.0,0.0,19115.0,0.0,0.0,0.0,17312.0,0.0
351,Minnesota,Brown,804.0,2011,Unspecified,Unspecified,1.0,nan,,0.0,0,0,0,0.0,0,0.0,0.0,0.0,23872.0,0.0,0.0,0.0,14658.0,607.0
352,Minnesota,Brown,804.0,2012,Unspecified,Unspecified,1.0,nan,,0.0,0,0,0,0.0,0,0.0,0.0,0.0,23695.0,0.0,0.0,0.0,18809.0,0.0
353,Minnesota,Brown,804.0,2013,Unspecified,Unspecified,1.0,nan,,0.0,0,0,0,0.0,0,0.0,0.0,0.0,23640.0,0.0,0.0,0.0,13754.0,0.0
354,Minnesota,Brown,804.0,2014,Unspecified,Unspecified,1.0,nan,,0.0,0,0,0,0.0,0,0.0,0.0,0.0,29370.0,0.0,0.0,0.0,15125.0,0.0
355,Minnesota,Brown,804.0,2015,Unspecified,Unspecified,1.0,nan,,0.0,0,0,0,0.0,0,0.0,0.0,0.0,24494.0,0.0,0.0,0.0,12613.0,0.0
356,Minnesota,Brown,804.0,2016,Unspecified,Unspecified,1.0,nan,,0.0,0,0,0,0.0,0,0.0,0.0,0.0,25751.0,0.0,0.0,0.0,18094.0,0.0
357,Minnesota,Brown,804.0,2017,Unspecified,Unspecified,1.0,nan,,0.0,0,0,0,0.0,0,0.0,0.0,0.0,26666.0,0.0,0.0,0.0,15694.0,0.0
358,Minnesota,Brown,804.0,2018,Unspecified,Unspecified,1.0,nan,,0.0,0,0,0,0.0,0,0.0,0.0,0.0,23955.0,0.0,0.0,0.0,17494.0,896.0
359,Minnesota,Brown,804.0,2019,Unspecified,Unspecified,1.0,nan,,0.0,0,0,0,0.0,0,0.0,0.0,0.0,25910.0,0.0,0.0,0.0,17709.0,0.0
360,Minnesota,Brown,804.0,2020,Unspecified,Unspecified,1.0,nan,,0.0,0,0,0,0.0,0,0.0,0.0,0.0,26203.0,0.0,0.0,0.0,12677.0,0.0
361,Minnesota,Brown,804.0,2021,Unspecified,Unspecified,1.0,nan,,0.0,0,0,0,0.0,0,0.0,0.0,0.0,30637.0,0.0,0.0,0.0,10905.0,580.0
362,Minnesota,Brown,804.0,2022,Unspecified,Unspecified,1.0,nan,,0.0,0,0,0,0.0,0,0.0,0.0,0.0,23251.0,0.0,0.0,0.0,13462.0,3055.0
363,Minnesota,Carlton,804.0,2000,Unspecified,Unspecified,1.0,nan,,0.0,0,0,0,0.0,0,0.0,0.0,0.0,12004.0,0.0,0.0,0.0,4976.0,7191.0
364,Minnesota,Carlton,804.0,2001,Unspecified,Unspecified,1.0,nan,,0.0,0,0,0,0.0,0,0.0,0.0,0.0,12278.0,0.0,0.0,0.0,4976.0,0.0
365,Minnesota,Carlton,804.0,2002,Unspecified,Unspecified,1.0,nan,,0.0,0,0,0,0.0,0,0.0,0.0,0.0,11427.0,0.0,0.0,0.0,3819.0,0.0
366,Minnesota,Carlton,804.0,2003,Unspecified,Unspecified,1.0,nan,,0.0,0,0,0,0.0,0,0.0,0.0,0.0,11867.0,0.0,0.0,0.0,5693.0,0.0
367,Minnesota,Carlton,804.0,2004,Unspecified,Unspecified,1.0,nan,,0.0,0,0,0,0.0,0,0.0,0.0,0.0,12693.0,0.0,0.0,0.0,5986.0,0.0
368,Minnesota,Carlton,804.0,2005,Unspecified,Unspecified,1.0,nan,,0.0,0,0,0,0.0,0,0.0,0.0,0.0,13060.0,0.0,0.0,0.0,5250.0,0.0
369,Minnesota,Carlton,804.0,2006,Unspecified,Unspecified,1.0,nan,,0.0,0,0,0,0.0,0,0.0,0.0,0.0,13137.0,0.0,0.0,0.0,5213.0,0.0
370,Minnesota,Carlton,804.0,2007,Unspecified,Unspecified,1.0,nan,,0.0,0,0,0,0.0,0,0.0,0.0,0.0,13278.0,0.0,0.0,0.0,4907.0,0.0
371,Minnesota,Carlton,804.0,2008,Unspecified,Unspecified,1.0,nan,,0.0,0,0,0,0.0,0,0.0,0.0,0.0,12602.0,0.0,0.0,0.0,5699.0,0.0
372,Minnesota,Carlton,804.0,2009,Unspecified,Unspecified,1.0,nan,,0.0,0,0,0,0.0,0,0.0,0.0,0.0,12471.0,0.0,0.0,0.0,6190.0,0.0
373,Minnesota,Carlton,804.0,2010,Unspecified,Unspecified,1.0,nan,,0.0,0,0,0,0.0,0,0.0,0.0,0.0,12319.0,0.0,0.0,0.0,6321.0,0.0
374,Minnesota,Carlton,804.0,2011,Unspecified,Unspecified,1.0,nan,,0.0,0,0,0,0.0,0,0.0,0.0,0.0,12180.0,0.0,0.0,0.0,5346.0,0.0
375,Minnesota,Carlton,804.0,2012,Unspecified,Unspecified,1.0,nan,,0.0,0,0,0,0.0,0,0.0,0.0,0.0,11639.0,0.0,0.0,0.0,6380.0,0.0
376,Minnesota,Carlton,804.0,2013,Unspecified,Unspecified,1.0,nan,,0.0,0,0,0,0.0,0,0.0,0.0,0.0,11407.0,0.0,0.0,0.0,5500.0,0.0
377,Minnesota,Carlton,804.0,2014,Unspecified,Unspecified,1.0,nan,,0.0,0,0,0,0.0,0,0.0,0.0,0.0,11483.0,0.0,0.0,0.0,6260.0,0.0
378,Minnesota,Carlton,804.0,2015,Unspecified,Unspecified,1.0,nan,,0.0,0,0,0,0.0,0,0.0,0.0,0.0,11964.0,0.0,0.0,0.0,6764.0,0.0
379,Minnesota,Carlton,804.0,2016,Unspecified,Unspecified,1.0,nan,,0.0,0,0,0,0.0,0,0.0,0.0,0.0,12564.0,0.0,0.0,0.0,6326.0,0.0
380,Minnesota,Carlton,804.0,2017,Unspecified,Unspecified,1.0,nan,,0.0,0,0,0,0.0,0,0.0,0.0,0.0,12865.0,0.0,0.0,0.0,6208.0,0.0
381,Minnesota,Carlton,804.0,2018,Unspecified,Unspecified,1.0,nan,,0.0,0,0,0,0.0,0,0.0,0.0,0.0,13113.0,0.0,0.0,0.0,6386.0,0.0
382,Minnesota,Carlton,804.0,2019,Unspecified,Unspecified,1.0,nan,,0.0,0,0,0,0.0,0,0.0,0.0,0.0,12514.0,0.0,0.0,0.0,5713.0,0.0
383,Minnesota,Carlton,804.0,2020,Unspecified,Unspecified,1.0,nan,,0.0,0,0,0,0.0,0,0.0,0.0,0.0,10670.0,0.0,0.0,0.0,6127.0,0.0
384,Minnesota,Carlton,804.0,2021,Unspecified,Unspecified,1.0,nan,,0.0,0,0,0,0.0,0,0.0,0.0,0.0,17530.0,0.0,0.0,0.0,6327.0,0.0
385,Minnesota,Carlton,804.0,2022,Unspecified,Unspecified,1.0,nan,,0.0,0,0,0,0.0,0,0.0,0.0,0.0,16109.0,0.0,0.0,0.0,6446.0,0.0
386,Minnesota,Carver,804.0,2000,Unspecified,Unspecified,1.0,nan,,0.0,0,0,0,0.0,0,0.0,0.0,0.0,34718.0,0.0,0.0,0.0,27833.0,40811.0
387,Minnesota,Carver,804.0,2001,Unspecified,Unspecified,1.0,nan,,0.0,0,0,0,0.0,0,0.0,0.0,0.0,37166.0,0.0,0.0,0.0,27833.0,3869.0
388,Minnesota,Carver,804.0,2002,Unspecified,Unspecified,1.0,nan,,0.0,0,0,0,0.0,0,0.0,0.0,0.0,49124.0,0.0,0.0,0.0,16778.0,3545.0
389,Minnesota,Carver,804.0,2003,Unspecified,Unspecified,1.0,nan,,0.0,0,0,0,0.0,0,0.0,0.0,0.0,39897.0,0.0,0.0,0.0,23190.0,3633.0
390,Minnesota,Carver,804.0,2004,Unspecified,Unspecified,1.0,nan,,0.0,0,0,0,0.0,0,0.0,0.0,0.0,46835.0,0.0,0.0,0.0,25639.0,1276.0
391,Minnesota,Carver,804.0,2005,Unspecified,Unspecified,1.0,nan,,0.0,0,0,0,0.0,0,0.0,0.0,0.0,50124.0,0.0,0.0,0.0,29906.0,3604.0
392,Minnesota,Carver,804.0,2006,Unspecified,Unspecified,1.0,nan,,0.0,0,0,0,0.0,0,0.0,0.0,0.0,48705.0,0.0,0.0,0.0,36464.0,3977.0
393,Minnesota,Carver,804.0,2007,Unspecified,Unspecified,1.0,nan,,0.0,0,0,0,0.0,0,0.0,0.0,0.0,49945.0,0.0,0.0,0.0,32234.0,3555.0
394,Minnesota,Carver,804.0,2008,Unspecified,Unspecified,1.0,nan,,0.0,0,0,0,0.0,0,0.0,0.0,0.0,43047.0,0.0,0.0,0.0,34377.0,2438.0
395,Minnesota,Carver,804.0,2009,Unspecified,Unspecified,1.0,nan,,0.0,0,0,0,0.0,0,0.0,0.0,0.0,40108.0,0.0,0.0,0.0,29196.0,3659.0
396,Minnesota,Carver,804.0,2010,Unspecified,Unspecified,1.0,nan,,0.0,0,0,0,0.0,0,0.0,0.0,0.0,45639.0,0.0,0.0,0.0,30133.0,4533.0
397,Minnesota,Carver,804.0,2011,Unspecified,Unspecified,1.0,nan,,0.0,0,0,0,0.0,0,0.0,0.0,0.0,43221.0,0.0,0.0,0.0,0.0,4824.0
398,Minnesota,Carver,804.0,2012,Unspecified,Unspecified,1.0,nan,,0.0,0,0,0,0.0,0,0.0,0.0,0.0,44097.0,0.0,0.0,0.0,32783.0,5556.0
399,Minnesota,Carver,804.0,2013,Unspecified,Unspecified,1.0,nan,,0.0,0,0,0,0.0,0,0.0,0.0,0.0,44498.0,0.0,0.0,0.0,34912.0,5012.0
400,Minnesota,Carver,804.0,2014,Unspecified,Unspecified,1.0,nan,,0.0,0,0,0,0.0,0,0.0,0.0,0.0,47734.0,0.0,0.0,0.0,35478.0,3460.0
401,Minnesota,Carver,804.0,2015,Unspecified,Unspecified,1.0,nan,,0.0,0,0,0,0.0,0,0.0,0.0,0.0,47053.0,0.0,0.0,0.0,35144.0,3028.0
402,Minnesota,Carver,804.0,2016,Unspecified,Unspecified,1.0,nan,,0.0,0,0,0,0.0,0,0.0,0.0,0.0,42776.0,0.0,0.0,0.0,35161.0,6665.0
403,Minnesota,Carver,804.0,2017,Unspecified,Unspecified,1.0,nan,,0.0,0,0,0,0.0,0,0.0,0.0,0.0,47032.0,0.0,0.0,0.0,42924.0,4892.0
404,Minnesota,Carver,804.0,2018,Unspecified,Unspecified,1.0,nan,,0.0,0,0,0,0.0,0,0.0,0.0,0.0,48432.0,0.0,0.0,0.0,46590.0,3034.0
405,Minnesota,Carver,804.0,2019,Unspecified,Unspecified,1.0,nan,,0.0,0,0,0,0.0,0,0.0,0.0,0.0,51922.0,0.0,0.0,0.0,47512.0,148.0
406,Minnesota,Carver,804.0,2020,Unspecified,Unspecified,1.0,nan,,0.0,0,0,0,0.0,0,0.0,0.0,0.0,55126.0,0.0,0.0,0.0,49792.0,10.0
407,Minnesota,Carver,804.0,2021,Unspecified,Unspecified,1.0,nan,,0.0,0,0,0,0.0,0,0.0,0.0,0.0,56150.0,0.0,0.0,0.0,48658.0,6.0
408,Minnesota,Carver,804.0,2022,Unspecified,Unspecified,1.0,nan,,0.0,0,0,0,0.0,0,0.0,0.0,0.0,57084.0,0.0,0.0,0.0,43549.0,7.0
409,Minnesota,Cass,804.0,2000,Unspecified,Unspecified,1.0,nan,,0.0,0,0,0,0.0,0,0.0,0.0,0.0,14607.0,0.0,0.0,0.0,7845.0,5201.0
410,Minnesota,Cass,804.0,2001,Unspecified,Unspecified,1.0,nan,,0.0,0,0,0,0.0,0,0.0,0.0,0.0,12570.0,0.0,0.0,0.0,7845.0,0.0
411,Minnesota,Cass,804.0,2002,Unspecified,Unspecified,1.0,nan,,0.0,0,0,0,0.0,0,0.0,0.0,0.0,16251.0,0.0,0.0,0.0,8754.0,0.0
412,Minnesota,Cass,804.0,2003,Unspecified,Unspecified,1.0,nan,,0.0,0,0,0,0.0,0,0.0,0.0,0.0,16242.0,0.0,0.0,0.0,6902.0,0.0
413,Minnesota,Cass,804.0,2004,Unspecified,Unspecified,1.0,nan,,0.0,0,0,0,0.0,0,0.0,0.0,0.0,17058.0,0.0,0.0,0.0,6722.0,0.0
414,Minnesota,Cass,804.0,2005,Unspecified,Unspecified,1.0,nan,,0.0,0,0,0,0.0,0,0.0,0.0,0.0,16821.0,0.0,0.0,0.0,8312.0,0.0
415,Minnesota,Cass,804.0,2006,Unspecified,Unspecified,1.0,nan,,0.0,0,0,0,0.0,0,0.0,0.0,0.0,17365.0,0.0,0.0,0.0,7935.0,0.0
416,Minnesota,Cass,804.0,2007,Unspecified,Unspecified,1.0,nan,,0.0,0,0,0,0.0,0,0.0,0.0,0.0,17481.0,0.0,0.0,0.0,9321.0,0.0
417,Minnesota,Cass,804.0,2008,Unspecified,Unspecified,1.0,nan,,0.0,0,0,0,0.0,0,0.0,0.0,0.0,16293.0,0.0,0.0,0.0,12817.0,0.0
418,Minnesota,Cass,804.0,2009,Unspecified,Unspecified,1.0,nan,,0.0,0,0,0,0.0,0,0.0,0.0,0.0,14199.0,0.0,0.0,0.0,12364.0,0.0
419,Minnesota,Cass,804.0,2010,Unspecified,Unspecified,1.0,nan,,0.0,0,0,0,0.0,0,0.0,0.0,0.0,15500.0,0.0,0.0,0.0,6979.0,0.0
420,Minnesota,Cass,804.0,2011,Unspecified,Unspecified,1.0,nan,,0.0,0,0,0,0.0,0,0.0,0.0,0.0,12030.0,0.0,0.0,0.0,41797.0,0.0
421,Minnesota,Cass,804.0,2012,Unspecified,Unspecified,1.0,nan,,0.0,0,0,0,0.0,0,0.0,0.0,0.0,1925.0,0.0,0.0,0.0,10487.0,10147.0
422,Minnesota,Cass,804.0,2013,Unspecified,Unspecified,1.0,nan,,0.0,0,0,0,0.0,0,0.0,0.0,0.0,12536.0,0.0,0.0,0.0,9263.0,0.0
423,Minnesota,Cass,804.0,2014,Unspecified,Unspecified,1.0,nan,,0.0,0,0,0,0.0,0,0.0,0.0,0.0,12394.0,0.0,0.0,0.0,9135.0,0.0
424,Minnesota,Cass,804.0,2015,Unspecified,Unspecified,1.0,nan,,0.0,0,0,0,0.0,0,0.0,0.0,0.0,11976.0,0.0,0.0,0.0,7591.0,0.0
425,Minnesota,Cass,804.0,2016,Unspecified,Unspecified,1.0,nan,,0.0,0,0,0,0.0,0,0.0,0.0,0.0,13048.0,0.0,0.0,0.0,10004.0,0.0
426,Minnesota,Cass,804.0,2017,Unspecified,Unspecified,1.0,nan,,0.0,0,0,0,0.0,0,0.0,0.0,0.0,13856.0,0.0,0.0,0.0,6638.0,0.0
427,Minnesota,Cass,804.0,2018,Unspecified,Unspecified,1.0,nan,,0.0,0,0,0,0.0,0,0.0,0.0,0.0,13675.0,0.0,0.0,0.0,5633.0,0.0
428,Minnesota,Cass,804.0,2019,Unspecified,Unspecified,1.0,nan,,0.0,0,0,0,0.0,0,0.0,0.0,0.0,14782.0,0.0,0.0,0.0,5145.0,0.0
429,Minnesota,Cass,804.0,2020,Unspecified,Unspecified,1.0,nan,,0.0,0,0,0,0.0,0,0.0,0.0,0.0,16378.0,0.0,0.0,0.0,5885.0,0.0
430,Minnesota,Cass,804.0,2021,Unspecified,Unspecified,1.0,nan,,0.0,0,0,0,0.0,0,0.0,0.0,0.0,18613.0,0.0,0.0,0.0,5006.0,0.0
431,Minnesota,Cass,804.0,2022,Unspecified,Unspecified,1.0,nan,,0.0,0,0,0,0.0,0,0.0,0.0,0.0,19512.0,0.0,0.0,0.0,5373.0,0.0
432,Minnesota,Chippewa,804.0,2000,Unspecified,Unspecified,1.0,nan,,0.0,0,0,0,0.0,0,0.0,0.0,0.0,7605.0,0.0,0.0,0.0,3346.0,2704.0
433,Minnesota,Chippewa,804.0,2001,Unspecified,Unspecified,1.0,nan,,0.0,0,0,0,0.0,0,0.0,0.0,0.0,7952.0,0.0,0.0,0.0,3346.0,0.0
434,Minnesota,Chippewa,804.0,2002,Unspecified,Unspecified,1.0,nan,,0.0,0,0,0,0.0,0,0.0,0.0,0.0,7960.0,0.0,0.0,0.0,3370.0,0.0
435,Minnesota,Chippewa,804.0,2003,Unspecified,Unspecified,1.0,nan,,0.0,0,0,0,0.0,0,0.0,0.0,0.0,7540.0,0.0,0.0,0.0,2537.0,0.0
436,Minnesota,Chippewa,804.0,2004,Unspecified,Unspecified,1.0,nan,,0.0,0,0,0,0.0,0,0.0,0.0,0.0,8097.0,0.0,0.0,0.0,2579.0,0.0
437,Minnesota,Chippewa,804.0,2005,Unspecified,Unspecified,1.0,nan,,0.0,0,0,0,0.0,0,0.0,0.0,0.0,9217.0,0.0,0.0,0.0,2581.0,0.0
438,Minnesota,Chippewa,804.0,2006,Unspecified,Unspecified,1.0,nan,,0.0,0,0,0,0.0,0,0.0,0.0,0.0,8736.0,0.0,0.0,0.0,2757.0,0.0
439,Minnesota,Chippewa,804.0,2007,Unspecified,Unspecified,1.0,nan,,0.0,0,0,0,0.0,0,0.0,0.0,0.0,8793.0,0.0,0.0,0.0,2738.0,0.0
440,Minnesota,Chippewa,804.0,2008,Unspecified,Unspecified,1.0,nan,,0.0,0,0,0,0.0,0,0.0,0.0,0.0,7691.0,0.0,0.0,0.0,2665.0,0.0
441,Minnesota,Chippewa,804.0,2009,Unspecified,Unspecified,1.0,nan,,0.0,0,0,0,0.0,0,0.0,0.0,0.0,7134.0,0.0,0.0,0.0,2894.0,0.0
442,Minnesota,Chippewa,804.0,2010,Unspecified,Unspecified,1.0,nan,,0.0,0,0,0,0.0,0,0.0,0.0,0.0,7820.0,0.0,0.0,0.0,2804.0,0.0
443,Minnesota,Chippewa,804.0,2011,Unspecified,Unspecified,1.0,nan,,0.0,0,0,0,0.0,0,0.0,0.0,0.0,7879.0,0.0,0.0,0.0,2859.0,0.0
444,Minnesota,Chippewa,804.0,2012,Unspecified,Unspecified,1.0,nan,,0.0,0,0,0,0.0,0,0.0,0.0,0.0,7765.0,0.0,0.0,0.0,3767.0,0.0
445,Minnesota,Chippewa,804.0,2013,Unspecified,Unspecified,1.0,nan,,0.0,0,0,0,0.0,0,0.0,0.0,0.0,7772.0,0.0,0.0,0.0,2750.0,0.0
446,Minnesota,Chippewa,804.0,2014,Unspecified,Unspecified,1.0,nan,,0.0,0,0,0,0.0,0,0.0,0.0,0.0,7546.0,0.0,0.0,0.0,2996.0,0.0
447,Minnesota,Chippewa,804.0,2015,Unspecified,Unspecified,1.0,nan,,0.0,0,0,0,0.0,0,0.0,0.0,0.0,7236.0,0.0,0.0,0.0,3107.0,0.0
448,Minnesota,Chippewa,804.0,2016,Unspecified,Unspecified,1.0,nan,,0.0,0,0,0,0.0,0,0.0,0.0,0.0,7412.0,0.0,0.0,0.0,2604.0,0.0
449,Minnesota,Chippewa,804.0,2017,Unspecified,Unspecified,1.0,nan,,0.0,0,0,0,0.0,0,0.0,0.0,0.0,7896.0,0.0,0.0,0.0,3208.0,0.0
450,Minnesota,Chippewa,804.0,2018,Unspecified,Unspecified,1.0,nan,,0.0,0,0,0,0.0,0,0.0,0.0,0.0,8064.0,0.0,0.0,0.0,2639.0,0.0
451,Minnesota,Chippewa,804.0,2019,Unspecified,Unspecified,1.0,nan,,0.0,0,0,0,0.0,0,0.0,0.0,0.0,8118.0,0.0,0.0,0.0,3524.0,0.0
452,Minnesota,Chippewa,804.0,2020,Unspecified,Unspecified,1.0,nan,,0.0,0,0,0,0.0,0,0.0,0.0,0.0,10472.0,0.0,0.0,0.0,2488.0,0.0
453,Minnesota,Chippewa,804.0,2021,Unspecified,Unspecified,1.0,nan,,0.0,0,0,0,0.0,0,0.0,0.0,0.0,11425.0,0.0,0.0,0.0,2077.0,0.0
454,Minnesota,Chippewa,804.0,2022,Unspecified,Unspecified,1.0,nan,,0.0,0,0,0,0.0,0,0.0,0.0,0.0,11382.0,0.0,0.0,0.0,2462.0,0.0
455,Minnesota,Chisago,804.0,2000,Unspecified,Unspecified,1.0,nan,,0.0,0,0,0,0.0,0,0.0,0.0,0.0,18770.0,0.0,0.0,0.0,0.0,0.0
456,Minnesota,Chisago,804.0,2001,Unspecified,Unspecified,1.0,nan,,0.0,0,0,0,0.0,0,0.0,0.0,0.0,19778.0,0.0,0.0,0.0,0.0,0.0
457,Minnesota,Chisago,804.0,2002,Unspecified,Unspecified,1.0,nan,,0.0,0,0,0,0.0,0,0.0,0.0,0.0,20138.0,0.0,0.0,0.0,0.0,0.0
458,Minnesota,Chisago,804.0,2003,Unspecified,Unspecified,1.0,nan,,0.0,0,0,0,0.0,0,0.0,0.0,0.0,19894.0,0.0,0.0,0.0,0.0,0.0
459,Minnesota,Chisago,804.0,2004,Unspecified,Unspecified,1.0,nan,,0.0,0,0,0,0.0,0,0.0,0.0,0.0,24548.0,0.0,0.0,0.0,0.0,0.0
460,Minnesota,Chisago,804.0,2005,Unspecified,Unspecified,1.0,nan,,0.0,0,0,0,0.0,0,0.0,0.0,0.0,24343.0,0.0,0.0,0.0,0.0,0.0
461,Minnesota,Chisago,804.0,2006,Unspecified,Unspecified,1.0,nan,,0.0,0,0,0,0.0,0,0.0,0.0,0.0,23377.0,0.0,0.0,0.0,0.0,0.0
462,Minnesota,Chisago,804.0,2007,Unspecified,Unspecified,1.0,nan,,0.0,0,0,0,0.0,0,0.0,0.0,0.0,23803.0,0.0,0.0,0.0,0.0,0.0
463,Minnesota,Chisago,804.0,2008,Unspecified,Unspecified,1.0,nan,,0.0,0,0,0,0.0,0,0.0,0.0,0.0,22545.0,0.0,0.0,0.0,0.0,0.0
464,Minnesota,Chisago,804.0,2009,Unspecified,Unspecified,1.0,nan,,0.0,0,0,0,0.0,0,0.0,0.0,0.0,21960.0,0.0,0.0,0.0,0.0,0.0
465,Minnesota,Chisago,804.0,2010,Unspecified,Unspecified,1.0,nan,,0.0,0,0,0,0.0,0,0.0,0.0,0.0,21924.0,0.0,0.0,0.0,0.0,0.0
466,Minnesota,Chisago,804.0,2011,Unspecified,Unspecified,1.0,nan,,0.0,0,0,0,0.0,0,0.0,0.0,0.0,24804.0,0.0,0.0,0.0,0.0,0.0
467,Minnesota,Chisago,804.0,2012,Unspecified,Unspecified,1.0,nan,,0.0,0,0,0,0.0,0,0.0,0.0,0.0,24410.0,0.0,0.0,0.0,0.0,0.0
468,Minnesota,Chisago,804.0,2013,Unspecified,Unspecified,1.0,nan,,0.0,0,0,0,0.0,0,0.0,0.0,0.0,24467.0,0.0,0.0,0.0,0.0,0.0
469,Minnesota,Chisago,804.0,2014,Unspecified,Unspecified,1.0,nan,,0.0,0,0,0,0.0,0,0.0,0.0,0.0,27145.0,0.0,0.0,0.0,0.0,0.0
470,Minnesota,Chisago,804.0,2015,Unspecified,Unspecified,1.0,nan,,0.0,0,0,0,0.0,0,0.0,0.0,0.0,28366.0,0.0,0.0,0.0,0.0,0.0
471,Minnesota,Chisago,804.0,2016,Unspecified,Unspecified,1.0,nan,,0.0,0,0,0,0.0,0,0.0,0.0,0.0,30450.0,0.0,0.0,0.0,0.0,0.0
472,Minnesota,Chisago,804.0,2017,Unspecified,Unspecified,1.0,nan,,0.0,0,0,0,0.0,0,0.0,0.0,0.0,30367.0,0.0,0.0,0.0,0.0,0.0
473,Minnesota,Chisago,804.0,2018,Unspecified,Unspecified,1.0,nan,,0.0,0,0,0,0.0,0,0.0,0.0,0.0,34384.0,0.0,0.0,0.0,0.0,0.0
474,Minnesota,Chisago,804.0,2019,Unspecified,Unspecified,1.0,nan,,0.0,0,0,0,0.0,0,0.0,0.0,0.0,35306.0,0.0,0.0,0.0,0.0,0.0
475,Minnesota,Chisago,804.0,2020,Unspecified,Unspecified,1.0,nan,,0.0,0,0,0,0.0,0,0.0,0.0,0.0,37048.0,0.0,0.0,0.0,0.0,0.0
476,Minnesota,Chisago,804.0,2021,Unspecified,Unspecified,1.0,nan,,0.0,0,0,0,0.0,0,0.0,0.0,0.0,38922.0,0.0,0.0,0.0,0.0,0.0
477,Minnesota,Chisago,804.0,2022,Unspecified,Unspecified,1.0,nan,,0.0,0,0,0,0.0,0,0.0,0.0,0.0,34543.0,0.0,0.0,0.0,0.0,0.0
478,Minnesota,Clay,804.0,2000,Unspecified,Unspecified,1.0,nan,,0.0,0,0,0,0.0,0,0.0,0.0,0.0,24777.0,0.0,0.0,0.0,7537.0,6205.0
479,Minnesota,Clay,804.0,2001,Unspecified,Unspecified,1.0,nan,,0.0,0,0,0,0.0,0,0.0,0.0,0.0,23243.0,0.0,0.0,0.0,7537.0,3597.0
480,Minnesota,Clay,804.0,2002,Unspecified,Unspecified,1.0,nan,,0.0,0,0,0,0.0,0,0.0,0.0,0.0,24982.0,0.0,0.0,0.0,6877.0,2632.0
481,Minnesota,Clay,804.0,2003,Unspecified,Unspecified,1.0,nan,,0.0,0,0,0,0.0,0,0.0,0.0,0.0,27597.0,0.0,0.0,0.0,8064.0,2739.0
482,Minnesota,Clay,804.0,2004,Unspecified,Unspecified,1.0,nan,,0.0,0,0,0,0.0,0,0.0,0.0,0.0,28079.0,0.0,0.0,0.0,7694.0,2873.0
483,Minnesota,Clay,804.0,2005,Unspecified,Unspecified,1.0,nan,,0.0,0,0,0,0.0,0,0.0,0.0,0.0,27693.0,0.0,0.0,0.0,7556.0,3153.0
484,Minnesota,Clay,804.0,2006,Unspecified,Unspecified,1.0,nan,,0.0,0,0,0,0.0,0,0.0,0.0,0.0,27271.0,0.0,0.0,0.0,7183.0,3113.0
485,Minnesota,Clay,804.0,2007,Unspecified,Unspecified,1.0,nan,,0.0,0,0,0,0.0,0,0.0,0.0,0.0,27782.0,0.0,0.0,0.0,8215.0,3030.0
486,Minnesota,Clay,804.0,2008,Unspecified,Unspecified,1.0,nan,,0.0,0,0,0,0.0,0,0.0,0.0,0.0,27157.0,0.0,0.0,0.0,14195.0,2926.0
487,Minnesota,Clay,804.0,2009,Unspecified,Unspecified,1.0,nan,,0.0,0,0,0,0.0,0,0.0,0.0,0.0,31434.0,0.0,0.0,0.0,16238.0,2508.0
488,Minnesota,Clay,804.0,2010,Unspecified,Unspecified,1.0,nan,,0.0,0,0,0,0.0,0,0.0,0.0,0.0,29361.0,0.0,0.0,0.0,15220.0,2496.0
489,Minnesota,Clay,804.0,2011,Unspecified,Unspecified,1.0,nan,,0.0,0,0,0,0.0,0,0.0,0.0,0.0,29637.0,0.0,0.0,0.0,13601.0,2724.0
490,Minnesota,Clay,804.0,2012,Unspecified,Unspecified,1.0,nan,,0.0,0,0,0,0.0,0,0.0,0.0,0.0,29383.0,0.0,0.0,0.0,13818.0,2508.0
491,Minnesota,Clay,804.0,2013,Unspecified,Unspecified,1.0,nan,,0.0,0,0,0,0.0,0,0.0,0.0,0.0,31573.0,0.0,0.0,0.0,5739.0,3060.0
492,Minnesota,Clay,804.0,2014,Unspecified,Unspecified,1.0,nan,,0.0,0,0,0,0.0,0,0.0,0.0,0.0,22926.0,0.0,0.0,0.0,12067.0,7746.0
493,Minnesota,Clay,804.0,2015,Unspecified,Unspecified,1.0,nan,,0.0,0,0,0,0.0,0,0.0,0.0,0.0,17794.0,0.0,0.0,0.0,11742.0,9137.0
494,Minnesota,Clay,804.0,2016,Unspecified,Unspecified,1.0,nan,,0.0,0,0,0,0.0,0,0.0,0.0,0.0,19593.0,0.0,0.0,0.0,10145.0,13722.0
495,Minnesota,Clay,804.0,2017,Unspecified,Unspecified,1.0,nan,,0.0,0,0,0,0.0,0,0.0,0.0,0.0,29427.0,0.0,0.0,0.0,10118.0,11405.0
496,Minnesota,Clay,804.0,2018,Unspecified,Unspecified,1.0,nan,,0.0,0,0,0,0.0,0,0.0,0.0,0.0,30815.0,0.0,0.0,0.0,9853.0,10799.0
497,Minnesota,Clay,804.0,2019,Unspecified,Unspecified,1.0,nan,,0.0,0,0,0,0.0,0,0.0,0.0,0.0,38099.0,0.0,0.0,0.0,10574.0,10650.0
498,Minnesota,Clay,804.0,2020,Unspecified,Unspecified,1.0,nan,,0.0,0,0,0,0.0,0,0.0,0.0,0.0,38100.0,0.0,0.0,0.0,9389.0,11664.0
499,Minnesota,Clay,804.0,2021,Unspecified,Unspecified,1.0,nan,,0.0,0,0,0,0.0,0,0.0,0.0,0.0,48508.0,0.0,0.0,0.0,7899.0,11558.0
500,Minnesota,Clay,804.0,2022,Unspecified,Unspecified,1.0,nan,,0.0,0,0,0,0.0,0,0.0,0.0,0.0,34655.0,0.0,0.0,0.0,5687.0,9574.0
501,Minnesota,Clearwater,804.0,2000,Unspecified,Unspecified,1.0,nan,,0.0,0,0,0,0.0,0,0.0,0.0,0.0,0.0,0.0,0.0,0.0,0.0,0.0
502,Minnesota,Cook,804.0,2000,Unspecified,Unspecified,1.0,nan,,0.0,0,0,0,0.0,0,0.0,0.0,0.0,3211.0,0.0,0.0,0.0,1210.0,0.0
503,Minnesota,Cook,804.0,2001,Unspecified,Unspecified,1.0,nan,,0.0,0,0,0,0.0,0,0.0,0.0,0.0,3339.0,0.0,0.0,0.0,1304.0,0.0
504,Minnesota,Cook,804.0,2002,Unspecified,Unspecified,1.0,nan,,0.0,0,0,0,0.0,0,0.0,0.0,0.0,3399.0,0.0,0.0,0.0,1180.0,0.0
505,Minnesota,Cook,804.0,2003,Unspecified,Unspecified,1.0,nan,,0.0,0,0,0,0.0,0,0.0,0.0,0.0,3638.0,0.0,0.0,0.0,1249.0,0.0
506,Minnesota,Cook,804.0,2004,Unspecified,Unspecified,1.0,nan,,0.0,0,0,0,0.0,0,0.0,0.0,0.0,4021.0,0.0,0.0,0.0,1334.0,0.0
507,Minnesota,Cook,804.0,2005,Unspecified,Unspecified,1.0,nan,,0.0,0,0,0,0.0,0,0.0,0.0,0.0,4481.0,0.0,0.0,0.0,1355.0,0.0
508,Minnesota,Cook,804.0,2006,Unspecified,Unspecified,1.0,nan,,0.0,0,0,0,0.0,0,0.0,0.0,0.0,4745.0,0.0,0.0,0.0,1222.0,0.0
509,Minnesota,Cook,804.0,2007,Unspecified,Unspecified,1.0,nan,,0.0,0,0,0,0.0,0,0.0,0.0,0.0,4760.0,0.0,0.0,0.0,1498.0,0.0
510,Minnesota,Cook,804.0,2008,Unspecified,Unspecified,1.0,nan,,0.0,0,0,0,0.0,0,0.0,0.0,0.0,5006.0,0.0,0.0,0.0,1129.0,0.0
511,Minnesota,Cook,804.0,2009,Unspecified,Unspecified,1.0,nan,,0.0,0,0,0,0.0,0,0.0,0.0,0.0,4018.0,0.0,0.0,0.0,1019.0,0.0
512,Minnesota,Cook,804.0,2010,Unspecified,Unspecified,1.0,nan,,0.0,0,0,0,0.0,0,0.0,0.0,0.0,3463.0,0.0,0.0,0.0,1002.0,0.0
513,Minnesota,Cook,804.0,2011,Unspecified,Unspecified,1.0,nan,,0.0,0,0,0,0.0,0,0.0,0.0,0.0,3613.0,0.0,0.0,0.0,1022.0,0.0
514,Minnesota,Cook,804.0,2012,Unspecified,Unspecified,1.0,nan,,0.0,0,0,0,0.0,0,0.0,0.0,0.0,3636.0,0.0,0.0,0.0,1103.0,0.0
515,Minnesota,Cook,804.0,2013,Unspecified,Unspecified,1.0,nan,,0.0,0,0,0,0.0,0,0.0,0.0,0.0,3157.0,0.0,0.0,0.0,979.0,0.0
516,Minnesota,Cook,804.0,2014,Unspecified,Unspecified,1.0,nan,,0.0,0,0,0,0.0,0,0.0,0.0,0.0,2641.0,0.0,0.0,0.0,1066.0,0.0
517,Minnesota,Cook,804.0,2015,Unspecified,Unspecified,1.0,nan,,0.0,0,0,0,0.0,0,0.0,0.0,0.0,3096.0,0.0,0.0,0.0,1015.0,0.0
518,Minnesota,Cook,804.0,2016,Unspecified,Unspecified,1.0,nan,,0.0,0,0,0,0.0,0,0.0,0.0,0.0,3249.0,0.0,0.0,0.0,1087.0,0.0
519,Minnesota,Cook,804.0,2017,Unspecified,Unspecified,1.0,nan,,0.0,0,0,0,0.0,0,0.0,0.0,0.0,4175.0,0.0,0.0,0.0,990.0,0.0
520,Minnesota,Cook,804.0,2018,Unspecified,Unspecified,1.0,nan,,0.0,0,0,0,0.0,0,0.0,0.0,0.0,3466.0,0.0,0.0,0.0,1034.0,0.0
521,Minnesota,Cook,804.0,2019,Unspecified,Unspecified,1.0,nan,,0.0,0,0,0,0.0,0,0.0,0.0,0.0,3606.0,0.0,0.0,0.0,955.0,0.0
522,Minnesota,Cook,804.0,2020,Unspecified,Unspecified,1.0,nan,,0.0,0,0,0,0.0,0,0.0,0.0,0.0,3065.0,0.0,0.0,0.0,810.0,0.0
523,Minnesota,Cook,804.0,2021,Unspecified,Unspecified,1.0,nan,,0.0,0,0,0,0.0,0,0.0,0.0,0.0,3188.0,0.0,0.0,0.0,907.0,0.0
524,Minnesota,Cook,804.0,2022,Unspecified,Unspecified,1.0,nan,,0.0,0,0,0,0.0,0,0.0,0.0,0.0,3180.0,0.0,0.0,0.0,844.0,0.0
525,Minnesota,Cottonwood,804.0,2000,Unspecified,Unspecified,1.0,nan,,0.0,0,0,0,0.0,0,0.0,0.0,0.0,5132.0,0.0,0.0,0.0,4604.0,0.0
526,Minnesota,Cottonwood,804.0,2001,Unspecified,Unspecified,1.0,nan,,0.0,0,0,0,0.0,0,0.0,0.0,0.0,6456.0,0.0,0.0,0.0,4902.0,0.0
527,Minnesota,Cottonwood,804.0,2002,Unspecified,Unspecified,1.0,nan,,0.0,0,0,0,0.0,0,0.0,0.0,0.0,6094.0,0.0,0.0,0.0,2551.0,0.0
528,Minnesota,Cottonwood,804.0,2003,Unspecified,Unspecified,1.0,nan,,0.0,0,0,0,0.0,0,0.0,0.0,0.0,5401.0,0.0,0.0,0.0,4005.0,0.0
529,Minnesota,Cottonwood,804.0,2004,Unspecified,Unspecified,1.0,nan,,0.0,0,0,0,0.0,0,0.0,0.0,0.0,5792.0,0.0,0.0,0.0,2409.0,0.0
530,Minnesota,Cottonwood,804.0,2005,Unspecified,Unspecified,1.0,nan,,0.0,0,0,0,0.0,0,0.0,0.0,0.0,6213.0,0.0,0.0,0.0,3728.0,0.0
531,Minnesota,Cottonwood,804.0,2006,Unspecified,Unspecified,1.0,nan,,0.0,0,0,0,0.0,0,0.0,0.0,0.0,5601.0,0.0,0.0,0.0,5920.0,0.0
532,Minnesota,Cottonwood,804.0,2007,Unspecified,Unspecified,1.0,nan,,0.0,0,0,0,0.0,0,0.0,0.0,0.0,6297.0,0.0,0.0,0.0,6289.0,0.0
533,Minnesota,Cottonwood,804.0,2008,Unspecified,Unspecified,1.0,nan,,0.0,0,0,0,0.0,0,0.0,0.0,0.0,5890.0,0.0,0.0,0.0,4392.0,0.0
534,Minnesota,Cottonwood,804.0,2009,Unspecified,Unspecified,1.0,nan,,0.0,0,0,0,0.0,0,0.0,0.0,0.0,6044.0,0.0,0.0,0.0,3682.0,0.0
535,Minnesota,Cottonwood,804.0,2010,Unspecified,Unspecified,1.0,nan,,0.0,0,0,0,0.0,0,0.0,0.0,0.0,7559.0,0.0,0.0,0.0,3332.0,0.0
536,Minnesota,Cottonwood,804.0,2011,Unspecified,Unspecified,1.0,nan,,0.0,0,0,0,0.0,0,0.0,0.0,0.0,8593.0,0.0,0.0,0.0,2934.0,0.0
537,Minnesota,Cottonwood,804.0,2012,Unspecified,Unspecified,1.0,nan,,0.0,0,0,0,0.0,0,0.0,0.0,0.0,7738.0,0.0,0.0,0.0,2068.0,0.0
538,Minnesota,Cottonwood,804.0,2013,Unspecified,Unspecified,1.0,nan,,0.0,0,0,0,0.0,0,0.0,0.0,0.0,7915.0,0.0,0.0,0.0,1662.0,0.0
539,Minnesota,Cottonwood,804.0,2014,Unspecified,Unspecified,1.0,nan,,0.0,0,0,0,0.0,0,0.0,0.0,0.0,8336.0,0.0,0.0,0.0,1405.0,0.0
540,Minnesota,Cottonwood,804.0,2015,Unspecified,Unspecified,1.0,nan,,0.0,0,0,0,0.0,0,0.0,0.0,0.0,8938.0,0.0,0.0,0.0,1383.0,0.0
541,Minnesota,Cottonwood,804.0,2016,Unspecified,Unspecified,1.0,nan,,0.0,0,0,0,0.0,0,0.0,0.0,0.0,9868.0,0.0,0.0,0.0,1363.0,0.0
542,Minnesota,Cottonwood,804.0,2017,Unspecified,Unspecified,1.0,nan,,0.0,0,0,0,0.0,0,0.0,0.0,0.0,9739.0,0.0,0.0,0.0,1525.0,0.0
543,Minnesota,Cottonwood,804.0,2018,Unspecified,Unspecified,1.0,nan,,0.0,0,0,0,0.0,0,0.0,0.0,0.0,9813.0,0.0,0.0,0.0,3041.0,0.0
544,Minnesota,Cottonwood,804.0,2019,Unspecified,Unspecified,1.0,nan,,0.0,0,0,0,0.0,0,0.0,0.0,0.0,9694.0,0.0,0.0,0.0,1433.0,0.0
545,Minnesota,Cottonwood,804.0,2020,Unspecified,Unspecified,1.0,nan,,0.0,0,0,0,0.0,0,0.0,0.0,0.0,8856.0,0.0,0.0,0.0,1373.0,0.0
546,Minnesota,Cottonwood,804.0,2021,Unspecified,Unspecified,1.0,nan,,0.0,0,0,0,0.0,0,0.0,0.0,0.0,10191.0,0.0,0.0,0.0,1168.0,0.0
547,Minnesota,Cottonwood,804.0,2022,Unspecified,Unspecified,1.0,nan,,0.0,0,0,0,0.0,0,0.0,0.0,0.0,10364.0,0.0,0.0,0.0,1372.0,0.0
548,Minnesota,Crow wing,804.0,2000,Unspecified,Unspecified,1.0,nan,,0.0,0,0,0,0.0,0,0.0,0.0,0.0,36345.0,0.0,0.0,0.0,35081.0,0.0
549,Minnesota,Crow wing,804.0,2001,Unspecified,Unspecified,1.0,nan,,0.0,0,0,0,0.0,0,0.0,0.0,0.0,41236.0,0.0,0.0,0.0,32657.0,0.0
550,Minnesota,Crow wing,804.0,2002,Unspecified,Unspecified,1.0,nan,,0.0,0,0,0,0.0,0,0.0,0.0,0.0,41917.0,0.0,0.0,0.0,33181.0,0.0
551,Minnesota,Crow wing,804.0,2003,Unspecified,Unspecified,1.0,nan,,0.0,0,0,0,0.0,0,0.0,0.0,0.0,42241.0,0.0,0.0,0.0,33968.0,0.0
552,Minnesota,Crow wing,804.0,2004,Unspecified,Unspecified,1.0,nan,,0.0,0,0,0,0.0,0,0.0,0.0,0.0,41981.0,0.0,0.0,0.0,40583.0,0.0
553,Minnesota,Crow wing,804.0,2005,Unspecified,Unspecified,1.0,nan,,0.0,0,0,0,0.0,0,0.0,0.0,0.0,43128.0,0.0,0.0,0.0,45562.0,0.0
554,Minnesota,Crow wing,804.0,2006,Unspecified,Unspecified,1.0,nan,,0.0,0,0,0,0.0,0,0.0,0.0,0.0,40478.0,0.0,0.0,0.0,47478.0,0.0
555,Minnesota,Crow wing,804.0,2007,Unspecified,Unspecified,1.0,nan,,0.0,0,0,0,0.0,0,0.0,0.0,0.0,39625.0,0.0,0.0,0.0,48265.0,0.0
556,Minnesota,Crow wing,804.0,2008,Unspecified,Unspecified,1.0,nan,,0.0,0,0,0,0.0,0,0.0,0.0,0.0,37025.0,0.0,0.0,0.0,38940.0,0.0
557,Minnesota,Crow wing,804.0,2009,Unspecified,Unspecified,1.0,nan,,0.0,0,0,0,0.0,0,0.0,0.0,0.0,35545.0,0.0,0.0,0.0,25613.0,0.0
558,Minnesota,Crow wing,804.0,2010,Unspecified,Unspecified,1.0,nan,,0.0,0,0,0,0.0,0,0.0,0.0,0.0,35558.0,0.0,0.0,0.0,27565.0,0.0
559,Minnesota,Crow wing,804.0,2011,Unspecified,Unspecified,1.0,nan,,0.0,0,0,0,0.0,0,0.0,0.0,0.0,35933.0,0.0,0.0,0.0,28491.0,0.0
560,Minnesota,Crow wing,804.0,2012,Unspecified,Unspecified,1.0,nan,,0.0,0,0,0,0.0,0,0.0,0.0,0.0,36563.0,0.0,0.0,0.0,31708.0,0.0
561,Minnesota,Crow wing,804.0,2013,Unspecified,Unspecified,1.0,nan,,0.0,0,0,0,0.0,0,0.0,0.0,0.0,38286.0,0.0,0.0,0.0,30770.0,0.0
562,Minnesota,Crow wing,804.0,2014,Unspecified,Unspecified,1.0,nan,,0.0,0,0,0,0.0,0,0.0,0.0,0.0,43927.0,0.0,0.0,0.0,44936.0,0.0
563,Minnesota,Crow wing,804.0,2015,Unspecified,Unspecified,1.0,nan,,0.0,0,0,0,0.0,0,0.0,0.0,0.0,46704.0,0.0,0.0,0.0,43360.0,0.0
564,Minnesota,Crow wing,804.0,2016,Unspecified,Unspecified,1.0,nan,,0.0,0,0,0,0.0,0,0.0,0.0,0.0,49271.0,0.0,0.0,0.0,45491.0,0.0
565,Minnesota,Crow wing,804.0,2017,Unspecified,Unspecified,1.0,nan,,0.0,0,0,0,0.0,0,0.0,0.0,0.0,46776.0,0.0,0.0,0.0,62005.0,0.0
566,Minnesota,Crow wing,804.0,2018,Unspecified,Unspecified,1.0,nan,,0.0,0,0,0,0.0,0,0.0,0.0,0.0,46776.0,0.0,0.0,0.0,34816.0,0.0
567,Minnesota,Crow wing,804.0,2019,Unspecified,Unspecified,1.0,nan,,0.0,0,0,0,0.0,0,0.0,0.0,0.0,47291.0,0.0,0.0,0.0,39126.0,0.0
568,Minnesota,Crow wing,804.0,2020,Unspecified,Unspecified,1.0,nan,,0.0,0,0,0,0.0,0,0.0,0.0,0.0,47803.0,0.0,0.0,0.0,63545.0,0.0
569,Minnesota,Crow wing,804.0,2021,Unspecified,Unspecified,1.0,nan,,0.0,0,0,0,0.0,0,0.0,0.0,0.0,46095.0,0.0,0.0,0.0,47134.0,0.0
570,Minnesota,Crow wing,804.0,2022,Unspecified,Unspecified,1.0,nan,,0.0,0,0,0,0.0,0,0.0,0.0,0.0,45646.0,0.0,0.0,0.0,24463.0,0.0
571,Minnesota,Dakota,804.0,2000,Unspecified,Unspecified,1.0,nan,,0.0,0,0,0,0.0,0,0.0,0.0,0.0,207086.0,0.0,0.0,0.0,113006.0,7601.0
572,Minnesota,Dakota,804.0,2001,Unspecified,Unspecified,1.0,nan,,0.0,0,0,0,0.0,0,0.0,0.0,0.0,215961.0,0.0,0.0,0.0,61998.0,10873.0
573,Minnesota,Dakota,804.0,2002,Unspecified,Unspecified,1.0,nan,,0.0,0,0,0,0.0,0,0.0,0.0,0.0,215765.0,0.0,0.0,0.0,62867.0,6763.0
574,Minnesota,Dakota,804.0,2003,Unspecified,Unspecified,1.0,nan,,0.0,0,0,0,0.0,0,0.0,0.0,0.0,210197.0,0.0,0.0,0.0,69918.0,31949.0
575,Minnesota,Dakota,804.0,2004,Unspecified,Unspecified,1.0,nan,,0.0,0,0,0,0.0,0,0.0,0.0,0.0,191054.0,0.0,0.0,0.0,89336.0,18918.0
576,Minnesota,Dakota,804.0,2005,Unspecified,Unspecified,1.0,nan,,0.0,0,0,0,0.0,0,0.0,0.0,0.0,189288.0,0.0,0.0,0.0,77639.0,48356.0
577,Minnesota,Dakota,804.0,2006,Unspecified,Unspecified,1.0,nan,,0.0,0,0,0,0.0,0,0.0,0.0,0.0,198814.0,0.0,0.0,0.0,63127.0,24378.0
578,Minnesota,Dakota,804.0,2007,Unspecified,Unspecified,1.0,nan,,0.0,0,0,0,0.0,0,0.0,0.0,0.0,193500.0,0.0,0.0,0.0,78740.0,32894.0
579,Minnesota,Dakota,804.0,2008,Unspecified,Unspecified,1.0,nan,,0.0,0,0,0,0.0,0,0.0,0.0,0.0,195744.0,0.0,0.0,0.0,104197.0,38612.0
580,Minnesota,Dakota,804.0,2009,Unspecified,Unspecified,1.0,nan,,0.0,0,0,0,0.0,0,0.0,0.0,0.0,173140.0,0.0,0.0,0.0,111775.0,41748.0
581,Minnesota,Dakota,804.0,2010,Unspecified,Unspecified,1.0,nan,,0.0,0,0,0,0.0,0,0.0,0.0,0.0,188854.0,0.0,0.0,0.0,123600.0,45891.0
582,Minnesota,Dakota,804.0,2011,Unspecified,Unspecified,1.0,nan,,0.0,0,0,0,0.0,0,0.0,0.0,0.0,180462.0,0.0,0.0,0.0,117935.0,33622.0
583,Minnesota,Dakota,804.0,2012,Unspecified,Unspecified,1.0,nan,,0.0,0,0,0,0.0,0,0.0,0.0,0.0,183575.0,0.0,0.0,0.0,139752.0,34281.0
584,Minnesota,Dakota,804.0,2013,Unspecified,Unspecified,1.0,nan,,0.0,0,0,0,0.0,0,0.0,0.0,0.0,175664.0,0.0,0.0,0.0,113248.0,38202.0
585,Minnesota,Dakota,804.0,2014,Unspecified,Unspecified,1.0,nan,,0.0,0,0,0,0.0,0,0.0,0.0,0.0,179016.0,0.0,0.0,0.0,207851.0,43368.0
586,Minnesota,Dakota,804.0,2015,Unspecified,Unspecified,1.0,nan,,0.0,0,0,0,0.0,0,0.0,0.0,0.0,181758.0,0.0,0.0,0.0,115458.0,21365.0
587,Minnesota,Dakota,804.0,2016,Unspecified,Unspecified,1.0,nan,,0.0,0,0,0,0.0,0,0.0,0.0,0.0,190489.0,0.0,0.0,0.0,128523.0,51189.0
588,Minnesota,Dakota,804.0,2017,Unspecified,Unspecified,1.0,nan,,0.0,0,0,0,0.0,0,0.0,0.0,0.0,194226.0,0.0,0.0,0.0,128636.0,47952.0
589,Minnesota,Dakota,804.0,2018,Unspecified,Unspecified,1.0,nan,,0.0,0,0,0,0.0,0,0.0,0.0,0.0,196593.0,0.0,0.0,0.0,148808.0,10199.0
590,Minnesota,Dakota,804.0,2019,Unspecified,Unspecified,1.0,nan,,0.0,0,0,0,0.0,0,0.0,0.0,0.0,205105.0,0.0,0.0,0.0,140692.0,7287.0
591,Minnesota,Dakota,804.0,2020,Unspecified,Unspecified,1.0,nan,,0.0,0,0,0,0.0,0,0.0,0.0,0.0,206781.0,0.0,0.0,0.0,148936.0,18266.0
592,Minnesota,Dakota,804.0,2021,Unspecified,Unspecified,1.0,nan,,0.0,0,0,0,0.0,0,0.0,0.0,0.0,226796.0,0.0,0.0,0.0,139762.0,10013.0
593,Minnesota,Dakota,804.0,2022,Unspecified,Unspecified,1.0,nan,,0.0,0,0,0,0.0,0,0.0,0.0,0.0,229565.0,0.0,0.0,0.0,130102.0,11697.0
594,Minnesota,Dodge,804.0,2000,Unspecified,Unspecified,1.0,nan,,0.0,0,0,0,0.0,0,0.0,0.0,0.0,3715.0,0.0,0.0,0.0,3104.0,4466.0
595,Minnesota,Dodge,804.0,2001,Unspecified,Unspecified,1.0,nan,,0.0,0,0,0,0.0,0,0.0,0.0,0.0,3848.0,0.0,0.0,0.0,3067.0,4554.0
596,Minnesota,Dodge,804.0,2002,Unspecified,Unspecified,1.0,nan,,0.0,0,0,0,0.0,0,0.0,0.0,0.0,3714.0,0.0,0.0,0.0,3295.0,4750.0
597,Minnesota,Dodge,804.0,2003,Unspecified,Unspecified,1.0,nan,,0.0,0,0,0,0.0,0,0.0,0.0,0.0,3711.0,0.0,0.0,0.0,3223.0,4617.0
598,Minnesota,Dodge,804.0,2004,Unspecified,Unspecified,1.0,nan,,0.0,0,0,0,0.0,0,0.0,0.0,0.0,3712.0,0.0,0.0,0.0,3969.0,4953.0
599,Minnesota,Dodge,804.0,2005,Unspecified,Unspecified,1.0,nan,,0.0,0,0,0,0.0,0,0.0,0.0,0.0,4212.0,0.0,0.0,0.0,4670.0,5024.0
600,Minnesota,Dodge,804.0,2006,Unspecified,Unspecified,1.0,nan,,0.0,0,0,0,0.0,0,0.0,0.0,0.0,4171.0,0.0,0.0,0.0,5279.0,4569.0
601,Minnesota,Dodge,804.0,2007,Unspecified,Unspecified,1.0,nan,,0.0,0,0,0,0.0,0,0.0,0.0,0.0,4832.0,0.0,0.0,0.0,3422.0,3914.0
602,Minnesota,Dodge,804.0,2008,Unspecified,Unspecified,1.0,nan,,0.0,0,0,0,0.0,0,0.0,0.0,0.0,4311.0,0.0,0.0,0.0,5413.0,4216.0
603,Minnesota,Dodge,804.0,2009,Unspecified,Unspecified,1.0,nan,,0.0,0,0,0,0.0,0,0.0,0.0,0.0,3349.0,0.0,0.0,0.0,4803.0,4845.0
604,Minnesota,Dodge,804.0,2010,Unspecified,Unspecified,1.0,nan,,0.0,0,0,0,0.0,0,0.0,0.0,0.0,1646.0,0.0,0.0,0.0,3129.0,6091.0
605,Minnesota,Dodge,804.0,2011,Unspecified,Unspecified,1.0,nan,,0.0,0,0,0,0.0,0,0.0,0.0,0.0,866.0,0.0,0.0,0.0,4583.0,6589.0
606,Minnesota,Dodge,804.0,2012,Unspecified,Unspecified,1.0,nan,,0.0,0,0,0,0.0,0,0.0,0.0,0.0,270.0,0.0,0.0,0.0,4457.0,7005.0
607,Minnesota,Dodge,804.0,2013,Unspecified,Unspecified,1.0,nan,,0.0,0,0,0,0.0,0,0.0,0.0,0.0,718.0,0.0,0.0,0.0,4077.0,6614.0
608,Minnesota,Dodge,804.0,2014,Unspecified,Unspecified,1.0,nan,,0.0,0,0,0,0.0,0,0.0,0.0,0.0,637.0,0.0,0.0,0.0,3873.0,6857.0
609,Minnesota,Dodge,804.0,2015,Unspecified,Unspecified,1.0,nan,,0.0,0,0,0,0.0,0,0.0,0.0,0.0,650.0,0.0,0.0,0.0,3543.0,7311.0
610,Minnesota,Dodge,804.0,2016,Unspecified,Unspecified,1.0,nan,,0.0,0,0,0,0.0,0,0.0,0.0,0.0,881.0,0.0,0.0,0.0,4036.0,7230.0
611,Minnesota,Dodge,804.0,2017,Unspecified,Unspecified,1.0,nan,,0.0,0,0,0,0.0,0,0.0,0.0,0.0,1029.0,0.0,0.0,0.0,4059.0,7006.0
612,Minnesota,Dodge,804.0,2018,Unspecified,Unspecified,1.0,nan,,0.0,0,0,0,0.0,0,0.0,0.0,0.0,2073.0,0.0,0.0,0.0,4040.0,6014.0
613,Minnesota,Dodge,804.0,2019,Unspecified,Unspecified,1.0,nan,,0.0,0,0,0,0.0,0,0.0,0.0,0.0,2694.0,0.0,0.0,0.0,4427.0,6247.0
614,Minnesota,Dodge,804.0,2020,Unspecified,Unspecified,1.0,nan,,0.0,0,0,0,0.0,0,0.0,0.0,0.0,666.0,0.0,0.0,0.0,3882.0,8851.0
615,Minnesota,Dodge,804.0,2021,Unspecified,Unspecified,1.0,nan,,0.0,0,0,0,0.0,0,0.0,0.0,0.0,774.0,0.0,0.0,0.0,6753.0,9217.0
616,Minnesota,Dodge,804.0,2022,Unspecified,Unspecified,1.0,nan,,0.0,0,0,0,0.0,0,0.0,0.0,0.0,956.0,0.0,0.0,0.0,4915.0,8702.0
617,Minnesota,Faribault,804.0,2000,Unspecified,Unspecified,1.0,nan,,0.0,0,0,0,0.0,0,2243.0,0.0,0.0,4997.0,0.0,0.0,0.0,2997.0,0.0
618,Minnesota,Faribault,804.0,2001,Unspecified,Unspecified,1.0,nan,,0.0,0,0,0,0.0,0,3522.0,0.0,0.0,4055.0,0.0,0.0,0.0,3209.0,0.0
619,Minnesota,Faribault,804.0,2002,Unspecified,Unspecified,1.0,nan,,0.0,0,0,0,0.0,0,2587.0,0.0,0.0,4896.0,0.0,0.0,0.0,3326.0,0.0
620,Minnesota,Faribault,804.0,2003,Unspecified,Unspecified,1.0,nan,,0.0,0,0,0,0.0,0,2935.0,0.0,0.0,5074.0,0.0,0.0,0.0,2460.0,0.0
621,Minnesota,Faribault,804.0,2004,Unspecified,Unspecified,1.0,nan,,0.0,0,0,0,0.0,0,3418.0,0.0,0.0,4351.0,0.0,0.0,0.0,3800.0,0.0
622,Minnesota,Faribault,804.0,2005,Unspecified,Unspecified,1.0,nan,,0.0,0,0,0,0.0,0,6912.0,0.0,0.0,638.0,0.0,0.0,0.0,4031.0,0.0
623,Minnesota,Faribault,804.0,2006,Unspecified,Unspecified,1.0,nan,,0.0,0,0,0,0.0,0,7434.0,0.0,0.0,139.0,0.0,0.0,0.0,4137.0,0.0
624,Minnesota,Faribault,804.0,2007,Unspecified,Unspecified,1.0,nan,,0.0,0,0,0,0.0,0,7451.0,0.0,0.0,120.0,0.0,0.0,0.0,4278.0,0.0
625,Minnesota,Faribault,804.0,2008,Unspecified,Unspecified,1.0,nan,,0.0,0,0,0,0.0,0,7316.0,0.0,0.0,154.0,0.0,0.0,0.0,4741.0,0.0
626,Minnesota,Faribault,804.0,2009,Unspecified,Unspecified,1.0,nan,,0.0,0,0,0,0.0,0,6886.0,0.0,0.0,312.0,0.0,0.0,0.0,5501.0,0.0
627,Minnesota,Faribault,804.0,2010,Unspecified,Unspecified,1.0,nan,,0.0,0,0,0,0.0,0,6735.0,0.0,0.0,753.0,0.0,0.0,0.0,5965.0,0.0
628,Minnesota,Faribault,804.0,2011,Unspecified,Unspecified,1.0,nan,,0.0,0,0,0,0.0,0,68008.0,0.0,0.0,720.0,0.0,0.0,0.0,5943.0,0.0
629,Minnesota,Faribault,804.0,2012,Unspecified,Unspecified,1.0,nan,,0.0,0,0,0,0.0,0,6220.0,0.0,0.0,346.0,0.0,0.0,0.0,6052.0,0.0
630,Minnesota,Faribault,804.0,2013,Unspecified,Unspecified,1.0,nan,,0.0,0,0,0,0.0,0,6016.0,0.0,0.0,700.0,0.0,0.0,0.0,5383.0,0.0
631,Minnesota,Faribault,804.0,2014,Unspecified,Unspecified,1.0,nan,,0.0,0,0,0,0.0,0,0.0,0.0,0.0,1859.0,0.0,0.0,0.0,4595.0,4452.0
632,Minnesota,Faribault,804.0,2015,Unspecified,Unspecified,1.0,nan,,0.0,0,0,0,0.0,0,0.0,0.0,0.0,1505.0,0.0,0.0,0.0,5133.0,4676.0
633,Minnesota,Faribault,804.0,2016,Unspecified,Unspecified,1.0,nan,,0.0,0,0,0,0.0,0,0.0,0.0,0.0,1956.0,0.0,0.0,0.0,4960.0,4442.0
634,Minnesota,Faribault,804.0,2017,Unspecified,Unspecified,1.0,nan,,0.0,0,0,0,0.0,0,0.0,0.0,0.0,4118.0,0.0,0.0,0.0,2832.0,2385.0
635,Minnesota,Faribault,804.0,2018,Unspecified,Unspecified,1.0,nan,,0.0,0,0,0,0.0,0,0.0,0.0,0.0,2340.0,0.0,0.0,0.0,1812.0,2435.0
636,Minnesota,Faribault,804.0,2019,Unspecified,Unspecified,1.0,nan,,0.0,0,0,0,0.0,0,0.0,0.0,0.0,2197.0,0.0,0.0,0.0,3177.0,4932.0
637,Minnesota,Faribault,804.0,2020,Unspecified,Unspecified,1.0,nan,,0.0,0,0,0,0.0,0,0.0,0.0,0.0,1251.0,0.0,0.0,0.0,2988.0,5647.0
638,Minnesota,Faribault,804.0,2021,Unspecified,Unspecified,1.0,nan,,0.0,0,0,0,0.0,0,0.0,0.0,0.0,1167.0,0.0,0.0,0.0,2392.0,6150.0
639,Minnesota,Faribault,804.0,2022,Unspecified,Unspecified,1.0,nan,,0.0,0,0,0,0.0,0,0.0,0.0,0.0,1337.0,0.0,0.0,0.0,7112.0,5928.0
640,Minnesota,Fillmore,804.0,2000,Unspecified,Unspecified,1.0,nan,,0.0,0,0,0,0.0,0,1408.0,0.0,0.0,7896.0,0.0,0.0,0.0,5126.0,1800.0
641,Minnesota,Fillmore,804.0,2001,Unspecified,Unspecified,1.0,nan,,0.0,0,0,0,0.0,0,0.0,0.0,0.0,12198.0,0.0,0.0,0.0,4130.0,1000.0
642,Minnesota,Fillmore,804.0,2002,Unspecified,Unspecified,1.0,nan,,0.0,0,0,0,0.0,0,0.0,0.0,0.0,10964.0,0.0,0.0,0.0,4234.0,1000.0
643,Minnesota,Fillmore,804.0,2003,Unspecified,Unspecified,1.0,nan,,0.0,0,0,0,0.0,0,0.0,0.0,0.0,9912.0,0.0,0.0,0.0,2888.0,1000.0
644,Minnesota,Fillmore,804.0,2004,Unspecified,Unspecified,1.0,nan,,0.0,0,0,0,0.0,0,0.0,0.0,0.0,9682.0,0.0,0.0,0.0,3368.0,1000.0
645,Minnesota,Fillmore,804.0,2005,Unspecified,Unspecified,1.0,nan,,0.0,0,0,0,0.0,0,0.0,0.0,0.0,8022.0,0.0,0.0,0.0,4070.0,3312.0
646,Minnesota,Fillmore,804.0,2006,Unspecified,Unspecified,1.0,nan,,0.0,0,0,0,0.0,0,0.0,0.0,0.0,9366.0,0.0,0.0,0.0,4768.0,1520.0
647,Minnesota,Fillmore,804.0,2007,Unspecified,Unspecified,1.0,nan,,0.0,0,0,0,0.0,0,0.0,0.0,0.0,9686.0,0.0,0.0,0.0,5972.0,1520.0
648,Minnesota,Fillmore,804.0,2008,Unspecified,Unspecified,1.0,nan,,0.0,0,0,0,0.0,0,0.0,0.0,0.0,11692.0,0.0,0.0,0.0,4418.0,1520.0
649,Minnesota,Fillmore,804.0,2009,Unspecified,Unspecified,1.0,nan,,0.0,0,0,0,0.0,0,0.0,0.0,0.0,10176.0,0.0,0.0,0.0,4754.0,1520.0
650,Minnesota,Fillmore,804.0,2010,Unspecified,Unspecified,1.0,nan,,0.0,0,0,0,0.0,0,0.0,0.0,0.0,9134.0,0.0,0.0,0.0,4872.0,1440.0
651,Minnesota,Fillmore,804.0,2011,Unspecified,Unspecified,1.0,nan,,0.0,0,0,0,0.0,0,0.0,0.0,0.0,8684.0,0.0,0.0,0.0,8636.0,1460.0
652,Minnesota,Fillmore,804.0,2012,Unspecified,Unspecified,1.0,nan,,0.0,0,0,0,0.0,0,0.0,0.0,0.0,9196.0,0.0,0.0,0.0,5920.0,1460.0
653,Minnesota,Fillmore,804.0,2013,Unspecified,Unspecified,1.0,nan,,0.0,0,0,0,0.0,0,0.0,0.0,0.0,9208.0,0.0,0.0,0.0,6510.0,1526.0
654,Minnesota,Fillmore,804.0,2014,Unspecified,Unspecified,1.0,nan,,0.0,0,0,0,0.0,0,0.0,0.0,0.0,8650.0,0.0,0.0,0.0,8032.0,852.0
655,Minnesota,Fillmore,804.0,2015,Unspecified,Unspecified,1.0,nan,,0.0,0,0,0,0.0,0,0.0,0.0,0.0,7716.0,0.0,0.0,0.0,10204.0,830.0
656,Minnesota,Fillmore,804.0,2016,Unspecified,Unspecified,1.0,nan,,0.0,0,0,0,0.0,0,0.0,0.0,0.0,8494.0,0.0,0.0,0.0,3438.0,642.0
657,Minnesota,Fillmore,804.0,2017,Unspecified,Unspecified,1.0,nan,,0.0,0,0,0,0.0,0,0.0,0.0,0.0,8330.0,0.0,0.0,0.0,4514.0,0.0
658,Minnesota,Fillmore,804.0,2018,Unspecified,Unspecified,1.0,nan,,0.0,0,0,0,0.0,0,0.0,0.0,0.0,13374.0,0.0,0.0,0.0,5848.0,2954.0
659,Minnesota,Fillmore,804.0,2019,Unspecified,Unspecified,1.0,nan,,0.0,0,0,0,0.0,0,0.0,0.0,0.0,16918.0,0.0,0.0,0.0,6822.0,3110.0
660,Minnesota,Fillmore,804.0,2020,Unspecified,Unspecified,1.0,nan,,0.0,0,0,0,0.0,0,0.0,0.0,0.0,18290.0,0.0,0.0,0.0,6716.0,450.0
661,Minnesota,Fillmore,804.0,2021,Unspecified,Unspecified,1.0,nan,,0.0,0,0,0,0.0,0,0.0,0.0,0.0,13896.0,0.0,0.0,0.0,6856.0,2446.0
662,Minnesota,Fillmore,804.0,2022,Unspecified,Unspecified,1.0,nan,,0.0,0,0,0,0.0,0,0.0,0.0,0.0,12364.0,0.0,0.0,0.0,6686.0,3422.0
663,Minnesota,Freeborn,804.0,2000,Unspecified,Unspecified,1.0,nan,,0.0,0,0,0,0.0,0,0.0,0.0,0.0,20918.0,0.0,0.0,0.0,14270.0,0.0
664,Minnesota,Freeborn,804.0,2001,Unspecified,Unspecified,1.0,nan,,0.0,0,0,0,0.0,0,0.0,0.0,0.0,22402.0,0.0,0.0,0.0,14711.0,0.0
665,Minnesota,Freeborn,804.0,2002,Unspecified,Unspecified,1.0,nan,,0.0,0,0,0,0.0,0,0.0,0.0,0.0,25792.0,0.0,0.0,0.0,16450.0,0.0
666,Minnesota,Freeborn,804.0,2003,Unspecified,Unspecified,1.0,nan,,0.0,0,0,0,0.0,0,0.0,0.0,0.0,24596.0,0.0,0.0,0.0,16684.0,0.0
667,Minnesota,Freeborn,804.0,2004,Unspecified,Unspecified,1.0,nan,,0.0,0,0,0,0.0,0,0.0,0.0,0.0,25783.0,0.0,0.0,0.0,18497.0,0.0
668,Minnesota,Freeborn,804.0,2005,Unspecified,Unspecified,1.0,nan,,0.0,0,0,0,0.0,0,0.0,0.0,0.0,25206.0,0.0,0.0,0.0,17558.0,0.0
669,Minnesota,Freeborn,804.0,2006,Unspecified,Unspecified,1.0,nan,,0.0,0,0,0,0.0,0,0.0,0.0,0.0,27294.0,0.0,0.0,0.0,17242.0,0.0
670,Minnesota,Freeborn,804.0,2007,Unspecified,Unspecified,1.0,nan,,0.0,0,0,0,0.0,0,0.0,0.0,0.0,25683.0,0.0,0.0,0.0,16649.0,0.0
671,Minnesota,Freeborn,804.0,2008,Unspecified,Unspecified,1.0,nan,,0.0,0,0,0,0.0,0,0.0,0.0,0.0,25140.0,0.0,0.0,0.0,14617.0,0.0
672,Minnesota,Freeborn,804.0,2009,Unspecified,Unspecified,1.0,nan,,0.0,0,0,0,0.0,0,0.0,0.0,0.0,28524.0,0.0,0.0,0.0,16101.0,0.0
673,Minnesota,Freeborn,804.0,2010,Unspecified,Unspecified,1.0,nan,,0.0,0,0,0,0.0,0,0.0,0.0,0.0,25688.0,0.0,0.0,0.0,14629.0,0.0
674,Minnesota,Freeborn,804.0,2011,Unspecified,Unspecified,1.0,nan,,0.0,0,0,0,0.0,0,0.0,0.0,0.0,24740.0,0.0,0.0,0.0,17481.0,0.0
675,Minnesota,Freeborn,804.0,2012,Unspecified,Unspecified,1.0,nan,,0.0,0,0,0,0.0,0,0.0,0.0,0.0,21241.0,0.0,0.0,0.0,17415.0,0.0
676,Minnesota,Freeborn,804.0,2013,Unspecified,Unspecified,1.0,nan,,0.0,0,0,0,0.0,0,0.0,0.0,0.0,21217.0,0.0,0.0,0.0,16609.0,0.0
677,Minnesota,Freeborn,804.0,2014,Unspecified,Unspecified,1.0,nan,,0.0,0,0,0,0.0,0,0.0,0.0,0.0,17000.0,0.0,0.0,0.0,13608.0,0.0
678,Minnesota,Freeborn,804.0,2015,Unspecified,Unspecified,1.0,nan,,0.0,0,0,0,0.0,0,0.0,0.0,0.0,19000.0,0.0,0.0,0.0,13545.0,0.0
679,Minnesota,Freeborn,804.0,2016,Unspecified,Unspecified,1.0,nan,,0.0,0,0,0,0.0,0,0.0,0.0,0.0,20593.0,0.0,0.0,0.0,9245.0,0.0
680,Minnesota,Freeborn,804.0,2017,Unspecified,Unspecified,1.0,nan,,0.0,0,0,0,0.0,0,0.0,0.0,0.0,18813.0,0.0,0.0,0.0,5217.0,0.0
681,Minnesota,Freeborn,804.0,2018,Unspecified,Unspecified,1.0,nan,,0.0,0,0,0,0.0,0,0.0,0.0,0.0,22155.0,0.0,0.0,0.0,5360.0,0.0
682,Minnesota,Freeborn,804.0,2019,Unspecified,Unspecified,1.0,nan,,0.0,0,0,0,0.0,0,0.0,0.0,0.0,22078.0,0.0,0.0,0.0,5035.0,0.0
683,Minnesota,Freeborn,804.0,2020,Unspecified,Unspecified,1.0,nan,,0.0,0,0,0,0.0,0,0.0,0.0,0.0,24485.0,0.0,0.0,0.0,5027.0,0.0
684,Minnesota,Freeborn,804.0,2021,Unspecified,Unspecified,1.0,nan,,0.0,0,0,0,0.0,0,0.0,0.0,0.0,21956.0,0.0,0.0,0.0,4850.0,0.0
685,Minnesota,Freeborn,804.0,2022,Unspecified,Unspecified,1.0,nan,,0.0,0,0,0,0.0,0,0.0,0.0,0.0,22000.0,0.0,0.0,0.0,6035.0,0.0
686,Minnesota,Goodhue,804.0,2000,Unspecified,Unspecified,1.0,nan,,0.0,0,0,0,0.0,0,0.0,0.0,0.0,5913.0,0.0,0.0,0.0,6173.0,15427.0
687,Minnesota,Goodhue,804.0,2001,Unspecified,Unspecified,1.0,nan,,0.0,0,0,0,0.0,0,0.0,0.0,0.0,7452.0,0.0,0.0,0.0,5840.0,16024.0
688,Minnesota,Goodhue,804.0,2002,Unspecified,Unspecified,1.0,nan,,0.0,0,0,0,0.0,0,0.0,0.0,0.0,8997.0,0.0,0.0,0.0,7951.0,12435.0
689,Minnesota,Goodhue,804.0,2003,Unspecified,Unspecified,1.0,nan,,0.0,0,0,0,0.0,0,0.0,0.0,0.0,10054.0,0.0,0.0,0.0,5920.0,13502.0
690,Minnesota,Goodhue,804.0,2004,Unspecified,Unspecified,1.0,nan,,0.0,0,0,0,0.0,0,0.0,0.0,0.0,7104.0,0.0,0.0,0.0,8212.0,15125.0
691,Minnesota,Goodhue,804.0,2005,Unspecified,Unspecified,1.0,nan,,0.0,0,0,0,0.0,0,0.0,0.0,0.0,9342.0,0.0,0.0,0.0,9385.0,15155.0
692,Minnesota,Goodhue,804.0,2006,Unspecified,Unspecified,1.0,nan,,0.0,0,0,0,0.0,0,0.0,0.0,0.0,7813.0,0.0,0.0,0.0,9415.0,22210.0
693,Minnesota,Goodhue,804.0,2007,Unspecified,Unspecified,1.0,nan,,0.0,0,0,0,0.0,0,0.0,0.0,0.0,7098.0,0.0,0.0,0.0,11280.0,19377.0
694,Minnesota,Goodhue,804.0,2008,Unspecified,Unspecified,1.0,nan,,0.0,0,0,0,0.0,0,0.0,0.0,0.0,5281.0,0.0,0.0,0.0,12214.0,20966.0
695,Minnesota,Goodhue,804.0,2009,Unspecified,Unspecified,1.0,nan,,0.0,0,0,0,0.0,0,0.0,0.0,0.0,4165.0,0.0,0.0,0.0,12784.0,21889.0
696,Minnesota,Goodhue,804.0,2010,Unspecified,Unspecified,1.0,nan,,0.0,0,0,0,0.0,0,0.0,0.0,0.0,2175.0,0.0,0.0,0.0,12972.0,22866.0
697,Minnesota,Goodhue,804.0,2011,Unspecified,Unspecified,1.0,nan,,0.0,0,0,0,0.0,0,0.0,0.0,0.0,3594.0,0.0,0.0,0.0,12926.0,22475.0
698,Minnesota,Goodhue,804.0,2012,Unspecified,Unspecified,1.0,nan,,0.0,0,0,0,0.0,0,0.0,0.0,0.0,5005.0,0.0,0.0,0.0,13146.0,21314.0
699,Minnesota,Goodhue,804.0,2013,Unspecified,Unspecified,1.0,nan,,0.0,0,0,0,0.0,0,0.0,0.0,0.0,6524.0,0.0,0.0,0.0,12499.0,17906.0
700,Minnesota,Goodhue,804.0,2014,Unspecified,Unspecified,1.0,nan,,0.0,0,0,0,0.0,0,0.0,0.0,0.0,3953.0,0.0,0.0,0.0,23452.0,11491.0
701,Minnesota,Goodhue,804.0,2015,Unspecified,Unspecified,1.0,nan,,0.0,0,0,0,0.0,0,0.0,0.0,0.0,6053.0,0.0,0.0,0.0,11132.0,20521.0
702,Minnesota,Goodhue,804.0,2016,Unspecified,Unspecified,1.0,nan,,0.0,0,0,0,0.0,0,0.0,0.0,0.0,3955.0,0.0,0.0,0.0,9917.0,21120.0
703,Minnesota,Goodhue,804.0,2017,Unspecified,Unspecified,1.0,nan,,0.0,0,0,0,0.0,0,0.0,0.0,0.0,6008.0,0.0,0.0,0.0,10259.0,22280.0
704,Minnesota,Goodhue,804.0,2018,Unspecified,Unspecified,1.0,nan,,0.0,0,0,0,0.0,0,0.0,0.0,0.0,5559.0,0.0,0.0,0.0,10870.0,18678.0
705,Minnesota,Goodhue,804.0,2019,Unspecified,Unspecified,1.0,nan,,0.0,0,0,0,0.0,0,0.0,0.0,0.0,5969.0,0.0,0.0,0.0,8651.0,20895.0
706,Minnesota,Goodhue,804.0,2020,Unspecified,Unspecified,1.0,nan,,0.0,0,0,0,0.0,0,0.0,0.0,0.0,2559.0,0.0,0.0,0.0,9442.0,20745.0
707,Minnesota,Goodhue,804.0,2021,Unspecified,Unspecified,1.0,nan,,0.0,0,0,0,0.0,0,0.0,0.0,0.0,337.0,0.0,0.0,0.0,12311.0,23813.0
708,Minnesota,Goodhue,804.0,2022,Unspecified,Unspecified,1.0,nan,,0.0,0,0,0,0.0,0,0.0,0.0,0.0,412.0,0.0,0.0,0.0,10612.0,20727.0
709,Minnesota,Grant,804.0,2000,Unspecified,Unspecified,1.0,nan,,0.0,0,0,0,0.0,0,0.0,0.0,0.0,0.0,0.0,0.0,0.0,658.0,2165.0
710,Minnesota,Grant,804.0,2001,Unspecified,Unspecified,1.0,nan,,0.0,0,0,0,0.0,0,0.0,0.0,0.0,0.0,0.0,0.0,0.0,702.0,2206.0
711,Minnesota,Grant,804.0,2002,Unspecified,Unspecified,1.0,nan,,0.0,0,0,0,0.0,0,0.0,0.0,0.0,0.0,0.0,0.0,0.0,706.0,2165.0
712,Minnesota,Grant,804.0,2003,Unspecified,Unspecified,1.0,nan,,0.0,0,0,0,0.0,0,0.0,0.0,0.0,0.0,0.0,0.0,0.0,764.0,2059.0
713,Minnesota,Grant,804.0,2004,Unspecified,Unspecified,1.0,nan,,0.0,0,0,0,0.0,0,0.0,0.0,0.0,0.0,0.0,0.0,0.0,782.0,2173.0
714,Minnesota,Grant,804.0,2005,Unspecified,Unspecified,1.0,nan,,0.0,0,0,0,0.0,0,0.0,0.0,0.0,0.0,0.0,0.0,0.0,897.0,2078.0
715,Minnesota,Grant,804.0,2006,Unspecified,Unspecified,1.0,nan,,0.0,0,0,0,0.0,0,0.0,0.0,0.0,0.0,0.0,0.0,0.0,799.0,2015.0
716,Minnesota,Grant,804.0,2007,Unspecified,Unspecified,1.0,nan,,0.0,0,0,0,0.0,0,0.0,0.0,0.0,0.0,0.0,0.0,0.0,760.0,2037.0
717,Minnesota,Grant,804.0,2008,Unspecified,Unspecified,1.0,nan,,0.0,0,0,0,0.0,0,0.0,0.0,0.0,0.0,0.0,0.0,0.0,759.0,2024.0
718,Minnesota,Grant,804.0,2009,Unspecified,Unspecified,1.0,nan,,0.0,0,0,0,0.0,0,0.0,0.0,0.0,0.0,0.0,0.0,0.0,716.0,2231.0
719,Minnesota,Grant,804.0,2010,Unspecified,Unspecified,1.0,nan,,0.0,0,0,0,0.0,0,0.0,0.0,0.0,0.0,0.0,0.0,0.0,631.0,1977.0
720,Minnesota,Grant,804.0,2011,Unspecified,Unspecified,1.0,nan,,0.0,0,0,0,0.0,0,0.0,0.0,0.0,0.0,0.0,0.0,0.0,619.0,2015.0
721,Minnesota,Grant,804.0,2012,Unspecified,Unspecified,1.0,nan,,0.0,0,0,0,0.0,0,0.0,0.0,0.0,0.0,0.0,0.0,0.0,626.0,1988.0
722,Minnesota,Grant,804.0,2013,Unspecified,Unspecified,1.0,nan,,0.0,0,0,0,0.0,0,0.0,0.0,0.0,0.0,0.0,0.0,0.0,606.0,2084.0
723,Minnesota,Grant,804.0,2014,Unspecified,Unspecified,1.0,nan,,0.0,0,0,0,0.0,0,0.0,0.0,0.0,0.0,0.0,0.0,0.0,640.0,2288.0
724,Minnesota,Grant,804.0,2015,Unspecified,Unspecified,1.0,nan,,0.0,0,0,0,0.0,0,0.0,0.0,0.0,0.0,0.0,0.0,0.0,704.0,2284.0
725,Minnesota,Grant,804.0,2016,Unspecified,Unspecified,1.0,nan,,0.0,0,0,0,0.0,0,0.0,0.0,0.0,0.0,0.0,0.0,0.0,716.0,2332.0
726,Minnesota,Grant,804.0,2017,Unspecified,Unspecified,1.0,nan,,0.0,0,0,0,0.0,0,0.0,0.0,0.0,0.0,0.0,0.0,0.0,660.0,2380.0
727,Minnesota,Grant,804.0,2018,Unspecified,Unspecified,1.0,nan,,0.0,0,0,0,0.0,0,0.0,0.0,0.0,0.0,0.0,0.0,0.0,714.0,2365.0
728,Minnesota,Grant,804.0,2019,Unspecified,Unspecified,1.0,nan,,0.0,0,0,0,0.0,0,0.0,0.0,0.0,0.0,0.0,0.0,0.0,729.0,2477.0
729,Minnesota,Grant,804.0,2020,Unspecified,Unspecified,1.0,nan,,0.0,0,0,0,0.0,0,0.0,0.0,0.0,0.0,0.0,0.0,0.0,727.0,2632.0
730,Minnesota,Grant,804.0,2021,Unspecified,Unspecified,1.0,nan,,0.0,0,0,0,0.0,0,0.0,0.0,0.0,0.0,0.0,0.0,0.0,822.0,2744.0
731,Minnesota,Grant,804.0,2022,Unspecified,Unspecified,1.0,nan,,0.0,0,0,0,0.0,0,0.0,0.0,0.0,0.0,0.0,0.0,0.0,950.0,2648.0
732,Minnesota,Hennepin,804.0,2000,Unspecified,Unspecified,1.0,nan,,0.0,0,0,0,0.0,0,0.0,0.0,0.0,430662.0,0.0,0.0,0.0,280902.0,508726.0
733,Minnesota,Hennepin,804.0,2001,Unspecified,Unspecified,1.0,nan,,0.0,0,0,0,0.0,0,0.0,0.0,0.0,477714.0,0.0,0.0,0.0,277388.0,508287.0
734,Minnesota,Hennepin,804.0,2002,Unspecified,Unspecified,1.0,nan,,0.0,0,0,0,0.0,0,0.0,0.0,0.0,456477.0,0.0,0.0,0.0,279414.0,503009.0
735,Minnesota,Hennepin,804.0,2003,Unspecified,Unspecified,1.0,nan,,0.0,0,0,0,0.0,0,0.0,0.0,0.0,513092.0,0.0,0.0,0.0,260270.0,492510.0
736,Minnesota,Hennepin,804.0,2004,Unspecified,Unspecified,1.0,nan,,0.0,0,0,0,0.0,0,0.0,0.0,0.0,471352.0,0.0,0.0,0.0,270884.0,476284.0
737,Minnesota,Hennepin,804.0,2005,Unspecified,Unspecified,1.0,nan,,0.0,0,0,0,0.0,0,0.0,0.0,0.0,490704.0,0.0,0.0,0.0,260295.0,493270.0
738,Minnesota,Hennepin,804.0,2006,Unspecified,Unspecified,1.0,nan,,0.0,0,0,0,0.0,0,0.0,0.0,0.0,504707.0,0.0,0.0,0.0,257661.0,477523.0
739,Minnesota,Hennepin,804.0,2007,Unspecified,Unspecified,1.0,nan,,0.0,0,0,0,0.0,0,0.0,0.0,0.0,479955.0,0.0,0.0,0.0,270208.0,502850.0
740,Minnesota,Hennepin,804.0,2008,Unspecified,Unspecified,1.0,nan,,0.0,0,0,0,0.0,0,0.0,0.0,0.0,366814.0,0.0,0.0,0.0,259350.0,487401.0
741,Minnesota,Hennepin,804.0,2009,Unspecified,Unspecified,1.0,nan,,0.0,0,0,0,0.0,0,0.0,0.0,0.0,355077.0,0.0,0.0,0.0,257147.0,429051.0
742,Minnesota,Hennepin,804.0,2010,Unspecified,Unspecified,1.0,nan,,0.0,0,0,0,0.0,0,0.0,0.0,0.0,414457.0,0.0,0.0,0.0,259924.0,352052.0
743,Minnesota,Hennepin,804.0,2011,Unspecified,Unspecified,1.0,nan,,0.0,0,0,0,0.0,0,0.0,0.0,0.0,349395.0,0.0,0.0,0.0,260420.0,399876.0
744,Minnesota,Hennepin,804.0,2012,Unspecified,Unspecified,1.0,nan,,0.0,0,0,0,0.0,0,0.0,0.0,0.0,300201.0,0.0,0.0,0.0,301312.0,448269.0
745,Minnesota,Hennepin,804.0,2013,Unspecified,Unspecified,1.0,nan,,0.0,0,0,0,0.0,0,0.0,0.0,0.0,261300.0,0.0,0.0,0.0,275874.0,473068.0
746,Minnesota,Hennepin,804.0,2014,Unspecified,Unspecified,1.0,nan,,0.0,0,0,0,0.0,0,0.0,0.0,0.0,259342.0,0.0,0.0,0.0,263346.0,508118.0
747,Minnesota,Hennepin,804.0,2015,Unspecified,Unspecified,1.0,nan,,0.0,0,0,0,0.0,0,0.0,0.0,0.0,246907.0,0.0,0.0,0.0,291306.0,479002.0
748,Minnesota,Hennepin,804.0,2016,Unspecified,Unspecified,1.0,nan,,0.0,0,0,0,0.0,0,0.0,0.0,0.0,252538.0,0.0,0.0,0.0,279050.0,438999.0
749,Minnesota,Hennepin,804.0,2017,Unspecified,Unspecified,1.0,nan,,0.0,0,0,0,0.0,0,0.0,0.0,0.0,283784.0,0.0,0.0,0.0,374694.0,436415.0
750,Minnesota,Hennepin,804.0,2018,Unspecified,Unspecified,1.0,nan,,0.0,0,0,0,0.0,0,0.0,0.0,0.0,295621.0,0.0,0.0,0.0,383064.0,446948.0
751,Minnesota,Hennepin,804.0,2019,Unspecified,Unspecified,1.0,nan,,0.0,0,0,0,0.0,0,0.0,0.0,0.0,429960.0,0.0,0.0,0.0,339656.0,332794.0
752,Minnesota,Hennepin,804.0,2020,Unspecified,Unspecified,1.0,nan,,0.0,0,0,0,0.0,0,0.0,0.0,0.0,391562.0,0.0,0.0,0.0,336615.0,328210.0
753,Minnesota,Hennepin,804.0,2021,Unspecified,Unspecified,1.0,nan,,0.0,0,0,0,0.0,0,0.0,0.0,0.0,442189.0,0.0,0.0,0.0,342392.0,355436.0
754,Minnesota,Hennepin,804.0,2022,Unspecified,Unspecified,1.0,nan,,0.0,0,0,0,0.0,0,0.0,0.0,0.0,357157.0,0.0,0.0,0.0,374717.0,377125.0
755,Minnesota,Houston,804.0,2000,Unspecified,Unspecified,1.0,nan,,0.0,0,0,0,0.0,0,0.0,0.0,0.0,731.0,0.0,0.0,0.0,2405.0,5150.0
756,Minnesota,Houston,804.0,2001,Unspecified,Unspecified,1.0,nan,,0.0,0,0,0,0.0,0,0.0,0.0,0.0,912.0,0.0,0.0,0.0,3224.0,5836.0
757,Minnesota,Houston,804.0,2002,Unspecified,Unspecified,1.0,nan,,0.0,0,0,0,0.0,0,0.0,0.0,0.0,859.0,0.0,0.0,0.0,2614.0,4730.0
758,Minnesota,Houston,804.0,2003,Unspecified,Unspecified,1.0,nan,,0.0,0,0,0,0.0,0,0.0,0.0,0.0,949.0,0.0,0.0,0.0,2960.0,5158.0
759,Minnesota,Houston,804.0,2004,Unspecified,Unspecified,1.0,nan,,0.0,0,0,0,0.0,0,0.0,0.0,0.0,994.0,0.0,0.0,0.0,2396.0,4930.0
760,Minnesota,Houston,804.0,2005,Unspecified,Unspecified,1.0,nan,,0.0,0,0,0,0.0,0,0.0,0.0,0.0,821.0,0.0,0.0,0.0,2070.0,4059.0
761,Minnesota,Houston,804.0,2006,Unspecified,Unspecified,1.0,nan,,0.0,0,0,0,0.0,0,0.0,0.0,0.0,976.0,0.0,0.0,0.0,2087.0,4297.0
762,Minnesota,Houston,804.0,2007,Unspecified,Unspecified,1.0,nan,,0.0,0,0,0,0.0,0,0.0,0.0,0.0,1294.0,0.0,0.0,0.0,2120.0,4393.0
763,Minnesota,Houston,804.0,2008,Unspecified,Unspecified,1.0,nan,,0.0,0,0,0,0.0,0,0.0,0.0,0.0,406.0,0.0,0.0,0.0,2358.0,4633.0
764,Minnesota,Houston,804.0,2009,Unspecified,Unspecified,1.0,nan,,0.0,0,0,0,0.0,0,0.0,0.0,0.0,377.0,0.0,0.0,0.0,2592.0,4111.0
765,Minnesota,Houston,804.0,2010,Unspecified,Unspecified,1.0,nan,,0.0,0,0,0,0.0,0,0.0,0.0,0.0,1320.0,0.0,0.0,0.0,2100.0,4955.0
766,Minnesota,Houston,804.0,2011,Unspecified,Unspecified,1.0,nan,,0.0,0,0,0,0.0,0,0.0,0.0,0.0,2809.0,0.0,0.0,0.0,1656.0,6616.0
767,Minnesota,Houston,804.0,2012,Unspecified,Unspecified,1.0,nan,,0.0,0,0,0,0.0,0,0.0,0.0,0.0,2712.0,0.0,0.0,0.0,3151.0,6184.0
768,Minnesota,Houston,804.0,2013,Unspecified,Unspecified,1.0,nan,,0.0,0,0,0,0.0,0,0.0,0.0,0.0,3042.0,0.0,0.0,0.0,3509.0,6479.0
769,Minnesota,Houston,804.0,2014,Unspecified,Unspecified,1.0,nan,,0.0,0,0,0,0.0,0,0.0,0.0,0.0,2038.0,0.0,0.0,0.0,3866.0,5815.0
770,Minnesota,Houston,804.0,2015,Unspecified,Unspecified,1.0,nan,,0.0,0,0,0,0.0,0,0.0,0.0,0.0,2120.0,0.0,0.0,0.0,3780.0,6651.0
771,Minnesota,Houston,804.0,2016,Unspecified,Unspecified,1.0,nan,,0.0,0,0,0,0.0,0,0.0,0.0,0.0,1941.0,0.0,0.0,0.0,3727.0,7030.0
772,Minnesota,Houston,804.0,2017,Unspecified,Unspecified,1.0,nan,,0.0,0,0,0,0.0,0,0.0,0.0,0.0,3949.0,0.0,0.0,0.0,3951.0,6042.0
773,Minnesota,Houston,804.0,2018,Unspecified,Unspecified,1.0,nan,,0.0,0,0,0,0.0,0,0.0,0.0,0.0,4644.0,0.0,0.0,0.0,3255.0,5641.0
774,Minnesota,Houston,804.0,2019,Unspecified,Unspecified,1.0,nan,,0.0,0,0,0,0.0,0,0.0,0.0,0.0,2140.0,0.0,0.0,0.0,2590.0,5547.0
775,Minnesota,Houston,804.0,2020,Unspecified,Unspecified,1.0,nan,,0.0,0,0,0,0.0,0,0.0,0.0,0.0,4169.0,0.0,0.0,0.0,2873.0,6677.0
776,Minnesota,Houston,804.0,2021,Unspecified,Unspecified,1.0,nan,,0.0,0,0,0,0.0,0,0.0,0.0,0.0,1466.0,0.0,0.0,0.0,2457.0,6183.0
777,Minnesota,Houston,804.0,2022,Unspecified,Unspecified,1.0,nan,,0.0,0,0,0,0.0,0,0.0,0.0,0.0,1231.0,0.0,0.0,0.0,2204.0,6308.0
778,Minnesota,Hubbard,804.0,2000,Unspecified,Unspecified,1.0,nan,,0.0,0,0,0,0.0,0,0.0,0.0,0.0,6450.0,0.0,0.0,0.0,3942.0,5025.0
779,Minnesota,Hubbard,804.0,2001,Unspecified,Unspecified,1.0,nan,,0.0,0,0,0,0.0,0,0.0,0.0,0.0,0.0,0.0,0.0,0.0,4823.0,11787.0
780,Minnesota,Hubbard,804.0,2002,Unspecified,Unspecified,1.0,nan,,0.0,0,0,0,0.0,0,0.0,0.0,0.0,12236.0,0.0,0.0,0.0,4872.0,0.0
781,Minnesota,Hubbard,804.0,2003,Unspecified,Unspecified,1.0,nan,,0.0,0,0,0,0.0,0,0.0,0.0,0.0,12905.0,0.0,0.0,0.0,6984.0,0.0
782,Minnesota,Hubbard,804.0,2004,Unspecified,Unspecified,1.0,nan,,0.0,0,0,0,0.0,0,0.0,0.0,0.0,13939.0,0.0,0.0,0.0,6389.0,0.0
783,Minnesota,Hubbard,804.0,2005,Unspecified,Unspecified,1.0,nan,,0.0,0,0,0,0.0,0,0.0,0.0,0.0,14811.0,0.0,0.0,0.0,7167.0,0.0
784,Minnesota,Hubbard,804.0,2006,Unspecified,Unspecified,1.0,nan,,0.0,0,0,0,0.0,0,0.0,0.0,0.0,15039.0,0.0,0.0,0.0,6204.0,0.0
785,Minnesota,Hubbard,804.0,2007,Unspecified,Unspecified,1.0,nan,,0.0,0,0,0,0.0,0,0.0,0.0,0.0,15515.0,0.0,0.0,0.0,7867.0,0.0
786,Minnesota,Hubbard,804.0,2008,Unspecified,Unspecified,1.0,nan,,0.0,0,0,0,0.0,0,0.0,0.0,0.0,14647.0,0.0,0.0,0.0,5111.0,0.0
787,Minnesota,Hubbard,804.0,2009,Unspecified,Unspecified,1.0,nan,,0.0,0,0,0,0.0,0,0.0,0.0,0.0,14148.0,0.0,0.0,0.0,5180.0,0.0
788,Minnesota,Hubbard,804.0,2010,Unspecified,Unspecified,1.0,nan,,0.0,0,0,0,0.0,0,0.0,0.0,0.0,13667.0,0.0,0.0,0.0,4733.0,0.0
789,Minnesota,Hubbard,804.0,2011,Unspecified,Unspecified,1.0,nan,,0.0,0,0,0,0.0,0,0.0,0.0,0.0,13605.0,0.0,0.0,0.0,4856.0,0.0
790,Minnesota,Hubbard,804.0,2012,Unspecified,Unspecified,1.0,nan,,0.0,0,0,0,0.0,0,0.0,0.0,0.0,13488.0,0.0,0.0,0.0,4088.0,0.0
791,Minnesota,Hubbard,804.0,2013,Unspecified,Unspecified,1.0,nan,,0.0,0,0,0,0.0,0,0.0,0.0,0.0,13583.0,0.0,0.0,0.0,5009.0,0.0
792,Minnesota,Hubbard,804.0,2014,Unspecified,Unspecified,1.0,nan,,0.0,0,0,0,0.0,0,0.0,0.0,0.0,14158.0,0.0,0.0,0.0,4499.0,0.0
793,Minnesota,Hubbard,804.0,2015,Unspecified,Unspecified,1.0,nan,,0.0,0,0,0,0.0,0,0.0,0.0,0.0,13931.0,0.0,0.0,0.0,4939.0,0.0
794,Minnesota,Hubbard,804.0,2016,Unspecified,Unspecified,1.0,nan,,0.0,0,0,0,0.0,0,0.0,0.0,0.0,14817.0,0.0,0.0,0.0,5181.0,0.0
795,Minnesota,Hubbard,804.0,2017,Unspecified,Unspecified,1.0,nan,,0.0,0,0,0,0.0,0,0.0,0.0,0.0,15406.0,0.0,0.0,0.0,6125.0,112.0
796,Minnesota,Hubbard,804.0,2018,Unspecified,Unspecified,1.0,nan,,0.0,0,0,0,0.0,0,0.0,0.0,0.0,14613.0,0.0,0.0,0.0,5902.0,749.0
797,Minnesota,Hubbard,804.0,2019,Unspecified,Unspecified,1.0,nan,,0.0,0,0,0,0.0,0,0.0,0.0,0.0,11593.0,0.0,0.0,0.0,6068.0,3522.0
798,Minnesota,Hubbard,804.0,2020,Unspecified,Unspecified,1.0,nan,,0.0,0,0,0,0.0,0,0.0,0.0,0.0,10498.0,0.0,0.0,0.0,6414.0,5293.0
799,Minnesota,Hubbard,804.0,2021,Unspecified,Unspecified,1.0,nan,,0.0,0,0,0,0.0,0,0.0,0.0,0.0,11995.0,0.0,0.0,0.0,10453.0,5096.0
800,Minnesota,Hubbard,804.0,2022,Unspecified,Unspecified,1.0,nan,,0.0,0,0,0,0.0,0,0.0,0.0,0.0,10989.0,0.0,0.0,0.0,12490.0,5518.0
801,Minnesota,Isanti,804.0,2000,Unspecified,Unspecified,1.0,nan,,0.0,0,0,0,0.0,0,0.0,0.0,0.0,15661.0,0.0,0.0,0.0,4026.0,0.0
802,Minnesota,Isanti,804.0,2001,Unspecified,Unspecified,1.0,nan,,0.0,0,0,0,0.0,0,0.0,0.0,0.0,19535.0,0.0,0.0,0.0,7786.0,0.0
803,Minnesota,Isanti,804.0,2002,Unspecified,Unspecified,1.0,nan,,0.0,0,0,0,0.0,0,0.0,0.0,0.0,21563.0,0.0,0.0,0.0,13421.0,0.0
804,Minnesota,Isanti,804.0,2003,Unspecified,Unspecified,1.0,nan,,0.0,0,0,0,0.0,0,0.0,0.0,0.0,23137.0,0.0,0.0,0.0,12907.0,0.0
805,Minnesota,Isanti,804.0,2004,Unspecified,Unspecified,1.0,nan,,0.0,0,0,0,0.0,0,0.0,0.0,0.0,23010.0,0.0,0.0,0.0,8334.0,0.0
806,Minnesota,Isanti,804.0,2005,Unspecified,Unspecified,1.0,nan,,0.0,0,0,0,0.0,0,0.0,0.0,0.0,23084.0,0.0,0.0,0.0,5371.0,0.0
807,Minnesota,Isanti,804.0,2006,Unspecified,Unspecified,1.0,nan,,0.0,0,0,0,0.0,0,0.0,0.0,0.0,22721.0,0.0,0.0,0.0,6649.0,0.0
808,Minnesota,Isanti,804.0,2007,Unspecified,Unspecified,1.0,nan,,0.0,0,0,0,0.0,0,0.0,0.0,0.0,21938.0,0.0,0.0,0.0,11076.0,0.0
809,Minnesota,Isanti,804.0,2008,Unspecified,Unspecified,1.0,nan,,0.0,0,0,0,0.0,0,0.0,0.0,0.0,21109.0,0.0,0.0,0.0,9954.0,23.0
810,Minnesota,Isanti,804.0,2009,Unspecified,Unspecified,1.0,nan,,0.0,0,0,0,0.0,0,0.0,0.0,0.0,21636.0,0.0,0.0,0.0,9553.0,3.0
811,Minnesota,Isanti,804.0,2010,Unspecified,Unspecified,1.0,nan,,0.0,0,0,0,0.0,0,0.0,0.0,0.0,23919.0,0.0,0.0,0.0,10622.0,0.0
812,Minnesota,Isanti,804.0,2011,Unspecified,Unspecified,1.0,nan,,0.0,0,0,0,0.0,0,0.0,0.0,0.0,23418.0,0.0,0.0,0.0,11634.0,0.0
813,Minnesota,Isanti,804.0,2012,Unspecified,Unspecified,1.0,nan,,0.0,0,0,0,0.0,0,0.0,0.0,0.0,23904.0,0.0,0.0,0.0,13997.0,0.0
814,Minnesota,Isanti,804.0,2013,Unspecified,Unspecified,1.0,nan,,0.0,0,0,0,0.0,0,0.0,0.0,0.0,24413.0,0.0,0.0,0.0,16434.0,0.0
815,Minnesota,Isanti,804.0,2014,Unspecified,Unspecified,1.0,nan,,0.0,0,0,0,0.0,0,0.0,0.0,0.0,24739.0,0.0,0.0,0.0,11027.0,0.0
816,Minnesota,Isanti,804.0,2015,Unspecified,Unspecified,1.0,nan,,0.0,0,0,0,0.0,0,0.0,0.0,0.0,25868.0,0.0,0.0,0.0,7036.0,0.0
817,Minnesota,Isanti,804.0,2016,Unspecified,Unspecified,1.0,nan,,0.0,0,0,0,0.0,0,0.0,0.0,0.0,24295.0,0.0,0.0,0.0,6955.0,0.0
818,Minnesota,Isanti,804.0,2017,Unspecified,Unspecified,1.0,nan,,0.0,0,0,0,0.0,0,0.0,0.0,0.0,22801.0,0.0,0.0,0.0,9583.0,0.0
819,Minnesota,Isanti,804.0,2018,Unspecified,Unspecified,1.0,nan,,0.0,0,0,0,0.0,0,0.0,0.0,0.0,22907.0,0.0,0.0,0.0,8475.0,0.0
820,Minnesota,Isanti,804.0,2019,Unspecified,Unspecified,1.0,nan,,0.0,0,0,0,0.0,0,0.0,0.0,0.0,27582.0,0.0,0.0,0.0,4310.0,0.0
821,Minnesota,Isanti,804.0,2020,Unspecified,Unspecified,1.0,nan,,0.0,0,0,0,0.0,0,0.0,0.0,0.0,29908.0,0.0,0.0,0.0,7039.0,0.0
822,Minnesota,Isanti,804.0,2021,Unspecified,Unspecified,1.0,nan,,0.0,0,0,0,0.0,0,0.0,0.0,0.0,29908.0,0.0,0.0,0.0,5861.0,0.0
823,Minnesota,Isanti,804.0,2022,Unspecified,Unspecified,1.0,nan,,0.0,0,0,0,0.0,0,0.0,0.0,0.0,32430.0,0.0,0.0,0.0,4526.0,0.0
824,Minnesota,Itasca,804.0,2000,Unspecified,Unspecified,1.0,nan,,0.0,0,0,0,0.0,0,0.0,0.0,0.0,18287.0,0.0,0.0,0.0,12210.0,0.0
825,Minnesota,Itasca,804.0,2001,Unspecified,Unspecified,1.0,nan,,0.0,0,0,0,0.0,0,0.0,0.0,0.0,19467.0,0.0,0.0,0.0,17417.0,0.0
826,Minnesota,Itasca,804.0,2002,Unspecified,Unspecified,1.0,nan,,0.0,0,0,0,0.0,0,0.0,0.0,0.0,24126.0,0.0,0.0,0.0,16181.0,0.0
827,Minnesota,Itasca,804.0,2003,Unspecified,Unspecified,1.0,nan,,0.0,0,0,0,0.0,0,0.0,0.0,0.0,23512.0,0.0,0.0,0.0,12585.0,0.0
828,Minnesota,Itasca,804.0,2004,Unspecified,Unspecified,1.0,nan,,0.0,0,0,0,0.0,0,0.0,0.0,0.0,25173.0,0.0,0.0,0.0,16931.0,0.0
829,Minnesota,Itasca,804.0,2005,Unspecified,Unspecified,1.0,nan,,0.0,0,0,0,0.0,0,0.0,0.0,0.0,26264.0,0.0,0.0,0.0,10983.0,0.0
830,Minnesota,Itasca,804.0,2006,Unspecified,Unspecified,1.0,nan,,0.0,0,0,0,0.0,0,0.0,0.0,0.0,26497.0,0.0,0.0,0.0,9711.0,0.0
831,Minnesota,Itasca,804.0,2007,Unspecified,Unspecified,1.0,nan,,0.0,0,0,0,0.0,0,0.0,0.0,0.0,27731.0,0.0,0.0,0.0,11339.0,0.0
832,Minnesota,Itasca,804.0,2008,Unspecified,Unspecified,1.0,nan,,0.0,0,0,0,0.0,0,0.0,0.0,0.0,25183.0,0.0,0.0,0.0,11774.0,0.0
833,Minnesota,Itasca,804.0,2009,Unspecified,Unspecified,1.0,nan,,0.0,0,0,0,0.0,0,0.0,0.0,0.0,26665.0,0.0,0.0,0.0,11083.0,0.0
834,Minnesota,Itasca,804.0,2010,Unspecified,Unspecified,1.0,nan,,0.0,0,0,0,0.0,0,0.0,0.0,0.0,25705.0,0.0,0.0,0.0,8701.0,0.0
835,Minnesota,Itasca,804.0,2011,Unspecified,Unspecified,1.0,nan,,0.0,0,0,0,0.0,0,0.0,0.0,0.0,23477.0,0.0,0.0,0.0,11312.0,0.0
836,Minnesota,Itasca,804.0,2012,Unspecified,Unspecified,1.0,nan,,0.0,0,0,0,0.0,0,0.0,0.0,0.0,22773.0,0.0,0.0,0.0,13225.0,0.0
837,Minnesota,Itasca,804.0,2013,Unspecified,Unspecified,1.0,nan,,0.0,0,0,0,0.0,0,0.0,0.0,0.0,21289.0,0.0,0.0,0.0,14595.0,0.0
838,Minnesota,Itasca,804.0,2014,Unspecified,Unspecified,1.0,nan,,0.0,0,0,0,0.0,0,0.0,0.0,0.0,21818.0,0.0,0.0,0.0,16593.0,0.0
839,Minnesota,Itasca,804.0,2015,Unspecified,Unspecified,1.0,nan,,0.0,0,0,0,0.0,0,0.0,0.0,0.0,22219.0,0.0,0.0,0.0,11160.0,0.0
840,Minnesota,Itasca,804.0,2016,Unspecified,Unspecified,1.0,nan,,0.0,0,0,0,0.0,0,0.0,0.0,0.0,22755.0,0.0,0.0,0.0,10849.0,0.0
841,Minnesota,Itasca,804.0,2017,Unspecified,Unspecified,1.0,nan,,0.0,0,0,0,0.0,0,0.0,0.0,0.0,25492.0,0.0,0.0,0.0,8917.0,0.0
842,Minnesota,Itasca,804.0,2018,Unspecified,Unspecified,1.0,nan,,0.0,0,0,0,0.0,0,0.0,0.0,0.0,24613.0,0.0,0.0,0.0,11176.0,0.0
843,Minnesota,Itasca,804.0,2019,Unspecified,Unspecified,1.0,nan,,0.0,0,0,0,0.0,0,0.0,0.0,0.0,26036.0,0.0,0.0,0.0,7810.0,0.0
844,Minnesota,Itasca,804.0,2020,Unspecified,Unspecified,1.0,nan,,0.0,0,0,0,0.0,0,0.0,0.0,0.0,29194.0,0.0,0.0,0.0,8428.0,0.0
845,Minnesota,Itasca,804.0,2021,Unspecified,Unspecified,1.0,nan,,0.0,0,0,0,0.0,0,0.0,0.0,0.0,30286.0,0.0,0.0,0.0,10253.0,0.0
846,Minnesota,Itasca,804.0,2022,Unspecified,Unspecified,1.0,nan,,0.0,0,0,0,0.0,0,0.0,0.0,0.0,28422.0,0.0,0.0,0.0,10768.0,0.0
847,Minnesota,Jackson,804.0,2000,Unspecified,Unspecified,1.0,nan,,0.0,0,0,0,0.0,0,0.0,0.0,0.0,3827.0,0.0,0.0,0.0,1987.0,0.0
848,Minnesota,Jackson,804.0,2001,Unspecified,Unspecified,1.0,nan,,0.0,0,0,0,0.0,0,0.0,0.0,0.0,3740.0,0.0,0.0,0.0,2197.0,0.0
849,Minnesota,Jackson,804.0,2002,Unspecified,Unspecified,1.0,nan,,0.0,0,0,0,0.0,0,0.0,0.0,0.0,3883.0,0.0,0.0,0.0,2275.0,0.0
850,Minnesota,Jackson,804.0,2003,Unspecified,Unspecified,1.0,nan,,0.0,0,0,0,0.0,0,0.0,0.0,0.0,3718.0,0.0,0.0,0.0,2318.0,0.0
851,Minnesota,Jackson,804.0,2004,Unspecified,Unspecified,1.0,nan,,0.0,0,0,0,0.0,0,0.0,0.0,0.0,3462.0,0.0,0.0,0.0,2594.0,0.0
852,Minnesota,Jackson,804.0,2005,Unspecified,Unspecified,1.0,nan,,0.0,0,0,0,0.0,0,0.0,0.0,0.0,3722.0,0.0,0.0,0.0,2227.0,0.0
853,Minnesota,Jackson,804.0,2006,Unspecified,Unspecified,1.0,nan,,0.0,0,0,0,0.0,0,0.0,0.0,0.0,4206.0,0.0,0.0,0.0,3323.0,0.0
854,Minnesota,Jackson,804.0,2007,Unspecified,Unspecified,1.0,nan,,0.0,0,0,0,0.0,0,0.0,0.0,0.0,4564.0,0.0,0.0,0.0,3691.0,0.0
855,Minnesota,Jackson,804.0,2008,Unspecified,Unspecified,1.0,nan,,0.0,0,0,0,0.0,0,0.0,0.0,0.0,4599.0,0.0,0.0,0.0,3739.0,0.0
856,Minnesota,Jackson,804.0,2009,Unspecified,Unspecified,1.0,nan,,0.0,0,0,0,0.0,0,0.0,0.0,0.0,4260.0,0.0,0.0,0.0,3680.0,0.0
857,Minnesota,Jackson,804.0,2010,Unspecified,Unspecified,1.0,nan,,0.0,0,0,0,0.0,0,0.0,0.0,0.0,4592.0,0.0,0.0,0.0,3892.0,0.0
858,Minnesota,Jackson,804.0,2011,Unspecified,Unspecified,1.0,nan,,0.0,0,0,0,0.0,0,0.0,0.0,0.0,5790.0,0.0,0.0,0.0,3855.0,0.0
859,Minnesota,Jackson,804.0,2012,Unspecified,Unspecified,1.0,nan,,0.0,0,0,0,0.0,0,0.0,0.0,0.0,4993.0,0.0,0.0,0.0,4138.0,0.0
860,Minnesota,Jackson,804.0,2013,Unspecified,Unspecified,1.0,nan,,0.0,0,0,0,0.0,0,0.0,0.0,0.0,4764.0,0.0,0.0,0.0,4623.0,0.0
861,Minnesota,Jackson,804.0,2014,Unspecified,Unspecified,1.0,nan,,0.0,0,0,0,0.0,0,0.0,0.0,0.0,4658.0,0.0,0.0,0.0,5493.0,0.0
862,Minnesota,Jackson,804.0,2015,Unspecified,Unspecified,1.0,nan,,0.0,0,0,0,0.0,0,0.0,0.0,0.0,4704.0,0.0,0.0,0.0,3796.0,0.0
863,Minnesota,Jackson,804.0,2016,Unspecified,Unspecified,1.0,nan,,0.0,0,0,0,0.0,0,0.0,0.0,0.0,5857.0,0.0,0.0,0.0,4387.0,0.0
864,Minnesota,Jackson,804.0,2017,Unspecified,Unspecified,1.0,nan,,0.0,0,0,0,0.0,0,0.0,0.0,0.0,5336.0,0.0,0.0,0.0,3199.0,0.0
865,Minnesota,Jackson,804.0,2018,Unspecified,Unspecified,1.0,nan,,0.0,0,0,0,0.0,0,0.0,0.0,0.0,5147.0,0.0,0.0,0.0,4510.0,0.0
866,Minnesota,Jackson,804.0,2019,Unspecified,Unspecified,1.0,nan,,0.0,0,0,0,0.0,0,0.0,0.0,0.0,5202.0,0.0,0.0,0.0,3336.0,80.0
867,Minnesota,Jackson,804.0,2020,Unspecified,Unspecified,1.0,nan,,0.0,0,0,0,0.0,0,0.0,0.0,0.0,5687.0,0.0,0.0,0.0,3793.0,36.0
868,Minnesota,Jackson,804.0,2021,Unspecified,Unspecified,1.0,nan,,0.0,0,0,0,0.0,0,0.0,0.0,0.0,4410.0,0.0,0.0,0.0,4153.0,5.0
869,Minnesota,Jackson,804.0,2022,Unspecified,Unspecified,1.0,nan,,0.0,0,0,0,0.0,0,0.0,0.0,0.0,4319.0,0.0,0.0,0.0,3533.0,3.0
870,Minnesota,Kanabec,804.0,2000,Unspecified,Unspecified,1.0,nan,,0.0,0,0,0,0.0,0,0.0,0.0,0.0,7455.0,0.0,0.0,0.0,4595.0,0.0
871,Minnesota,Kanabec,804.0,2001,Unspecified,Unspecified,1.0,nan,,0.0,0,0,0,0.0,0,0.0,0.0,0.0,8431.0,0.0,0.0,0.0,1967.0,0.0
872,Minnesota,Kanabec,804.0,2002,Unspecified,Unspecified,1.0,nan,,0.0,0,0,0,0.0,0,0.0,0.0,0.0,8605.0,0.0,0.0,0.0,2293.0,0.0
873,Minnesota,Kanabec,804.0,2003,Unspecified,Unspecified,1.0,nan,,0.0,0,0,0,0.0,0,0.0,0.0,0.0,9281.0,0.0,0.0,0.0,1587.0,0.0
874,Minnesota,Kanabec,804.0,2004,Unspecified,Unspecified,1.0,nan,,0.0,0,0,0,0.0,0,0.0,0.0,0.0,9315.0,0.0,0.0,0.0,1305.0,0.0
875,Minnesota,Kanabec,804.0,2005,Unspecified,Unspecified,1.0,nan,,0.0,0,0,0,0.0,0,0.0,0.0,0.0,9174.0,0.0,0.0,0.0,1260.0,0.0
876,Minnesota,Kanabec,804.0,2006,Unspecified,Unspecified,1.0,nan,,0.0,0,0,0,0.0,0,0.0,0.0,0.0,8192.0,0.0,0.0,0.0,2374.0,0.0
877,Minnesota,Kanabec,804.0,2007,Unspecified,Unspecified,1.0,nan,,0.0,0,0,0,0.0,0,0.0,0.0,0.0,8024.0,0.0,0.0,0.0,2750.0,0.0
878,Minnesota,Kanabec,804.0,2008,Unspecified,Unspecified,1.0,nan,,0.0,0,0,0,0.0,0,0.0,0.0,0.0,7488.0,0.0,0.0,0.0,2513.0,0.0
879,Minnesota,Kanabec,804.0,2009,Unspecified,Unspecified,1.0,nan,,0.0,0,0,0,0.0,0,0.0,0.0,0.0,7498.0,0.0,0.0,0.0,2106.0,0.0
880,Minnesota,Kanabec,804.0,2010,Unspecified,Unspecified,1.0,nan,,0.0,0,0,0,0.0,0,0.0,0.0,0.0,7674.0,0.0,0.0,0.0,1988.0,0.0
881,Minnesota,Kanabec,804.0,2011,Unspecified,Unspecified,1.0,nan,,0.0,0,0,0,0.0,0,0.0,0.0,0.0,7452.0,0.0,0.0,0.0,2522.0,0.0
882,Minnesota,Kanabec,804.0,2012,Unspecified,Unspecified,1.0,nan,,0.0,0,0,0,0.0,0,0.0,0.0,0.0,7249.0,0.0,0.0,0.0,2536.0,0.0
883,Minnesota,Kanabec,804.0,2013,Unspecified,Unspecified,1.0,nan,,0.0,0,0,0,0.0,0,0.0,0.0,0.0,7230.0,0.0,0.0,0.0,1641.0,0.0
884,Minnesota,Kanabec,804.0,2014,Unspecified,Unspecified,1.0,nan,,0.0,0,0,0,0.0,0,0.0,0.0,0.0,7179.0,0.0,0.0,0.0,1351.0,0.0
885,Minnesota,Kanabec,804.0,2015,Unspecified,Unspecified,1.0,nan,,0.0,0,0,0,0.0,0,0.0,0.0,0.0,9137.0,0.0,0.0,0.0,1274.0,0.0
886,Minnesota,Kanabec,804.0,2016,Unspecified,Unspecified,1.0,nan,,0.0,0,0,0,0.0,0,0.0,0.0,0.0,7554.0,0.0,0.0,0.0,927.0,0.0
887,Minnesota,Kanabec,804.0,2017,Unspecified,Unspecified,1.0,nan,,0.0,0,0,0,0.0,0,0.0,0.0,0.0,8257.0,0.0,0.0,0.0,1121.0,0.0
888,Minnesota,Kanabec,804.0,2018,Unspecified,Unspecified,1.0,nan,,0.0,0,0,0,0.0,0,0.0,0.0,0.0,8890.0,0.0,0.0,0.0,1243.0,0.0
889,Minnesota,Kanabec,804.0,2019,Unspecified,Unspecified,1.0,nan,,0.0,0,0,0,0.0,0,0.0,0.0,0.0,9698.0,0.0,0.0,0.0,1107.0,0.0
890,Minnesota,Kanabec,804.0,2020,Unspecified,Unspecified,1.0,nan,,0.0,0,0,0,0.0,0,0.0,0.0,0.0,39458.0,0.0,0.0,0.0,2556.0,0.0
891,Minnesota,Kanabec,804.0,2021,Unspecified,Unspecified,1.0,nan,,0.0,0,0,0,0.0,0,0.0,0.0,0.0,10357.0,0.0,0.0,0.0,1033.0,0.0
892,Minnesota,Kanabec,804.0,2022,Unspecified,Unspecified,1.0,nan,,0.0,0,0,0,0.0,0,0.0,0.0,0.0,10355.0,0.0,0.0,0.0,2166.0,0.0
893,Minnesota,Kandiyohi,804.0,2000,Unspecified,Unspecified,1.0,nan,,0.0,0,0,0,0.0,0,0.0,0.0,0.0,24264.0,0.0,0.0,0.0,6897.0,0.0
894,Minnesota,Kandiyohi,804.0,2001,Unspecified,Unspecified,1.0,nan,,0.0,0,0,0,0.0,0,0.0,0.0,0.0,25248.0,0.0,0.0,0.0,7196.0,0.0
895,Minnesota,Kandiyohi,804.0,2002,Unspecified,Unspecified,1.0,nan,,0.0,0,0,0,0.0,0,0.0,0.0,0.0,27694.0,0.0,0.0,0.0,7244.0,0.0
896,Minnesota,Kandiyohi,804.0,2003,Unspecified,Unspecified,1.0,nan,,0.0,0,0,0,0.0,0,0.0,0.0,0.0,25245.0,0.0,0.0,0.0,7243.0,0.0
897,Minnesota,Kandiyohi,804.0,2004,Unspecified,Unspecified,1.0,nan,,0.0,0,0,0,0.0,0,0.0,0.0,0.0,25446.0,0.0,0.0,0.0,7246.0,0.0
898,Minnesota,Kandiyohi,804.0,2005,Unspecified,Unspecified,1.0,nan,,0.0,0,0,0,0.0,0,0.0,0.0,0.0,28443.0,0.0,0.0,0.0,7309.0,0.0
899,Minnesota,Kandiyohi,804.0,2006,Unspecified,Unspecified,1.0,nan,,0.0,0,0,0,0.0,0,0.0,0.0,0.0,28118.0,0.0,0.0,0.0,6975.0,0.0
900,Minnesota,Kandiyohi,804.0,2007,Unspecified,Unspecified,1.0,nan,,0.0,0,0,0,0.0,0,0.0,0.0,0.0,22888.0,0.0,0.0,0.0,7106.0,0.0
901,Minnesota,Kandiyohi,804.0,2008,Unspecified,Unspecified,1.0,nan,,0.0,0,0,0,0.0,0,0.0,0.0,0.0,23150.0,0.0,0.0,0.0,7137.0,0.0
902,Minnesota,Kandiyohi,804.0,2009,Unspecified,Unspecified,1.0,nan,,0.0,0,0,0,0.0,0,0.0,0.0,0.0,25043.0,0.0,0.0,0.0,7403.0,0.0
903,Minnesota,Kandiyohi,804.0,2010,Unspecified,Unspecified,1.0,nan,,0.0,0,0,0,0.0,0,0.0,0.0,0.0,27477.0,0.0,0.0,0.0,5430.0,0.0
904,Minnesota,Kandiyohi,804.0,2011,Unspecified,Unspecified,1.0,nan,,0.0,0,0,0,0.0,0,0.0,0.0,0.0,27828.0,0.0,0.0,0.0,5715.0,0.0
905,Minnesota,Kandiyohi,804.0,2012,Unspecified,Unspecified,1.0,nan,,0.0,0,0,0,0.0,0,0.0,0.0,0.0,24773.0,0.0,0.0,0.0,6724.0,0.0
906,Minnesota,Kandiyohi,804.0,2013,Unspecified,Unspecified,1.0,nan,,0.0,0,0,0,0.0,0,0.0,0.0,0.0,27599.0,0.0,0.0,0.0,4256.0,0.0
907,Minnesota,Kandiyohi,804.0,2014,Unspecified,Unspecified,1.0,nan,,0.0,0,0,0,0.0,0,0.0,0.0,0.0,29318.0,0.0,0.0,0.0,6119.0,0.0
908,Minnesota,Kandiyohi,804.0,2015,Unspecified,Unspecified,1.0,nan,,0.0,0,0,0,0.0,0,0.0,0.0,0.0,32817.0,0.0,0.0,0.0,6065.0,0.0
909,Minnesota,Kandiyohi,804.0,2016,Unspecified,Unspecified,1.0,nan,,0.0,0,0,0,0.0,0,0.0,0.0,0.0,28361.0,0.0,0.0,0.0,5802.0,0.0
910,Minnesota,Kandiyohi,804.0,2017,Unspecified,Unspecified,1.0,nan,,0.0,0,0,0,0.0,0,0.0,0.0,0.0,30556.0,0.0,0.0,0.0,6983.0,0.0
911,Minnesota,Kandiyohi,804.0,2018,Unspecified,Unspecified,1.0,nan,,0.0,0,0,0,0.0,0,0.0,0.0,0.0,30003.0,0.0,0.0,0.0,5649.0,0.0
912,Minnesota,Kandiyohi,804.0,2019,Unspecified,Unspecified,1.0,nan,,0.0,0,0,0,0.0,0,0.0,0.0,0.0,31105.0,0.0,0.0,0.0,6476.0,0.0
913,Minnesota,Kandiyohi,804.0,2020,Unspecified,Unspecified,1.0,nan,,0.0,0,0,0,0.0,0,0.0,0.0,0.0,33937.0,0.0,0.0,0.0,6957.0,0.0
914,Minnesota,Kandiyohi,804.0,2021,Unspecified,Unspecified,1.0,nan,,0.0,0,0,0,0.0,0,0.0,0.0,0.0,33515.0,0.0,0.0,0.0,6929.0,0.0
915,Minnesota,Kandiyohi,804.0,2022,Unspecified,Unspecified,1.0,nan,,0.0,0,0,0,0.0,0,0.0,0.0,0.0,34158.0,0.0,0.0,0.0,12487.0,0.0
916,Minnesota,Kittson,804.0,2000,Unspecified,Unspecified,1.0,nan,,0.0,0,0,0,0.0,0,0.0,0.0,0.0,1967.0,0.0,0.0,0.0,517.0,0.0
917,Minnesota,Kittson,804.0,2001,Unspecified,Unspecified,1.0,nan,,0.0,0,0,0,0.0,0,0.0,0.0,0.0,1902.0,0.0,0.0,0.0,511.0,0.0
918,Minnesota,Kittson,804.0,2002,Unspecified,Unspecified,1.0,nan,,0.0,0,0,0,0.0,0,0.0,0.0,0.0,1398.0,0.0,0.0,0.0,562.0,0.0
919,Minnesota,Kittson,804.0,2003,Unspecified,Unspecified,1.0,nan,,0.0,0,0,0,0.0,0,0.0,0.0,0.0,1707.0,0.0,0.0,0.0,559.0,0.0
920,Minnesota,Kittson,804.0,2004,Unspecified,Unspecified,1.0,nan,,0.0,0,0,0,0.0,0,0.0,0.0,0.0,1738.0,0.0,0.0,0.0,581.0,0.0
921,Minnesota,Kittson,804.0,2005,Unspecified,Unspecified,1.0,nan,,0.0,0,0,0,0.0,0,0.0,0.0,0.0,1727.0,0.0,0.0,0.0,640.0,0.0
922,Minnesota,Kittson,804.0,2006,Unspecified,Unspecified,1.0,nan,,0.0,0,0,0,0.0,0,0.0,0.0,0.0,1653.0,0.0,0.0,0.0,579.0,0.0
923,Minnesota,Kittson,804.0,2007,Unspecified,Unspecified,1.0,nan,,0.0,0,0,0,0.0,0,0.0,0.0,0.0,1747.0,0.0,0.0,0.0,578.0,0.0
924,Minnesota,Kittson,804.0,2008,Unspecified,Unspecified,1.0,nan,,0.0,0,0,0,0.0,0,0.0,0.0,0.0,1590.0,0.0,0.0,0.0,559.0,0.0
925,Minnesota,Kittson,804.0,2009,Unspecified,Unspecified,1.0,nan,,0.0,0,0,0,0.0,0,0.0,0.0,0.0,1610.0,0.0,0.0,0.0,527.0,0.0
926,Minnesota,Kittson,804.0,2010,Unspecified,Unspecified,1.0,nan,,0.0,0,0,0,0.0,0,0.0,0.0,0.0,1600.0,0.0,0.0,0.0,588.0,0.0
927,Minnesota,Kittson,804.0,2011,Unspecified,Unspecified,1.0,nan,,0.0,0,0,0,0.0,0,0.0,0.0,0.0,1596.0,0.0,0.0,0.0,661.0,0.0
928,Minnesota,Kittson,804.0,2012,Unspecified,Unspecified,1.0,nan,,0.0,0,0,0,0.0,0,0.0,0.0,0.0,1610.0,0.0,0.0,0.0,403.0,0.0
929,Minnesota,Kittson,804.0,2013,Unspecified,Unspecified,1.0,nan,,0.0,0,0,0,0.0,0,0.0,0.0,0.0,1684.0,0.0,0.0,0.0,426.0,0.0
930,Minnesota,Kittson,804.0,2014,Unspecified,Unspecified,1.0,nan,,0.0,0,0,0,0.0,0,0.0,0.0,0.0,1745.0,0.0,0.0,0.0,2048.0,0.0
931,Minnesota,Kittson,804.0,2015,Unspecified,Unspecified,1.0,nan,,0.0,0,0,0,0.0,0,0.0,0.0,0.0,1743.0,0.0,0.0,0.0,2139.0,0.0
932,Minnesota,Kittson,804.0,2016,Unspecified,Unspecified,1.0,nan,,0.0,0,0,0,0.0,0,0.0,0.0,0.0,1737.0,0.0,0.0,0.0,2298.0,0.0
933,Minnesota,Kittson,804.0,2017,Unspecified,Unspecified,1.0,nan,,0.0,0,0,0,0.0,0,0.0,0.0,0.0,1746.0,0.0,0.0,0.0,3584.0,0.0
934,Minnesota,Kittson,804.0,2018,Unspecified,Unspecified,1.0,nan,,0.0,0,0,0,0.0,0,0.0,0.0,0.0,1755.0,0.0,0.0,0.0,351.0,0.0
935,Minnesota,Kittson,804.0,2019,Unspecified,Unspecified,1.0,nan,,0.0,0,0,0,0.0,0,0.0,0.0,0.0,1719.0,0.0,0.0,0.0,1377.0,0.0
936,Minnesota,Kittson,804.0,2020,Unspecified,Unspecified,1.0,nan,,0.0,0,0,0,0.0,0,0.0,0.0,0.0,1767.0,0.0,0.0,0.0,1534.0,0.0
937,Minnesota,Kittson,804.0,2021,Unspecified,Unspecified,1.0,nan,,0.0,0,0,0,0.0,0,0.0,0.0,0.0,1605.0,0.0,0.0,0.0,241.0,0.0
938,Minnesota,Kittson,804.0,2022,Unspecified,Unspecified,1.0,nan,,0.0,0,0,0,0.0,0,0.0,0.0,0.0,2185.0,0.0,0.0,0.0,1322.0,0.0
939,Minnesota,Koochiching,804.0,2000,Unspecified,Unspecified,1.0,nan,,0.0,0,0,0,0.0,0,0.0,0.0,0.0,7663.0,0.0,0.0,0.0,705.0,0.0
940,Minnesota,Koochiching,804.0,2001,Unspecified,Unspecified,1.0,nan,,0.0,0,0,0,0.0,0,0.0,0.0,0.0,8055.0,0.0,0.0,0.0,800.0,0.0
941,Minnesota,Koochiching,804.0,2002,Unspecified,Unspecified,1.0,nan,,0.0,0,0,0,0.0,0,0.0,0.0,0.0,7866.0,0.0,0.0,0.0,1464.0,0.0
942,Minnesota,Koochiching,804.0,2003,Unspecified,Unspecified,1.0,nan,,0.0,0,0,0,0.0,0,0.0,0.0,0.0,7945.0,0.0,0.0,0.0,1140.0,0.0
943,Minnesota,Koochiching,804.0,2004,Unspecified,Unspecified,1.0,nan,,0.0,0,0,0,0.0,0,0.0,0.0,0.0,8388.0,0.0,0.0,0.0,1087.0,0.0
944,Minnesota,Koochiching,804.0,2005,Unspecified,Unspecified,1.0,nan,,0.0,0,0,0,0.0,0,0.0,0.0,0.0,8278.0,0.0,0.0,0.0,1151.0,0.0
945,Minnesota,Koochiching,804.0,2006,Unspecified,Unspecified,1.0,nan,,0.0,0,0,0,0.0,0,0.0,0.0,0.0,8069.0,0.0,0.0,0.0,975.0,0.0
946,Minnesota,Koochiching,804.0,2007,Unspecified,Unspecified,1.0,nan,,0.0,0,0,0,0.0,0,0.0,0.0,0.0,7962.0,0.0,0.0,0.0,930.0,0.0
947,Minnesota,Koochiching,804.0,2008,Unspecified,Unspecified,1.0,nan,,0.0,0,0,0,0.0,0,0.0,0.0,0.0,7652.0,0.0,0.0,0.0,920.0,0.0
948,Minnesota,Koochiching,804.0,2009,Unspecified,Unspecified,1.0,nan,,0.0,0,0,0,0.0,0,0.0,0.0,0.0,7456.0,0.0,0.0,0.0,748.0,0.0
949,Minnesota,Koochiching,804.0,2010,Unspecified,Unspecified,1.0,nan,,0.0,0,0,0,0.0,0,0.0,0.0,0.0,7655.0,0.0,0.0,0.0,776.0,0.0
950,Minnesota,Koochiching,804.0,2011,Unspecified,Unspecified,1.0,nan,,0.0,0,0,0,0.0,0,0.0,0.0,0.0,7446.0,0.0,0.0,0.0,655.0,0.0
951,Minnesota,Koochiching,804.0,2012,Unspecified,Unspecified,1.0,nan,,0.0,0,0,0,0.0,0,0.0,0.0,0.0,7340.0,0.0,0.0,0.0,4761.0,0.0
952,Minnesota,Koochiching,804.0,2013,Unspecified,Unspecified,1.0,nan,,0.0,0,0,0,0.0,0,0.0,0.0,0.0,7201.0,0.0,0.0,0.0,5817.0,0.0
953,Minnesota,Koochiching,804.0,2014,Unspecified,Unspecified,1.0,nan,,0.0,0,0,0,0.0,0,0.0,0.0,0.0,7228.0,0.0,0.0,0.0,5998.0,0.0
954,Minnesota,Koochiching,804.0,2015,Unspecified,Unspecified,1.0,nan,,0.0,0,0,0,0.0,0,0.0,0.0,0.0,7184.0,0.0,0.0,0.0,5319.0,0.0
955,Minnesota,Koochiching,804.0,2016,Unspecified,Unspecified,1.0,nan,,0.0,0,0,0,0.0,0,0.0,0.0,0.0,7085.0,0.0,0.0,0.0,3924.0,0.0
956,Minnesota,Koochiching,804.0,2017,Unspecified,Unspecified,1.0,nan,,0.0,0,0,0,0.0,0,0.0,0.0,0.0,7025.0,0.0,0.0,0.0,5209.0,0.0
957,Minnesota,Koochiching,804.0,2018,Unspecified,Unspecified,1.0,nan,,0.0,0,0,0,0.0,0,0.0,0.0,0.0,7232.0,0.0,0.0,0.0,3637.0,0.0
958,Minnesota,Koochiching,804.0,2019,Unspecified,Unspecified,1.0,nan,,0.0,0,0,0,0.0,0,0.0,0.0,0.0,7429.0,0.0,0.0,0.0,3080.0,0.0
959,Minnesota,Koochiching,804.0,2020,Unspecified,Unspecified,1.0,nan,,0.0,0,0,0,0.0,0,0.0,0.0,0.0,7493.0,0.0,0.0,0.0,3832.0,0.0
960,Minnesota,Koochiching,804.0,2021,Unspecified,Unspecified,1.0,nan,,0.0,0,0,0,0.0,0,0.0,0.0,0.0,8657.0,0.0,0.0,0.0,4890.0,0.0
961,Minnesota,Koochiching,804.0,2022,Unspecified,Unspecified,1.0,nan,,0.0,0,0,0,0.0,0,0.0,0.0,0.0,8372.0,0.0,0.0,0.0,4381.0,0.0
962,Minnesota,Lac qui parle,804.0,2000,Unspecified,Unspecified,1.0,nan,,0.0,0,0,0,0.0,0,0.0,0.0,0.0,2063.0,0.0,0.0,0.0,1271.0,0.0
963,Minnesota,Lac qui parle,804.0,2001,Unspecified,Unspecified,1.0,nan,,0.0,0,0,0,0.0,0,0.0,0.0,0.0,2900.0,0.0,0.0,0.0,1273.0,0.0
964,Minnesota,Lac qui parle,804.0,2002,Unspecified,Unspecified,1.0,nan,,0.0,0,0,0,0.0,0,0.0,0.0,0.0,2706.0,0.0,0.0,0.0,1299.0,0.0
965,Minnesota,Lac qui parle,804.0,2003,Unspecified,Unspecified,1.0,nan,,0.0,0,0,0,0.0,0,0.0,0.0,0.0,2724.0,0.0,0.0,0.0,1543.0,0.0
966,Minnesota,Lac qui parle,804.0,2004,Unspecified,Unspecified,1.0,nan,,0.0,0,0,0,0.0,0,0.0,0.0,0.0,2840.0,0.0,0.0,0.0,1237.0,0.0
967,Minnesota,Lac qui parle,804.0,2005,Unspecified,Unspecified,1.0,nan,,0.0,0,0,0,0.0,0,0.0,0.0,0.0,3485.0,0.0,0.0,0.0,1105.0,0.0
968,Minnesota,Lac qui parle,804.0,2006,Unspecified,Unspecified,1.0,nan,,0.0,0,0,0,0.0,0,0.0,0.0,0.0,3607.0,0.0,0.0,0.0,1531.0,0.0
969,Minnesota,Lac qui parle,804.0,2007,Unspecified,Unspecified,1.0,nan,,0.0,0,0,0,0.0,0,0.0,0.0,0.0,3607.0,0.0,0.0,0.0,1317.0,0.0
970,Minnesota,Lac qui parle,804.0,2008,Unspecified,Unspecified,1.0,nan,,0.0,0,0,0,0.0,0,0.0,0.0,0.0,3293.0,0.0,0.0,0.0,1776.0,0.0
971,Minnesota,Lac qui parle,804.0,2009,Unspecified,Unspecified,1.0,nan,,0.0,0,0,0,0.0,0,0.0,0.0,0.0,2928.0,0.0,0.0,0.0,2378.0,0.0
972,Minnesota,Lac qui parle,804.0,2010,Unspecified,Unspecified,1.0,nan,,0.0,0,0,0,0.0,0,0.0,0.0,0.0,3286.0,0.0,0.0,0.0,2324.0,0.0
973,Minnesota,Lac qui parle,804.0,2011,Unspecified,Unspecified,1.0,nan,,0.0,0,0,0,0.0,0,0.0,0.0,0.0,3204.0,0.0,0.0,0.0,2369.0,0.0
974,Minnesota,Lac qui parle,804.0,2012,Unspecified,Unspecified,1.0,nan,,0.0,0,0,0,0.0,0,0.0,0.0,0.0,3416.0,0.0,0.0,0.0,1977.0,0.0
975,Minnesota,Lac qui parle,804.0,2013,Unspecified,Unspecified,1.0,nan,,0.0,0,0,0,0.0,0,0.0,0.0,0.0,3530.0,0.0,0.0,0.0,1630.0,0.0
976,Minnesota,Lac qui parle,804.0,2014,Unspecified,Unspecified,1.0,nan,,0.0,0,0,0,0.0,0,0.0,0.0,0.0,3519.0,0.0,0.0,0.0,1504.0,0.0
977,Minnesota,Lac qui parle,804.0,2015,Unspecified,Unspecified,1.0,nan,,0.0,0,0,0,0.0,0,0.0,0.0,0.0,4452.0,0.0,0.0,0.0,1485.0,0.0
978,Minnesota,Lac qui parle,804.0,2016,Unspecified,Unspecified,1.0,nan,,0.0,0,0,0,0.0,0,0.0,0.0,0.0,4268.0,0.0,0.0,0.0,1820.0,0.0
979,Minnesota,Lac qui parle,804.0,2017,Unspecified,Unspecified,1.0,nan,,0.0,0,0,0,0.0,0,0.0,0.0,0.0,3862.0,0.0,0.0,0.0,2094.0,0.0
980,Minnesota,Lac qui parle,804.0,2018,Unspecified,Unspecified,1.0,nan,,0.0,0,0,0,0.0,0,0.0,0.0,0.0,4799.0,0.0,0.0,0.0,2129.0,0.0
981,Minnesota,Lac qui parle,804.0,2019,Unspecified,Unspecified,1.0,nan,,0.0,0,0,0,0.0,0,0.0,0.0,0.0,4550.0,0.0,0.0,0.0,1648.0,0.0
982,Minnesota,Lac qui parle,804.0,2020,Unspecified,Unspecified,1.0,nan,,0.0,0,0,0,0.0,0,0.0,0.0,0.0,4272.0,0.0,0.0,0.0,2214.0,0.0
983,Minnesota,Lac qui parle,804.0,2021,Unspecified,Unspecified,1.0,nan,,0.0,0,0,0,0.0,0,0.0,0.0,0.0,4533.0,0.0,0.0,0.0,2243.0,0.0
984,Minnesota,Lac qui parle,804.0,2022,Unspecified,Unspecified,1.0,nan,,0.0,0,0,0,0.0,0,0.0,0.0,0.0,4787.0,0.0,0.0,0.0,2356.0,0.0
985,Minnesota,Lake,804.0,2000,Unspecified,Unspecified,1.0,nan,,0.0,0,0,0,0.0,0,0.0,0.0,0.0,4922.0,0.0,0.0,0.0,2533.0,0.0
986,Minnesota,Lake,804.0,2001,Unspecified,Unspecified,1.0,nan,,0.0,0,0,0,0.0,0,0.0,0.0,0.0,4923.0,0.0,0.0,0.0,2452.0,0.0
987,Minnesota,Lake,804.0,2002,Unspecified,Unspecified,1.0,nan,,0.0,0,0,0,0.0,0,0.0,0.0,0.0,5112.0,0.0,0.0,0.0,2230.0,0.0
988,Minnesota,Lake,804.0,2003,Unspecified,Unspecified,1.0,nan,,0.0,0,0,0,0.0,0,0.0,0.0,0.0,5282.0,0.0,0.0,0.0,1581.0,0.0
989,Minnesota,Lake,804.0,2004,Unspecified,Unspecified,1.0,nan,,0.0,0,0,0,0.0,0,0.0,0.0,0.0,6501.0,0.0,0.0,0.0,2413.0,0.0
990,Minnesota,Lake,804.0,2005,Unspecified,Unspecified,1.0,nan,,0.0,0,0,0,0.0,0,0.0,0.0,0.0,5566.0,0.0,0.0,0.0,2481.0,0.0
991,Minnesota,Lake,804.0,2006,Unspecified,Unspecified,1.0,nan,,0.0,0,0,0,0.0,0,0.0,0.0,0.0,6667.0,0.0,0.0,0.0,2159.0,0.0
992,Minnesota,Lake,804.0,2007,Unspecified,Unspecified,1.0,nan,,0.0,0,0,0,0.0,0,0.0,0.0,0.0,5313.0,0.0,0.0,0.0,2384.0,0.0
993,Minnesota,Lake,804.0,2008,Unspecified,Unspecified,1.0,nan,,0.0,0,0,0,0.0,0,0.0,0.0,0.0,5491.0,0.0,0.0,0.0,2511.0,0.0
994,Minnesota,Lake,804.0,2009,Unspecified,Unspecified,1.0,nan,,0.0,0,0,0,0.0,0,0.0,0.0,0.0,5487.0,0.0,0.0,0.0,1246.0,0.0
995,Minnesota,Lake,804.0,2010,Unspecified,Unspecified,1.0,nan,,0.0,0,0,0,0.0,0,0.0,0.0,0.0,4721.0,0.0,0.0,0.0,2219.0,0.0
996,Minnesota,Lake,804.0,2011,Unspecified,Unspecified,1.0,nan,,0.0,0,0,0,0.0,0,0.0,0.0,0.0,4322.0,0.0,0.0,0.0,1774.0,0.0
997,Minnesota,Lake,804.0,2012,Unspecified,Unspecified,1.0,nan,,0.0,0,0,0,0.0,0,0.0,0.0,0.0,5644.0,0.0,0.0,0.0,1680.0,0.0
998,Minnesota,Lake,804.0,2013,Unspecified,Unspecified,1.0,nan,,0.0,0,0,0,0.0,0,0.0,0.0,0.0,5644.0,0.0,0.0,0.0,2150.0,0.0
999,Minnesota,Lake,804.0,2014,Unspecified,Unspecified,1.0,nan,,0.0,0,0,0,0.0,0,0.0,0.0,0.0,5443.0,0.0,0.0,0.0,1599.0,0.0
1000,Minnesota,Lake,804.0,2015,Unspecified,Unspecified,1.0,nan,,0.0,0,0,0,0.0,0,0.0,0.0,0.0,5862.0,0.0,0.0,0.0,1598.0,0.0
1001,Minnesota,Lake,804.0,2016,Unspecified,Unspecified,1.0,nan,,0.0,0,0,0,0.0,0,0.0,0.0,0.0,5665.0,0.0,0.0,0.0,1424.0,0.0
1002,Minnesota,Lake,804.0,2017,Unspecified,Unspecified,1.0,nan,,0.0,0,0,0,0.0,0,0.0,0.0,0.0,7123.0,0.0,0.0,0.0,940.0,0.0
1003,Minnesota,Lake,804.0,2018,Unspecified,Unspecified,1.0,nan,,0.0,0,0,0,0.0,0,0.0,0.0,0.0,7744.0,0.0,0.0,0.0,2062.0,0.0
1004,Minnesota,Lake,804.0,2019,Unspecified,Unspecified,1.0,nan,,0.0,0,0,0,0.0,0,0.0,0.0,0.0,7822.0,0.0,0.0,0.0,1221.0,0.0
1005,Minnesota,Lake,804.0,2020,Unspecified,Unspecified,1.0,nan,,0.0,0,0,0,0.0,0,0.0,0.0,0.0,5759.0,0.0,0.0,0.0,480.0,0.0
1006,Minnesota,Lake,804.0,2021,Unspecified,Unspecified,1.0,nan,,0.0,0,0,0,0.0,0,0.0,0.0,0.0,5943.0,0.0,0.0,0.0,497.0,0.0
1007,Minnesota,Lake,804.0,2022,Unspecified,Unspecified,1.0,nan,,0.0,0,0,0,0.0,0,0.0,0.0,0.0,5791.0,0.0,0.0,0.0,607.0,0.0
1008,Minnesota,Lake of the woods,804.0,2000,Unspecified,Unspecified,1.0,nan,,0.0,0,0,0,0.0,0,905.0,0.0,0.0,1035.0,0.0,0.0,0.0,1314.0,0.0
1009,Minnesota,Lake of the woods,804.0,2001,Unspecified,Unspecified,1.0,nan,,0.0,0,0,0,0.0,0,770.0,0.0,0.0,1194.0,0.0,0.0,0.0,1911.0,0.0
1010,Minnesota,Lake of the woods,804.0,2002,Unspecified,Unspecified,1.0,nan,,0.0,0,0,0,0.0,0,0.0,0.0,0.0,2030.0,0.0,0.0,0.0,1132.0,0.0
1011,Minnesota,Lake of the woods,804.0,2003,Unspecified,Unspecified,1.0,nan,,0.0,0,0,0,0.0,0,0.0,0.0,0.0,2385.0,0.0,0.0,0.0,1171.0,0.0
1012,Minnesota,Lake of the woods,804.0,2004,Unspecified,Unspecified,1.0,nan,,0.0,0,0,0,0.0,0,0.0,0.0,0.0,2551.0,0.0,0.0,0.0,1275.0,0.0
1013,Minnesota,Lake of the woods,804.0,2005,Unspecified,Unspecified,1.0,nan,,0.0,0,0,0,0.0,0,0.0,0.0,0.0,2631.0,0.0,0.0,0.0,1012.0,0.0
1014,Minnesota,Lake of the woods,804.0,2006,Unspecified,Unspecified,1.0,nan,,0.0,0,0,0,0.0,0,0.0,0.0,0.0,2692.0,0.0,0.0,0.0,1213.0,0.0
1015,Minnesota,Lake of the woods,804.0,2007,Unspecified,Unspecified,1.0,nan,,0.0,0,0,0,0.0,0,0.0,0.0,0.0,2776.0,0.0,0.0,0.0,928.0,0.0
1016,Minnesota,Lake of the woods,804.0,2008,Unspecified,Unspecified,1.0,nan,,0.0,0,0,0,0.0,0,0.0,0.0,0.0,2774.0,0.0,0.0,0.0,892.0,0.0
1017,Minnesota,Lake of the woods,804.0,2009,Unspecified,Unspecified,1.0,nan,,0.0,0,0,0,0.0,0,0.0,0.0,0.0,2595.0,0.0,0.0,0.0,289.0,0.0
1018,Minnesota,Lake of the woods,804.0,2010,Unspecified,Unspecified,1.0,nan,,0.0,0,0,0,0.0,0,0.0,0.0,0.0,2707.0,0.0,0.0,0.0,430.0,0.0
1019,Minnesota,Lake of the woods,804.0,2011,Unspecified,Unspecified,1.0,nan,,0.0,0,0,0,0.0,0,0.0,0.0,0.0,2663.0,0.0,0.0,0.0,405.0,0.0
1020,Minnesota,Lake of the woods,804.0,2012,Unspecified,Unspecified,1.0,nan,,0.0,0,0,0,0.0,0,0.0,0.0,0.0,2626.0,0.0,0.0,0.0,536.0,0.0
1021,Minnesota,Lake of the woods,804.0,2013,Unspecified,Unspecified,1.0,nan,,0.0,0,0,0,0.0,0,0.0,0.0,0.0,2481.0,0.0,0.0,0.0,420.0,0.0
1022,Minnesota,Lake of the woods,804.0,2014,Unspecified,Unspecified,1.0,nan,,0.0,0,0,0,0.0,0,0.0,0.0,0.0,3377.0,0.0,0.0,0.0,360.0,0.0
1023,Minnesota,Lake of the woods,804.0,2015,Unspecified,Unspecified,1.0,nan,,0.0,0,0,0,0.0,0,0.0,0.0,0.0,3555.0,0.0,0.0,0.0,340.0,0.0
1024,Minnesota,Lake of the woods,804.0,2016,Unspecified,Unspecified,1.0,nan,,0.0,0,0,0,0.0,0,0.0,0.0,0.0,3539.0,0.0,0.0,0.0,230.0,0.0
1025,Minnesota,Lake of the woods,804.0,2017,Unspecified,Unspecified,1.0,nan,,0.0,0,0,0,0.0,0,0.0,0.0,0.0,3431.0,0.0,0.0,0.0,227.0,0.0
1026,Minnesota,Lake of the woods,804.0,2018,Unspecified,Unspecified,1.0,nan,,0.0,0,0,0,0.0,0,0.0,0.0,0.0,3067.0,0.0,0.0,0.0,454.0,0.0
1027,Minnesota,Lake of the woods,804.0,2019,Unspecified,Unspecified,1.0,nan,,0.0,0,0,0,0.0,0,0.0,0.0,0.0,3503.0,0.0,0.0,0.0,374.0,0.0
1028,Minnesota,Lake of the woods,804.0,2020,Unspecified,Unspecified,1.0,nan,,0.0,0,0,0,0.0,0,0.0,0.0,0.0,3154.0,0.0,0.0,0.0,376.0,0.0
1029,Minnesota,Lake of the woods,804.0,2021,Unspecified,Unspecified,1.0,nan,,0.0,0,0,0,0.0,0,0.0,0.0,0.0,3270.0,0.0,0.0,0.0,293.0,0.0
1030,Minnesota,Lake of the woods,804.0,2022,Unspecified,Unspecified,1.0,nan,,0.0,0,0,0,0.0,0,0.0,0.0,0.0,3422.0,0.0,0.0,0.0,602.0,0.0
1031,Minnesota,Le sueur,804.0,2000,Unspecified,Unspecified,1.0,nan,,0.0,0,0,0,0.0,0,0.0,0.0,0.0,8581.0,0.0,0.0,0.0,4504.0,2985.0
1032,Minnesota,Le sueur,804.0,2001,Unspecified,Unspecified,1.0,nan,,0.0,0,0,0,0.0,0,0.0,0.0,0.0,8672.0,0.0,0.0,0.0,4438.0,3355.0
1033,Minnesota,Le sueur,804.0,2002,Unspecified,Unspecified,1.0,nan,,0.0,0,0,0,0.0,0,0.0,0.0,0.0,8987.0,0.0,0.0,0.0,4779.0,3986.0
1034,Minnesota,Le sueur,804.0,2003,Unspecified,Unspecified,1.0,nan,,0.0,0,0,0,0.0,0,0.0,0.0,0.0,12703.0,0.0,0.0,0.0,5856.0,4062.0
1035,Minnesota,Le sueur,804.0,2004,Unspecified,Unspecified,1.0,nan,,0.0,0,0,0,0.0,0,0.0,0.0,0.0,13858.0,0.0,0.0,0.0,7537.0,4804.0
1036,Minnesota,Le sueur,804.0,2005,Unspecified,Unspecified,1.0,nan,,0.0,0,0,0,0.0,0,0.0,0.0,0.0,9710.0,0.0,0.0,0.0,8030.0,4835.0
1037,Minnesota,Le sueur,804.0,2006,Unspecified,Unspecified,1.0,nan,,0.0,0,0,0,0.0,0,0.0,0.0,0.0,10271.0,0.0,0.0,0.0,6618.0,7521.0
1038,Minnesota,Le sueur,804.0,2007,Unspecified,Unspecified,1.0,nan,,0.0,0,0,0,0.0,0,0.0,0.0,0.0,9084.0,0.0,0.0,0.0,6517.0,7535.0
1039,Minnesota,Le sueur,804.0,2008,Unspecified,Unspecified,1.0,nan,,0.0,0,0,0,0.0,0,0.0,0.0,0.0,8487.0,0.0,0.0,0.0,6957.0,5550.0
1040,Minnesota,Le sueur,804.0,2009,Unspecified,Unspecified,1.0,nan,,0.0,0,0,0,0.0,0,0.0,0.0,0.0,8892.0,0.0,0.0,0.0,7309.0,6674.0
1041,Minnesota,Le sueur,804.0,2010,Unspecified,Unspecified,1.0,nan,,0.0,0,0,0,0.0,0,0.0,0.0,0.0,8256.0,0.0,0.0,0.0,6926.0,7056.0
1042,Minnesota,Le sueur,804.0,2011,Unspecified,Unspecified,1.0,nan,,0.0,0,0,0,0.0,0,0.0,0.0,0.0,6586.0,0.0,0.0,0.0,6643.0,6955.0
1043,Minnesota,Le sueur,804.0,2012,Unspecified,Unspecified,1.0,nan,,0.0,0,0,0,0.0,0,0.0,0.0,0.0,7318.0,0.0,0.0,0.0,8276.0,5922.0
1044,Minnesota,Le sueur,804.0,2013,Unspecified,Unspecified,1.0,nan,,0.0,0,0,0,0.0,0,0.0,0.0,0.0,6751.0,0.0,0.0,0.0,8298.0,6314.0
1045,Minnesota,Le sueur,804.0,2014,Unspecified,Unspecified,1.0,nan,,0.0,0,0,0,0.0,0,0.0,0.0,0.0,9005.0,0.0,0.0,0.0,8109.0,4128.0
1046,Minnesota,Le sueur,804.0,2015,Unspecified,Unspecified,1.0,nan,,0.0,0,0,0,0.0,0,0.0,0.0,0.0,8549.0,0.0,0.0,0.0,8413.0,3992.0
1047,Minnesota,Le sueur,804.0,2016,Unspecified,Unspecified,1.0,nan,,0.0,0,0,0,0.0,0,0.0,0.0,0.0,8076.0,0.0,0.0,0.0,11055.0,4016.0
1048,Minnesota,Le sueur,804.0,2017,Unspecified,Unspecified,1.0,nan,,0.0,0,0,0,0.0,0,0.0,0.0,0.0,8118.0,0.0,0.0,0.0,11991.0,2369.0
1049,Minnesota,Le sueur,804.0,2018,Unspecified,Unspecified,1.0,nan,,0.0,0,0,0,0.0,0,0.0,0.0,0.0,10737.0,0.0,0.0,0.0,10968.0,3891.0
1050,Minnesota,Le sueur,804.0,2019,Unspecified,Unspecified,1.0,nan,,0.0,0,0,0,0.0,0,0.0,0.0,0.0,10014.0,0.0,0.0,0.0,15645.0,5966.0
1051,Minnesota,Le sueur,804.0,2020,Unspecified,Unspecified,1.0,nan,,0.0,0,0,0,0.0,0,0.0,0.0,0.0,11057.0,0.0,0.0,0.0,13986.0,3188.0
1052,Minnesota,Le sueur,804.0,2021,Unspecified,Unspecified,1.0,nan,,0.0,0,0,0,0.0,0,0.0,0.0,0.0,11961.0,0.0,0.0,0.0,14213.0,4173.0
1053,Minnesota,Le sueur,804.0,2022,Unspecified,Unspecified,1.0,nan,,0.0,0,0,0,0.0,0,0.0,0.0,0.0,10614.0,0.0,0.0,0.0,12413.0,4637.0
1054,Minnesota,Lincoln,804.0,2000,Unspecified,Unspecified,1.0,nan,,0.0,0,0,0,0.0,0,0.0,0.0,0.0,2361.0,0.0,0.0,0.0,612.0,0.0
1055,Minnesota,Lincoln,804.0,2001,Unspecified,Unspecified,1.0,nan,,0.0,0,0,0,0.0,0,0.0,0.0,0.0,2143.0,0.0,0.0,0.0,603.0,0.0
1056,Minnesota,Lincoln,804.0,2002,Unspecified,Unspecified,1.0,nan,,0.0,0,0,0,0.0,0,0.0,0.0,0.0,2206.0,0.0,0.0,0.0,555.0,0.0
1057,Minnesota,Lincoln,804.0,2003,Unspecified,Unspecified,1.0,nan,,0.0,0,0,0,0.0,0,0.0,0.0,0.0,2240.0,0.0,0.0,0.0,616.0,0.0
1058,Minnesota,Lincoln,804.0,2004,Unspecified,Unspecified,1.0,nan,,0.0,0,0,0,0.0,0,0.0,0.0,0.0,2184.0,0.0,0.0,0.0,706.0,0.0
1059,Minnesota,Lincoln,804.0,2005,Unspecified,Unspecified,1.0,nan,,0.0,0,0,0,0.0,0,0.0,0.0,0.0,2191.0,0.0,0.0,0.0,695.0,0.0
1060,Minnesota,Lincoln,804.0,2006,Unspecified,Unspecified,1.0,nan,,0.0,0,0,0,0.0,0,0.0,0.0,0.0,2102.0,0.0,0.0,0.0,622.0,0.0
1061,Minnesota,Lincoln,804.0,2007,Unspecified,Unspecified,1.0,nan,,0.0,0,0,0,0.0,0,0.0,0.0,0.0,1570.0,0.0,0.0,0.0,718.0,0.0
1062,Minnesota,Lincoln,804.0,2008,Unspecified,Unspecified,1.0,nan,,0.0,0,0,0,0.0,0,0.0,0.0,0.0,1928.0,0.0,0.0,0.0,779.0,0.0
1063,Minnesota,Lincoln,804.0,2009,Unspecified,Unspecified,1.0,nan,,0.0,0,0,0,0.0,0,0.0,0.0,0.0,1636.0,0.0,0.0,0.0,891.0,0.0
1064,Minnesota,Lincoln,804.0,2010,Unspecified,Unspecified,1.0,nan,,0.0,0,0,0,0.0,0,0.0,0.0,0.0,1802.0,0.0,0.0,0.0,913.0,0.0
1065,Minnesota,Lincoln,804.0,2011,Unspecified,Unspecified,1.0,nan,,0.0,0,0,0,0.0,0,0.0,0.0,0.0,1986.0,0.0,0.0,0.0,908.0,0.0
1066,Minnesota,Lincoln,804.0,2012,Unspecified,Unspecified,1.0,nan,,0.0,0,0,0,0.0,0,0.0,0.0,0.0,1554.0,0.0,0.0,0.0,961.0,0.0
1067,Minnesota,Lincoln,804.0,2013,Unspecified,Unspecified,1.0,nan,,0.0,0,0,0,0.0,0,0.0,0.0,0.0,1876.0,0.0,0.0,0.0,1041.0,0.0
1068,Minnesota,Lincoln,804.0,2014,Unspecified,Unspecified,1.0,nan,,0.0,0,0,0,0.0,0,0.0,0.0,0.0,1766.0,0.0,0.0,0.0,1118.0,0.0
1069,Minnesota,Lincoln,804.0,2015,Unspecified,Unspecified,1.0,nan,,0.0,0,0,0,0.0,0,0.0,0.0,0.0,2314.0,0.0,0.0,0.0,904.0,0.0
1070,Minnesota,Lincoln,804.0,2016,Unspecified,Unspecified,1.0,nan,,0.0,0,0,0,0.0,0,0.0,0.0,0.0,2158.0,0.0,0.0,0.0,1019.0,0.0
1071,Minnesota,Lincoln,804.0,2017,Unspecified,Unspecified,1.0,nan,,0.0,0,0,0,0.0,0,0.0,0.0,0.0,2124.0,0.0,0.0,0.0,787.0,0.0
1072,Minnesota,Lincoln,804.0,2018,Unspecified,Unspecified,1.0,nan,,0.0,0,0,0,0.0,0,0.0,0.0,0.0,2611.0,0.0,0.0,0.0,853.0,0.0
1073,Minnesota,Lincoln,804.0,2019,Unspecified,Unspecified,1.0,nan,,0.0,0,0,0,0.0,0,0.0,0.0,0.0,2525.0,0.0,0.0,0.0,672.0,0.0
1074,Minnesota,Lincoln,804.0,2020,Unspecified,Unspecified,1.0,nan,,0.0,0,0,0,0.0,0,0.0,0.0,0.0,2611.0,0.0,0.0,0.0,804.0,0.0
1075,Minnesota,Lincoln,804.0,2021,Unspecified,Unspecified,1.0,nan,,0.0,0,0,0,0.0,0,0.0,0.0,0.0,2810.0,0.0,0.0,0.0,805.0,0.0
1076,Minnesota,Lincoln,804.0,2022,Unspecified,Unspecified,1.0,nan,,0.0,0,0,0,0.0,0,0.0,0.0,0.0,2991.0,0.0,0.0,0.0,803.0,0.0
1077,Minnesota,Lyon,804.0,2000,Unspecified,Unspecified,1.0,nan,,0.0,0,0,0,0.0,0,0.0,0.0,0.0,16229.0,0.0,0.0,0.0,9862.0,0.0
1078,Minnesota,Lyon,804.0,2001,Unspecified,Unspecified,1.0,nan,,0.0,0,0,0,0.0,0,0.0,0.0,0.0,16347.0,0.0,0.0,0.0,9027.0,0.0
1079,Minnesota,Lyon,804.0,2002,Unspecified,Unspecified,1.0,nan,,0.0,0,0,0,0.0,0,0.0,0.0,0.0,18674.0,0.0,0.0,0.0,5031.0,0.0
1080,Minnesota,Lyon,804.0,2003,Unspecified,Unspecified,1.0,nan,,0.0,0,0,0,0.0,0,0.0,0.0,0.0,17948.0,0.0,0.0,0.0,5001.0,0.0
1081,Minnesota,Lyon,804.0,2004,Unspecified,Unspecified,1.0,nan,,0.0,0,0,0,0.0,0,0.0,0.0,0.0,18455.0,0.0,0.0,0.0,6886.0,0.0
1082,Minnesota,Lyon,804.0,2005,Unspecified,Unspecified,1.0,nan,,0.0,0,0,0,0.0,0,0.0,0.0,0.0,20110.0,0.0,0.0,0.0,4196.0,0.0
1083,Minnesota,Lyon,804.0,2006,Unspecified,Unspecified,1.0,nan,,0.0,0,0,0,0.0,0,0.0,0.0,0.0,20112.0,0.0,0.0,0.0,7753.0,0.0
1084,Minnesota,Lyon,804.0,2007,Unspecified,Unspecified,1.0,nan,,0.0,0,0,0,0.0,0,0.0,0.0,0.0,16065.0,0.0,0.0,0.0,12677.0,0.0
1085,Minnesota,Lyon,804.0,2008,Unspecified,Unspecified,1.0,nan,,0.0,0,0,0,0.0,0,0.0,0.0,0.0,15139.0,0.0,0.0,0.0,12814.0,0.0
1086,Minnesota,Lyon,804.0,2009,Unspecified,Unspecified,1.0,nan,,0.0,0,0,0,0.0,0,0.0,0.0,0.0,15943.0,0.0,0.0,0.0,17918.0,0.0
1087,Minnesota,Lyon,804.0,2010,Unspecified,Unspecified,1.0,nan,,0.0,0,0,0,0.0,0,0.0,0.0,0.0,14244.0,0.0,0.0,0.0,15088.0,0.0
1088,Minnesota,Lyon,804.0,2011,Unspecified,Unspecified,1.0,nan,,0.0,0,0,0,0.0,0,0.0,0.0,0.0,18537.0,0.0,0.0,0.0,17634.0,0.0
1089,Minnesota,Lyon,804.0,2012,Unspecified,Unspecified,1.0,nan,,0.0,0,0,0,0.0,0,0.0,0.0,0.0,14324.0,0.0,0.0,0.0,16081.0,0.0
1090,Minnesota,Lyon,804.0,2013,Unspecified,Unspecified,1.0,nan,,0.0,0,0,0,0.0,0,0.0,0.0,0.0,14781.0,0.0,0.0,0.0,16969.0,0.0
1091,Minnesota,Lyon,804.0,2014,Unspecified,Unspecified,1.0,nan,,0.0,0,0,0,0.0,0,0.0,0.0,0.0,22686.0,0.0,0.0,0.0,16365.0,0.0
1092,Minnesota,Lyon,804.0,2015,Unspecified,Unspecified,1.0,nan,,0.0,0,0,0,0.0,0,0.0,0.0,0.0,22442.0,0.0,0.0,0.0,17418.0,0.0
1093,Minnesota,Lyon,804.0,2016,Unspecified,Unspecified,1.0,nan,,0.0,0,0,0,0.0,0,0.0,0.0,0.0,25142.0,0.0,0.0,0.0,12788.0,0.0
1094,Minnesota,Lyon,804.0,2017,Unspecified,Unspecified,1.0,nan,,0.0,0,0,0,0.0,0,0.0,0.0,0.0,14784.0,0.0,0.0,0.0,6969.0,0.0
1095,Minnesota,Lyon,804.0,2018,Unspecified,Unspecified,1.0,nan,,0.0,0,0,0,0.0,0,0.0,0.0,0.0,14069.0,0.0,0.0,0.0,5647.0,0.0
1096,Minnesota,Lyon,804.0,2019,Unspecified,Unspecified,1.0,nan,,0.0,0,0,0,0.0,0,0.0,0.0,0.0,23959.0,0.0,0.0,0.0,4362.0,0.0
1097,Minnesota,Lyon,804.0,2020,Unspecified,Unspecified,1.0,nan,,0.0,0,0,0,0.0,0,0.0,0.0,0.0,19098.0,0.0,0.0,0.0,1913.0,0.0
1098,Minnesota,Lyon,804.0,2021,Unspecified,Unspecified,1.0,nan,,0.0,0,0,0,0.0,0,0.0,0.0,0.0,20851.0,0.0,0.0,0.0,3899.0,0.0
1099,Minnesota,Lyon,804.0,2022,Unspecified,Unspecified,1.0,nan,,0.0,0,0,0,0.0,0,0.0,0.0,0.0,21507.0,0.0,0.0,0.0,8848.0,0.0
1100,Minnesota,Mahnomen,804.0,2000,Unspecified,Unspecified,1.0,nan,,0.0,0,0,0,0.0,0,0.0,0.0,0.0,0.0,0.0,0.0,0.0,479.0,1432.0
1101,Minnesota,Mahnomen,804.0,2001,Unspecified,Unspecified,1.0,nan,,0.0,0,0,0,0.0,0,0.0,0.0,0.0,345.0,0.0,0.0,0.0,813.0,1036.0
1102,Minnesota,Mahnomen,804.0,2002,Unspecified,Unspecified,1.0,nan,,0.0,0,0,0,0.0,0,0.0,0.0,0.0,377.0,0.0,0.0,0.0,466.0,1039.0
1103,Minnesota,Mahnomen,804.0,2003,Unspecified,Unspecified,1.0,nan,,0.0,0,0,0,0.0,0,0.0,0.0,0.0,416.0,0.0,0.0,0.0,452.0,1270.0
1104,Minnesota,Mahnomen,804.0,2004,Unspecified,Unspecified,1.0,nan,,0.0,0,0,0,0.0,0,0.0,0.0,0.0,330.0,0.0,0.0,0.0,577.0,1208.0
1105,Minnesota,Mahnomen,804.0,2005,Unspecified,Unspecified,1.0,nan,,0.0,0,0,0,0.0,0,0.0,0.0,0.0,329.0,0.0,0.0,0.0,350.0,1329.0
1106,Minnesota,Mahnomen,804.0,2006,Unspecified,Unspecified,1.0,nan,,0.0,0,0,0,0.0,0,0.0,0.0,0.0,0.0,0.0,0.0,0.0,346.0,1325.0
1107,Minnesota,Mahnomen,804.0,2007,Unspecified,Unspecified,1.0,nan,,0.0,0,0,0,0.0,0,0.0,0.0,0.0,378.0,0.0,0.0,0.0,349.0,1272.0
1108,Minnesota,Mahnomen,804.0,2008,Unspecified,Unspecified,1.0,nan,,0.0,0,0,0,0.0,0,0.0,0.0,0.0,18.0,0.0,0.0,0.0,384.0,1277.0
1109,Minnesota,Mahnomen,804.0,2009,Unspecified,Unspecified,1.0,nan,,0.0,0,0,0,0.0,0,0.0,0.0,0.0,46.0,0.0,0.0,0.0,427.0,1076.0
1110,Minnesota,Mahnomen,804.0,2010,Unspecified,Unspecified,1.0,nan,,0.0,0,0,0,0.0,0,0.0,0.0,0.0,19.0,0.0,0.0,0.0,367.0,1742.0
1111,Minnesota,Mahnomen,804.0,2011,Unspecified,Unspecified,1.0,nan,,0.0,0,0,0,0.0,0,0.0,0.0,0.0,19.0,0.0,0.0,0.0,389.0,1614.0
1112,Minnesota,Mahnomen,804.0,2012,Unspecified,Unspecified,1.0,nan,,0.0,0,0,0,0.0,0,0.0,0.0,0.0,21.0,0.0,0.0,0.0,399.0,1045.0
1113,Minnesota,Mahnomen,804.0,2013,Unspecified,Unspecified,1.0,nan,,0.0,0,0,0,0.0,0,0.0,0.0,0.0,14.0,0.0,0.0,0.0,730.0,1220.0
1114,Minnesota,Mahnomen,804.0,2014,Unspecified,Unspecified,1.0,nan,,0.0,0,0,0,0.0,0,0.0,0.0,0.0,28.0,0.0,0.0,0.0,420.0,1185.0
1115,Minnesota,Mahnomen,804.0,2015,Unspecified,Unspecified,1.0,nan,,0.0,0,0,0,0.0,0,0.0,0.0,0.0,12.0,0.0,0.0,0.0,412.0,1190.0
1116,Minnesota,Mahnomen,804.0,2016,Unspecified,Unspecified,1.0,nan,,0.0,0,0,0,0.0,0,0.0,0.0,0.0,12.0,0.0,0.0,0.0,394.0,1146.0
1117,Minnesota,Mahnomen,804.0,2017,Unspecified,Unspecified,1.0,nan,,0.0,0,0,0,0.0,0,0.0,0.0,0.0,141.0,0.0,0.0,0.0,346.0,1515.0
1118,Minnesota,Mahnomen,804.0,2018,Unspecified,Unspecified,1.0,nan,,0.0,0,0,0,0.0,0,0.0,0.0,0.0,13.0,0.0,0.0,0.0,403.0,1656.0
1119,Minnesota,Mahnomen,804.0,2019,Unspecified,Unspecified,1.0,nan,,0.0,0,0,0,0.0,0,0.0,0.0,0.0,13.0,0.0,0.0,0.0,446.0,1511.0
1120,Minnesota,Mahnomen,804.0,2020,Unspecified,Unspecified,1.0,nan,,0.0,0,0,0,0.0,0,0.0,0.0,0.0,13.0,0.0,0.0,0.0,182.0,1577.0
1121,Minnesota,Mahnomen,804.0,2021,Unspecified,Unspecified,1.0,nan,,0.0,0,0,0,0.0,0,0.0,0.0,0.0,10.0,0.0,0.0,0.0,209.0,1687.0
1122,Minnesota,Mahnomen,804.0,2022,Unspecified,Unspecified,1.0,nan,,0.0,0,0,0,0.0,0,0.0,0.0,0.0,25.0,0.0,0.0,0.0,140.0,1649.0
1123,Minnesota,Marshall,804.0,2000,Unspecified,Unspecified,1.0,nan,,0.0,0,0,0,0.0,0,0.0,0.0,0.0,4530.0,0.0,0.0,0.0,915.0,0.0
1124,Minnesota,Marshall,804.0,2001,Unspecified,Unspecified,1.0,nan,,0.0,0,0,0,0.0,0,0.0,0.0,0.0,4813.0,0.0,0.0,0.0,905.0,0.0
1125,Minnesota,Marshall,804.0,2002,Unspecified,Unspecified,1.0,nan,,0.0,0,0,0,0.0,0,0.0,0.0,0.0,4865.0,0.0,0.0,0.0,888.0,10.0
1126,Minnesota,Marshall,804.0,2003,Unspecified,Unspecified,1.0,nan,,0.0,0,0,0,0.0,0,0.0,0.0,0.0,4760.0,0.0,0.0,0.0,762.0,0.0
1127,Minnesota,Marshall,804.0,2004,Unspecified,Unspecified,1.0,nan,,0.0,0,0,0,0.0,0,0.0,0.0,0.0,5224.0,0.0,0.0,0.0,745.0,0.0
1128,Minnesota,Marshall,804.0,2005,Unspecified,Unspecified,1.0,nan,,0.0,0,0,0,0.0,0,0.0,0.0,0.0,5162.0,0.0,0.0,0.0,810.0,0.0
1129,Minnesota,Marshall,804.0,2006,Unspecified,Unspecified,1.0,nan,,0.0,0,0,0,0.0,0,0.0,0.0,0.0,4622.0,0.0,0.0,0.0,801.0,0.0
1130,Minnesota,Marshall,804.0,2007,Unspecified,Unspecified,1.0,nan,,0.0,0,0,0,0.0,0,0.0,0.0,0.0,4932.0,0.0,0.0,0.0,688.0,0.0
1131,Minnesota,Marshall,804.0,2008,Unspecified,Unspecified,1.0,nan,,0.0,0,0,0,0.0,0,0.0,0.0,0.0,4911.0,0.0,0.0,0.0,647.0,0.0
1132,Minnesota,Marshall,804.0,2009,Unspecified,Unspecified,1.0,nan,,0.0,0,0,0,0.0,0,0.0,0.0,0.0,4506.0,0.0,0.0,0.0,630.0,0.0
1133,Minnesota,Marshall,804.0,2010,Unspecified,Unspecified,1.0,nan,,0.0,0,0,0,0.0,0,0.0,0.0,0.0,4730.0,0.0,0.0,0.0,620.0,0.0
1134,Minnesota,Marshall,804.0,2011,Unspecified,Unspecified,1.0,nan,,0.0,0,0,0,0.0,0,0.0,0.0,0.0,4819.0,0.0,0.0,0.0,609.0,0.0
1135,Minnesota,Marshall,804.0,2012,Unspecified,Unspecified,1.0,nan,,0.0,0,0,0,0.0,0,0.0,0.0,0.0,4739.0,0.0,0.0,0.0,503.0,0.0
1136,Minnesota,Marshall,804.0,2013,Unspecified,Unspecified,1.0,nan,,0.0,0,0,0,0.0,0,0.0,0.0,0.0,4840.0,0.0,0.0,0.0,513.0,0.0
1137,Minnesota,Marshall,804.0,2014,Unspecified,Unspecified,1.0,nan,,0.0,0,0,0,0.0,0,0.0,0.0,0.0,4840.0,0.0,0.0,0.0,2416.0,0.0
1138,Minnesota,Marshall,804.0,2015,Unspecified,Unspecified,1.0,nan,,0.0,0,0,0,0.0,0,0.0,0.0,0.0,4834.0,0.0,0.0,0.0,1367.0,0.0
1139,Minnesota,Marshall,804.0,2016,Unspecified,Unspecified,1.0,nan,,0.0,0,0,0,0.0,0,0.0,0.0,0.0,5100.0,0.0,0.0,0.0,1102.0,0.0
1140,Minnesota,Marshall,804.0,2017,Unspecified,Unspecified,1.0,nan,,0.0,0,0,0,0.0,0,0.0,0.0,0.0,4396.0,0.0,0.0,0.0,1200.0,0.0
1141,Minnesota,Marshall,804.0,2018,Unspecified,Unspecified,1.0,nan,,0.0,0,0,0,0.0,0,0.0,0.0,0.0,4233.0,0.0,0.0,0.0,1220.0,0.0
1142,Minnesota,Marshall,804.0,2019,Unspecified,Unspecified,1.0,nan,,0.0,0,0,0,0.0,0,0.0,0.0,0.0,4440.0,0.0,0.0,0.0,1150.0,0.0
1143,Minnesota,Marshall,804.0,2020,Unspecified,Unspecified,1.0,nan,,0.0,0,0,0,0.0,0,0.0,0.0,0.0,4590.0,0.0,0.0,0.0,1191.0,0.0
1144,Minnesota,Marshall,804.0,2021,Unspecified,Unspecified,1.0,nan,,0.0,0,0,0,0.0,0,0.0,0.0,0.0,4612.0,0.0,0.0,0.0,1319.0,0.0
1145,Minnesota,Marshall,804.0,2022,Unspecified,Unspecified,1.0,nan,,0.0,0,0,0,0.0,0,0.0,0.0,0.0,5066.0,0.0,0.0,0.0,1428.0,0.0
1146,Minnesota,Martin,804.0,2000,Unspecified,Unspecified,1.0,nan,,0.0,0,0,0,0.0,0,9034.0,0.0,0.0,847.0,0.0,0.0,0.0,10963.0,522.0
1147,Minnesota,Martin,804.0,2001,Unspecified,Unspecified,1.0,nan,,0.0,0,0,0,0.0,0,8652.0,0.0,0.0,1502.0,0.0,0.0,0.0,15583.0,292.0
1148,Minnesota,Martin,804.0,2002,Unspecified,Unspecified,1.0,nan,,0.0,0,0,0,0.0,0,8636.0,0.0,0.0,525.0,0.0,0.0,0.0,16314.0,709.0
1149,Minnesota,Martin,804.0,2003,Unspecified,Unspecified,1.0,nan,,0.0,0,0,0,0.0,0,9047.0,0.0,0.0,550.0,0.0,0.0,0.0,14619.0,0.0
1150,Minnesota,Martin,804.0,2004,Unspecified,Unspecified,1.0,nan,,0.0,0,0,0,0.0,0,9002.0,0.0,0.0,300.0,0.0,0.0,0.0,16233.0,648.0
1151,Minnesota,Martin,804.0,2005,Unspecified,Unspecified,1.0,nan,,0.0,0,0,0,0.0,0,9162.0,0.0,0.0,0.0,0.0,0.0,0.0,16496.0,0.0
1152,Minnesota,Martin,804.0,2006,Unspecified,Unspecified,1.0,nan,,0.0,0,0,0,0.0,0,9854.0,0.0,0.0,0.0,0.0,0.0,0.0,12636.0,0.0
1153,Minnesota,Martin,804.0,2007,Unspecified,Unspecified,1.0,nan,,0.0,0,0,0,0.0,0,9876.0,0.0,0.0,603.0,0.0,0.0,0.0,13029.0,0.0
1154,Minnesota,Martin,804.0,2008,Unspecified,Unspecified,1.0,nan,,0.0,0,0,0,0.0,0,9697.0,0.0,0.0,0.0,0.0,0.0,0.0,13507.0,0.0
1155,Minnesota,Martin,804.0,2009,Unspecified,Unspecified,1.0,nan,,0.0,0,0,0,0.0,0,9129.0,0.0,0.0,0.0,0.0,0.0,0.0,14340.0,0.0
1156,Minnesota,Martin,804.0,2010,Unspecified,Unspecified,1.0,nan,,0.0,0,0,0,0.0,0,8928.0,0.0,0.0,0.0,0.0,0.0,0.0,14886.0,0.0
1157,Minnesota,Martin,804.0,2011,Unspecified,Unspecified,1.0,nan,,0.0,0,0,0,0.0,0,9024.0,0.0,0.0,0.0,0.0,0.0,0.0,15045.0,0.0
1158,Minnesota,Martin,804.0,2012,Unspecified,Unspecified,1.0,nan,,0.0,0,0,0,0.0,0,8951.0,0.0,0.0,497.0,0.0,0.0,0.0,15152.0,0.0
1159,Minnesota,Martin,804.0,2013,Unspecified,Unspecified,1.0,nan,,0.0,0,0,0,0.0,0,8656.0,0.0,0.0,542.0,0.0,0.0,0.0,9580.0,0.0
1160,Minnesota,Martin,804.0,2014,Unspecified,Unspecified,1.0,nan,,0.0,0,0,0,0.0,0,0.0,0.0,0.0,2675.0,0.0,0.0,0.0,7364.0,6407.0
1161,Minnesota,Martin,804.0,2015,Unspecified,Unspecified,1.0,nan,,0.0,0,0,0,0.0,0,0.0,0.0,0.0,2165.0,0.0,0.0,0.0,8963.0,6729.0
1162,Minnesota,Martin,804.0,2016,Unspecified,Unspecified,1.0,nan,,0.0,0,0,0,0.0,0,0.0,0.0,0.0,2814.0,0.0,0.0,0.0,8572.0,6393.0
1163,Minnesota,Martin,804.0,2017,Unspecified,Unspecified,1.0,nan,,0.0,0,0,0,0.0,0,0.0,0.0,0.0,5927.0,0.0,0.0,0.0,5022.0,3432.0
1164,Minnesota,Martin,804.0,2018,Unspecified,Unspecified,1.0,nan,,0.0,0,0,0,0.0,0,0.0,0.0,0.0,6318.0,0.0,0.0,0.0,4311.0,6576.0
1165,Minnesota,Martin,804.0,2019,Unspecified,Unspecified,1.0,nan,,0.0,0,0,0,0.0,0,0.0,0.0,0.0,3162.0,0.0,0.0,0.0,3393.0,7097.0
1166,Minnesota,Martin,804.0,2020,Unspecified,Unspecified,1.0,nan,,0.0,0,0,0,0.0,0,0.0,0.0,0.0,1799.0,0.0,0.0,0.0,4109.0,8127.0
1167,Minnesota,Martin,804.0,2021,Unspecified,Unspecified,1.0,nan,,0.0,0,0,0,0.0,0,0.0,0.0,0.0,1680.0,0.0,0.0,0.0,3212.0,8851.0
1168,Minnesota,Martin,804.0,2022,Unspecified,Unspecified,1.0,nan,,0.0,0,0,0,0.0,0,0.0,0.0,0.0,3260.0,0.0,0.0,0.0,3264.0,8530.0
1169,Minnesota,Mcleod,804.0,2000,Unspecified,Unspecified,1.0,nan,,0.0,0,0,0,0.0,0,0.0,0.0,0.0,18824.0,0.0,0.0,0.0,12950.0,2200.0
1170,Minnesota,Mcleod,804.0,2001,Unspecified,Unspecified,1.0,nan,,0.0,0,0,0,0.0,0,0.0,0.0,0.0,19003.0,0.0,0.0,0.0,13323.0,2182.0
1171,Minnesota,Mcleod,804.0,2002,Unspecified,Unspecified,1.0,nan,,0.0,0,0,0,0.0,0,0.0,0.0,0.0,22995.0,0.0,0.0,0.0,12263.0,0.0
1172,Minnesota,Mcleod,804.0,2003,Unspecified,Unspecified,1.0,nan,,0.0,0,0,0,0.0,0,0.0,0.0,0.0,22826.0,0.0,0.0,0.0,14772.0,0.0
1173,Minnesota,Mcleod,804.0,2004,Unspecified,Unspecified,1.0,nan,,0.0,0,0,0,0.0,0,0.0,0.0,0.0,25120.0,0.0,0.0,0.0,9950.0,0.0
1174,Minnesota,Mcleod,804.0,2005,Unspecified,Unspecified,1.0,nan,,0.0,0,0,0,0.0,0,0.0,0.0,0.0,21494.0,0.0,0.0,0.0,2748.0,0.0
1175,Minnesota,Mcleod,804.0,2006,Unspecified,Unspecified,1.0,nan,,0.0,0,0,0,0.0,0,0.0,0.0,0.0,18761.0,0.0,0.0,0.0,12331.0,378.0
1176,Minnesota,Mcleod,804.0,2007,Unspecified,Unspecified,1.0,nan,,0.0,0,0,0,0.0,0,0.0,0.0,0.0,20253.0,0.0,0.0,0.0,10746.0,0.0
1177,Minnesota,Mcleod,804.0,2008,Unspecified,Unspecified,1.0,nan,,0.0,0,0,0,0.0,0,0.0,0.0,0.0,20146.0,0.0,0.0,0.0,14206.0,0.0
1178,Minnesota,Mcleod,804.0,2009,Unspecified,Unspecified,1.0,nan,,0.0,0,0,0,0.0,0,0.0,0.0,0.0,17801.0,0.0,0.0,0.0,10181.0,0.0
1179,Minnesota,Mcleod,804.0,2010,Unspecified,Unspecified,1.0,nan,,0.0,0,0,0,0.0,0,0.0,0.0,0.0,16949.0,0.0,0.0,0.0,13131.0,0.0
1180,Minnesota,Mcleod,804.0,2011,Unspecified,Unspecified,1.0,nan,,0.0,0,0,0,0.0,0,0.0,0.0,0.0,18214.0,0.0,0.0,0.0,10426.0,0.0
1181,Minnesota,Mcleod,804.0,2012,Unspecified,Unspecified,1.0,nan,,0.0,0,0,0,0.0,0,0.0,0.0,0.0,17962.0,0.0,0.0,0.0,13340.0,0.0
1182,Minnesota,Mcleod,804.0,2013,Unspecified,Unspecified,1.0,nan,,0.0,0,0,0,0.0,0,0.0,0.0,0.0,18373.0,0.0,0.0,0.0,9619.0,0.0
1183,Minnesota,Mcleod,804.0,2014,Unspecified,Unspecified,1.0,nan,,0.0,0,0,0,0.0,0,0.0,0.0,0.0,15389.0,0.0,0.0,0.0,11868.0,0.0
1184,Minnesota,Mcleod,804.0,2015,Unspecified,Unspecified,1.0,nan,,0.0,0,0,0,0.0,0,0.0,0.0,0.0,14704.0,0.0,0.0,0.0,15482.0,0.0
1185,Minnesota,Mcleod,804.0,2016,Unspecified,Unspecified,1.0,nan,,0.0,0,0,0,0.0,0,0.0,0.0,0.0,10652.0,0.0,0.0,0.0,15043.0,0.0
1186,Minnesota,Mcleod,804.0,2017,Unspecified,Unspecified,1.0,nan,,0.0,0,0,0,0.0,0,0.0,0.0,0.0,16413.0,0.0,0.0,0.0,14331.0,0.0
1187,Minnesota,Mcleod,804.0,2018,Unspecified,Unspecified,1.0,nan,,0.0,0,0,0,0.0,0,0.0,0.0,0.0,16379.0,0.0,0.0,0.0,7048.0,0.0
1188,Minnesota,Mcleod,804.0,2019,Unspecified,Unspecified,1.0,nan,,0.0,0,0,0,0.0,0,0.0,0.0,0.0,16042.0,0.0,0.0,0.0,11919.0,0.0
1189,Minnesota,Mcleod,804.0,2020,Unspecified,Unspecified,1.0,nan,,0.0,0,0,0,0.0,0,0.0,0.0,0.0,15631.0,0.0,0.0,0.0,13583.0,0.0
1190,Minnesota,Mcleod,804.0,2021,Unspecified,Unspecified,1.0,nan,,0.0,0,0,0,0.0,0,0.0,0.0,0.0,15273.0,0.0,0.0,0.0,12037.0,0.0
1191,Minnesota,Mcleod,804.0,2022,Unspecified,Unspecified,1.0,nan,,0.0,0,0,0,0.0,0,0.0,0.0,0.0,21599.0,0.0,0.0,0.0,11226.0,0.0
1192,Minnesota,Meeker,804.0,2000,Unspecified,Unspecified,1.0,nan,,0.0,0,0,0,0.0,0,0.0,0.0,0.0,6642.0,0.0,0.0,0.0,2362.0,0.0
1193,Minnesota,Meeker,804.0,2001,Unspecified,Unspecified,1.0,nan,,0.0,0,0,0,0.0,0,0.0,0.0,0.0,9290.0,0.0,0.0,0.0,2543.0,0.0
1194,Minnesota,Meeker,804.0,2002,Unspecified,Unspecified,1.0,nan,,0.0,0,0,0,0.0,0,0.0,0.0,0.0,9393.0,0.0,0.0,0.0,2642.0,0.0
1195,Minnesota,Meeker,804.0,2003,Unspecified,Unspecified,1.0,nan,,0.0,0,0,0,0.0,0,0.0,0.0,0.0,9264.0,0.0,0.0,0.0,2532.0,0.0
1196,Minnesota,Meeker,804.0,2004,Unspecified,Unspecified,1.0,nan,,0.0,0,0,0,0.0,0,0.0,0.0,0.0,9216.0,0.0,0.0,0.0,2619.0,0.0
1197,Minnesota,Meeker,804.0,2005,Unspecified,Unspecified,1.0,nan,,0.0,0,0,0,0.0,0,0.0,0.0,0.0,9158.0,0.0,0.0,0.0,2585.0,0.0
1198,Minnesota,Meeker,804.0,2006,Unspecified,Unspecified,1.0,nan,,0.0,0,0,0,0.0,0,0.0,0.0,0.0,9129.0,0.0,0.0,0.0,3422.0,0.0
1199,Minnesota,Meeker,804.0,2007,Unspecified,Unspecified,1.0,nan,,0.0,0,0,0,0.0,0,0.0,0.0,0.0,8563.0,0.0,0.0,0.0,3618.0,0.0
1200,Minnesota,Meeker,804.0,2008,Unspecified,Unspecified,1.0,nan,,0.0,0,0,0,0.0,0,0.0,0.0,0.0,8221.0,0.0,0.0,0.0,3150.0,500.0
1201,Minnesota,Meeker,804.0,2009,Unspecified,Unspecified,1.0,nan,,0.0,0,0,0,0.0,0,0.0,0.0,0.0,9299.0,0.0,0.0,0.0,3067.0,0.0
1202,Minnesota,Meeker,804.0,2010,Unspecified,Unspecified,1.0,nan,,0.0,0,0,0,0.0,0,0.0,0.0,0.0,9386.0,0.0,0.0,0.0,2891.0,0.0
1203,Minnesota,Meeker,804.0,2011,Unspecified,Unspecified,1.0,nan,,0.0,0,0,0,0.0,0,0.0,0.0,0.0,10264.0,0.0,0.0,0.0,3134.0,0.0
1204,Minnesota,Meeker,804.0,2012,Unspecified,Unspecified,1.0,nan,,0.0,0,0,0,0.0,0,0.0,0.0,0.0,10843.0,0.0,0.0,0.0,3370.0,0.0
1205,Minnesota,Meeker,804.0,2013,Unspecified,Unspecified,1.0,nan,,0.0,0,0,0,0.0,0,0.0,0.0,0.0,10213.0,0.0,0.0,0.0,4467.0,0.0
1206,Minnesota,Meeker,804.0,2014,Unspecified,Unspecified,1.0,nan,,0.0,0,0,0,0.0,0,0.0,0.0,0.0,7500.0,0.0,0.0,0.0,4562.0,0.0
1207,Minnesota,Meeker,804.0,2015,Unspecified,Unspecified,1.0,nan,,0.0,0,0,0,0.0,0,0.0,0.0,0.0,7450.0,0.0,0.0,0.0,5313.0,0.0
1208,Minnesota,Meeker,804.0,2016,Unspecified,Unspecified,1.0,nan,,0.0,0,0,0,0.0,0,0.0,0.0,0.0,7150.0,0.0,0.0,0.0,4645.0,0.0
1209,Minnesota,Meeker,804.0,2017,Unspecified,Unspecified,1.0,nan,,0.0,0,0,0,0.0,0,0.0,0.0,0.0,15318.0,0.0,0.0,0.0,4272.0,0.0
1210,Minnesota,Meeker,804.0,2018,Unspecified,Unspecified,1.0,nan,,0.0,0,0,0,0.0,0,0.0,0.0,0.0,9080.0,0.0,0.0,0.0,4519.0,0.0
1211,Minnesota,Meeker,804.0,2019,Unspecified,Unspecified,1.0,nan,,0.0,0,0,0,0.0,0,0.0,0.0,0.0,9699.0,0.0,0.0,0.0,4290.0,0.0
1212,Minnesota,Meeker,804.0,2020,Unspecified,Unspecified,1.0,nan,,0.0,0,0,0,0.0,0,0.0,0.0,0.0,9778.0,0.0,0.0,0.0,5471.0,0.0
1213,Minnesota,Meeker,804.0,2021,Unspecified,Unspecified,1.0,nan,,0.0,0,0,0,0.0,0,0.0,0.0,0.0,11423.0,0.0,0.0,0.0,5438.0,0.0
1214,Minnesota,Meeker,804.0,2022,Unspecified,Unspecified,1.0,nan,,0.0,0,0,0,0.0,0,0.0,0.0,0.0,8523.0,0.0,0.0,0.0,5610.0,0.0
1215,Minnesota,Mille lacs,804.0,2000,Unspecified,Unspecified,1.0,nan,,0.0,0,0,0,0.0,0,0.0,0.0,0.0,6403.0,0.0,0.0,0.0,3602.0,0.0
1216,Minnesota,Mille lacs,804.0,2001,Unspecified,Unspecified,1.0,nan,,0.0,0,0,0,0.0,0,0.0,0.0,0.0,6396.0,0.0,0.0,0.0,3810.0,0.0
1217,Minnesota,Mille lacs,804.0,2002,Unspecified,Unspecified,1.0,nan,,0.0,0,0,0,0.0,0,0.0,0.0,0.0,9316.0,0.0,0.0,0.0,4065.0,0.0
1218,Minnesota,Mille lacs,804.0,2003,Unspecified,Unspecified,1.0,nan,,0.0,0,0,0,0.0,0,0.0,0.0,0.0,9498.0,0.0,0.0,0.0,1523.0,0.0
1219,Minnesota,Mille lacs,804.0,2004,Unspecified,Unspecified,1.0,nan,,0.0,0,0,0,0.0,0,0.0,0.0,0.0,10572.0,0.0,0.0,0.0,1924.0,0.0
1220,Minnesota,Mille lacs,804.0,2005,Unspecified,Unspecified,1.0,nan,,0.0,0,0,0,0.0,0,0.0,0.0,0.0,11000.0,0.0,0.0,0.0,2039.0,0.0
1221,Minnesota,Mille lacs,804.0,2006,Unspecified,Unspecified,1.0,nan,,0.0,0,0,0,0.0,0,0.0,0.0,0.0,13030.0,0.0,0.0,0.0,1582.0,0.0
1222,Minnesota,Mille lacs,804.0,2007,Unspecified,Unspecified,1.0,nan,,0.0,0,0,0,0.0,0,0.0,0.0,0.0,13129.0,0.0,0.0,0.0,1388.0,0.0
1223,Minnesota,Mille lacs,804.0,2008,Unspecified,Unspecified,1.0,nan,,0.0,0,0,0,0.0,0,0.0,0.0,0.0,13484.0,0.0,0.0,0.0,1386.0,0.0
1224,Minnesota,Mille lacs,804.0,2009,Unspecified,Unspecified,1.0,nan,,0.0,0,0,0,0.0,0,0.0,0.0,0.0,16469.0,0.0,0.0,0.0,1093.0,0.0
1225,Minnesota,Mille lacs,804.0,2010,Unspecified,Unspecified,1.0,nan,,0.0,0,0,0,0.0,0,0.0,0.0,0.0,11160.0,0.0,0.0,0.0,2056.0,0.0
1226,Minnesota,Mille lacs,804.0,2011,Unspecified,Unspecified,1.0,nan,,0.0,0,0,0,0.0,0,0.0,0.0,0.0,15482.0,0.0,0.0,0.0,1783.0,0.0
1227,Minnesota,Mille lacs,804.0,2012,Unspecified,Unspecified,1.0,nan,,0.0,0,0,0,0.0,0,0.0,0.0,0.0,14927.0,0.0,0.0,0.0,2055.0,0.0
1228,Minnesota,Mille lacs,804.0,2013,Unspecified,Unspecified,1.0,nan,,0.0,0,0,0,0.0,0,0.0,0.0,0.0,13872.0,0.0,0.0,0.0,1542.0,0.0
1229,Minnesota,Mille lacs,804.0,2014,Unspecified,Unspecified,1.0,nan,,0.0,0,0,0,0.0,0,0.0,0.0,0.0,9747.0,0.0,0.0,0.0,1415.0,0.0
1230,Minnesota,Mille lacs,804.0,2015,Unspecified,Unspecified,1.0,nan,,0.0,0,0,0,0.0,0,0.0,0.0,0.0,10880.0,0.0,0.0,0.0,1529.0,0.0
1231,Minnesota,Mille lacs,804.0,2016,Unspecified,Unspecified,1.0,nan,,0.0,0,0,0,0.0,0,0.0,0.0,0.0,12424.0,0.0,0.0,0.0,1899.0,0.0
1232,Minnesota,Mille lacs,804.0,2017,Unspecified,Unspecified,1.0,nan,,0.0,0,0,0,0.0,0,0.0,0.0,0.0,12626.0,0.0,0.0,0.0,2608.0,0.0
1233,Minnesota,Mille lacs,804.0,2018,Unspecified,Unspecified,1.0,nan,,0.0,0,0,0,0.0,0,0.0,0.0,0.0,18346.0,0.0,0.0,0.0,3980.0,0.0
1234,Minnesota,Mille lacs,804.0,2019,Unspecified,Unspecified,1.0,nan,,0.0,0,0,0,0.0,0,0.0,0.0,0.0,15653.0,0.0,0.0,0.0,8785.0,0.0
1235,Minnesota,Mille lacs,804.0,2020,Unspecified,Unspecified,1.0,nan,,0.0,0,0,0,0.0,0,0.0,0.0,0.0,18863.0,0.0,0.0,0.0,2038.0,0.0
1236,Minnesota,Mille lacs,804.0,2021,Unspecified,Unspecified,1.0,nan,,0.0,0,0,0,0.0,0,0.0,0.0,0.0,11989.0,0.0,0.0,0.0,4864.0,0.0
1237,Minnesota,Mille lacs,804.0,2022,Unspecified,Unspecified,1.0,nan,,0.0,0,0,0,0.0,0,0.0,0.0,0.0,16752.0,0.0,0.0,0.0,1529.0,0.0
1238,Minnesota,Morrison,804.0,2000,Unspecified,Unspecified,1.0,nan,,0.0,0,0,0,0.0,0,0.0,0.0,0.0,18954.0,0.0,0.0,0.0,19529.0,0.0
1239,Minnesota,Morrison,804.0,2001,Unspecified,Unspecified,1.0,nan,,0.0,0,0,0,0.0,0,0.0,0.0,0.0,20256.0,0.0,0.0,0.0,14977.0,0.0
1240,Minnesota,Morrison,804.0,2002,Unspecified,Unspecified,1.0,nan,,0.0,0,0,0,0.0,0,0.0,0.0,0.0,12315.0,0.0,0.0,0.0,9698.0,0.0
1241,Minnesota,Morrison,804.0,2003,Unspecified,Unspecified,1.0,nan,,0.0,0,0,0,0.0,0,0.0,0.0,0.0,14280.0,0.0,0.0,0.0,8365.0,0.0
1242,Minnesota,Morrison,804.0,2004,Unspecified,Unspecified,1.0,nan,,0.0,0,0,0,0.0,0,0.0,0.0,0.0,15886.0,0.0,0.0,0.0,8986.0,0.0
1243,Minnesota,Morrison,804.0,2005,Unspecified,Unspecified,1.0,nan,,0.0,0,0,0,0.0,0,0.0,0.0,0.0,12683.0,0.0,0.0,0.0,10391.0,0.0
1244,Minnesota,Morrison,804.0,2006,Unspecified,Unspecified,1.0,nan,,0.0,0,0,0,0.0,0,0.0,0.0,0.0,13169.0,0.0,0.0,0.0,11235.0,0.0
1245,Minnesota,Morrison,804.0,2007,Unspecified,Unspecified,1.0,nan,,0.0,0,0,0,0.0,0,0.0,0.0,0.0,13213.0,0.0,0.0,0.0,13178.0,0.0
1246,Minnesota,Morrison,804.0,2008,Unspecified,Unspecified,1.0,nan,,0.0,0,0,0,0.0,0,0.0,0.0,0.0,10846.0,0.0,0.0,0.0,11943.0,0.0
1247,Minnesota,Morrison,804.0,2009,Unspecified,Unspecified,1.0,nan,,0.0,0,0,0,0.0,0,0.0,0.0,0.0,12490.0,0.0,0.0,0.0,15259.0,0.0
1248,Minnesota,Morrison,804.0,2010,Unspecified,Unspecified,1.0,nan,,0.0,0,0,0,0.0,0,0.0,0.0,0.0,13352.0,0.0,0.0,0.0,15497.0,0.0
1249,Minnesota,Morrison,804.0,2011,Unspecified,Unspecified,1.0,nan,,0.0,0,0,0,0.0,0,0.0,0.0,0.0,12853.0,0.0,0.0,0.0,14495.0,0.0
1250,Minnesota,Morrison,804.0,2012,Unspecified,Unspecified,1.0,nan,,0.0,0,0,0,0.0,0,0.0,0.0,0.0,12238.0,0.0,0.0,0.0,17614.0,0.0
1251,Minnesota,Morrison,804.0,2013,Unspecified,Unspecified,1.0,nan,,0.0,0,0,0,0.0,0,0.0,0.0,0.0,12339.0,0.0,0.0,0.0,9143.0,0.0
1252,Minnesota,Morrison,804.0,2014,Unspecified,Unspecified,1.0,nan,,0.0,0,0,0,0.0,0,0.0,0.0,0.0,11599.0,0.0,0.0,0.0,13816.0,0.0
1253,Minnesota,Morrison,804.0,2015,Unspecified,Unspecified,1.0,nan,,0.0,0,0,0,0.0,0,0.0,0.0,0.0,11770.0,0.0,0.0,0.0,22356.0,0.0
1254,Minnesota,Morrison,804.0,2016,Unspecified,Unspecified,1.0,nan,,0.0,0,0,0,0.0,0,0.0,0.0,0.0,11252.0,0.0,0.0,0.0,14657.0,0.0
1255,Minnesota,Morrison,804.0,2017,Unspecified,Unspecified,1.0,nan,,0.0,0,0,0,0.0,0,0.0,0.0,0.0,12539.0,0.0,0.0,0.0,14694.0,0.0
1256,Minnesota,Morrison,804.0,2018,Unspecified,Unspecified,1.0,nan,,0.0,0,0,0,0.0,0,0.0,0.0,0.0,22255.0,0.0,0.0,0.0,13390.0,0.0
1257,Minnesota,Morrison,804.0,2019,Unspecified,Unspecified,1.0,nan,,0.0,0,0,0,0.0,0,0.0,0.0,0.0,24585.0,0.0,0.0,0.0,13386.0,0.0
1258,Minnesota,Morrison,804.0,2020,Unspecified,Unspecified,1.0,nan,,0.0,0,0,0,0.0,0,0.0,0.0,0.0,24008.0,0.0,0.0,0.0,12769.0,0.0
1259,Minnesota,Morrison,804.0,2021,Unspecified,Unspecified,1.0,nan,,0.0,0,0,0,0.0,0,0.0,0.0,0.0,24705.0,0.0,0.0,0.0,12938.0,0.0
1260,Minnesota,Morrison,804.0,2022,Unspecified,Unspecified,1.0,nan,,0.0,0,0,0,0.0,0,0.0,0.0,0.0,23478.0,0.0,0.0,0.0,13084.0,0.0
1261,Minnesota,Mower,804.0,2000,Unspecified,Unspecified,1.0,nan,,0.0,0,0,0,0.0,0,0.0,0.0,0.0,24315.0,0.0,0.0,0.0,13463.0,0.0
1262,Minnesota,Mower,804.0,2001,Unspecified,Unspecified,1.0,nan,,0.0,0,0,0,0.0,0,0.0,0.0,0.0,26258.0,0.0,0.0,0.0,9683.0,0.0
1263,Minnesota,Mower,804.0,2002,Unspecified,Unspecified,1.0,nan,,0.0,0,0,0,0.0,0,0.0,0.0,0.0,25351.0,0.0,0.0,0.0,15891.0,0.0
1264,Minnesota,Mower,804.0,2003,Unspecified,Unspecified,1.0,nan,,0.0,0,0,0,0.0,0,0.0,0.0,0.0,26869.0,0.0,0.0,0.0,14642.0,0.0
1265,Minnesota,Mower,804.0,2004,Unspecified,Unspecified,1.0,nan,,0.0,0,0,0,0.0,0,0.0,0.0,0.0,28205.0,0.0,0.0,0.0,9600.0,0.0
1266,Minnesota,Mower,804.0,2005,Unspecified,Unspecified,1.0,nan,,0.0,0,0,0,0.0,0,0.0,0.0,0.0,26896.0,0.0,0.0,0.0,9399.0,0.0
1267,Minnesota,Mower,804.0,2006,Unspecified,Unspecified,1.0,nan,,0.0,0,0,0,0.0,0,0.0,0.0,0.0,26078.0,0.0,0.0,0.0,9380.0,0.0
1268,Minnesota,Mower,804.0,2007,Unspecified,Unspecified,1.0,nan,,0.0,0,0,0,0.0,0,0.0,0.0,0.0,28234.0,0.0,0.0,0.0,9827.0,0.0
1269,Minnesota,Mower,804.0,2008,Unspecified,Unspecified,1.0,nan,,0.0,0,0,0,0.0,0,0.0,0.0,0.0,25381.0,0.0,0.0,0.0,8012.0,0.0
1270,Minnesota,Mower,804.0,2009,Unspecified,Unspecified,1.0,nan,,0.0,0,0,0,0.0,0,0.0,0.0,0.0,28682.0,0.0,0.0,0.0,15499.0,0.0
1271,Minnesota,Mower,804.0,2010,Unspecified,Unspecified,1.0,nan,,0.0,0,0,0,0.0,0,0.0,0.0,0.0,25058.0,0.0,0.0,0.0,8356.0,0.0
1272,Minnesota,Mower,804.0,2011,Unspecified,Unspecified,1.0,nan,,0.0,0,0,0,0.0,0,0.0,0.0,0.0,20332.0,0.0,0.0,0.0,16022.0,0.0
1273,Minnesota,Mower,804.0,2012,Unspecified,Unspecified,1.0,nan,,0.0,0,0,0,0.0,0,0.0,0.0,0.0,19640.0,0.0,0.0,0.0,14906.0,0.0
1274,Minnesota,Mower,804.0,2013,Unspecified,Unspecified,1.0,nan,,0.0,0,0,0,0.0,0,0.0,0.0,0.0,20862.0,0.0,0.0,0.0,14545.0,0.0
1275,Minnesota,Mower,804.0,2014,Unspecified,Unspecified,1.0,nan,,0.0,0,0,0,0.0,0,0.0,0.0,0.0,17883.0,0.0,0.0,0.0,15587.0,0.0
1276,Minnesota,Mower,804.0,2015,Unspecified,Unspecified,1.0,nan,,0.0,0,0,0,0.0,0,0.0,0.0,0.0,15828.0,0.0,0.0,0.0,19639.0,0.0
1277,Minnesota,Mower,804.0,2016,Unspecified,Unspecified,1.0,nan,,0.0,0,0,0,0.0,0,0.0,0.0,0.0,6240.0,0.0,0.0,0.0,19049.0,0.0
1278,Minnesota,Mower,804.0,2017,Unspecified,Unspecified,1.0,nan,,0.0,0,0,0,0.0,0,0.0,0.0,0.0,20568.0,0.0,0.0,0.0,19018.0,0.0
1279,Minnesota,Mower,804.0,2018,Unspecified,Unspecified,1.0,nan,,0.0,0,0,0,0.0,0,0.0,0.0,0.0,16895.0,0.0,0.0,0.0,19912.0,0.0
1280,Minnesota,Mower,804.0,2019,Unspecified,Unspecified,1.0,nan,,0.0,0,0,0,0.0,0,0.0,0.0,0.0,15423.0,0.0,0.0,0.0,16619.0,0.0
1281,Minnesota,Mower,804.0,2020,Unspecified,Unspecified,1.0,nan,,0.0,0,0,0,0.0,0,0.0,0.0,0.0,21032.0,0.0,0.0,0.0,10761.0,0.0
1282,Minnesota,Mower,804.0,2021,Unspecified,Unspecified,1.0,nan,,0.0,0,0,0,0.0,0,0.0,0.0,0.0,23936.0,0.0,0.0,0.0,34295.0,0.0
1283,Minnesota,Mower,804.0,2022,Unspecified,Unspecified,1.0,nan,,0.0,0,0,0,0.0,0,0.0,0.0,0.0,24736.0,0.0,0.0,0.0,21345.0,3.0
1284,Minnesota,Murray,804.0,2000,Unspecified,Unspecified,1.0,nan,,0.0,0,0,0,0.0,0,0.0,0.0,0.0,2468.0,0.0,0.0,0.0,2036.0,0.0
1285,Minnesota,Murray,804.0,2001,Unspecified,Unspecified,1.0,nan,,0.0,0,0,0,0.0,0,0.0,0.0,0.0,2561.0,0.0,0.0,0.0,1753.0,0.0
1286,Minnesota,Murray,804.0,2002,Unspecified,Unspecified,1.0,nan,,0.0,0,0,0,0.0,0,0.0,0.0,0.0,2677.0,0.0,0.0,0.0,1689.0,0.0
1287,Minnesota,Murray,804.0,2003,Unspecified,Unspecified,1.0,nan,,0.0,0,0,0,0.0,0,0.0,0.0,0.0,2654.0,0.0,0.0,0.0,1820.0,0.0
1288,Minnesota,Murray,804.0,2004,Unspecified,Unspecified,1.0,nan,,0.0,0,0,0,0.0,0,0.0,0.0,0.0,3275.0,0.0,0.0,0.0,1901.0,0.0
1289,Minnesota,Murray,804.0,2005,Unspecified,Unspecified,1.0,nan,,0.0,0,0,0,0.0,0,0.0,0.0,0.0,3180.0,0.0,0.0,0.0,1947.0,0.0
1290,Minnesota,Murray,804.0,2006,Unspecified,Unspecified,1.0,nan,,0.0,0,0,0,0.0,0,0.0,0.0,0.0,2998.0,0.0,0.0,0.0,1800.0,0.0
1291,Minnesota,Murray,804.0,2007,Unspecified,Unspecified,1.0,nan,,0.0,0,0,0,0.0,0,0.0,0.0,0.0,3991.0,0.0,0.0,0.0,1761.0,0.0
1292,Minnesota,Murray,804.0,2008,Unspecified,Unspecified,1.0,nan,,0.0,0,0,0,0.0,0,0.0,0.0,0.0,3535.0,0.0,0.0,0.0,1285.0,0.0
1293,Minnesota,Murray,804.0,2009,Unspecified,Unspecified,1.0,nan,,0.0,0,0,0,0.0,0,0.0,0.0,0.0,2882.0,0.0,0.0,0.0,1823.0,0.0
1294,Minnesota,Murray,804.0,2010,Unspecified,Unspecified,1.0,nan,,0.0,0,0,0,0.0,0,0.0,0.0,0.0,3134.0,0.0,0.0,0.0,1905.0,0.0
1295,Minnesota,Murray,804.0,2011,Unspecified,Unspecified,1.0,nan,,0.0,0,0,0,0.0,0,0.0,0.0,0.0,3446.0,0.0,0.0,0.0,1677.0,0.0
1296,Minnesota,Murray,804.0,2012,Unspecified,Unspecified,1.0,nan,,0.0,0,0,0,0.0,0,0.0,0.0,0.0,3578.0,0.0,0.0,0.0,2037.0,0.0
1297,Minnesota,Murray,804.0,2013,Unspecified,Unspecified,1.0,nan,,0.0,0,0,0,0.0,0,0.0,0.0,0.0,3832.0,0.0,0.0,0.0,2272.0,0.0
1298,Minnesota,Murray,804.0,2014,Unspecified,Unspecified,1.0,nan,,0.0,0,0,0,0.0,0,0.0,0.0,0.0,3995.0,0.0,0.0,0.0,2451.0,0.0
1299,Minnesota,Murray,804.0,2015,Unspecified,Unspecified,1.0,nan,,0.0,0,0,0,0.0,0,0.0,0.0,0.0,3898.0,0.0,0.0,0.0,2344.0,0.0
1300,Minnesota,Murray,804.0,2016,Unspecified,Unspecified,1.0,nan,,0.0,0,0,0,0.0,0,0.0,0.0,0.0,3739.0,0.0,0.0,0.0,2059.0,0.0
1301,Minnesota,Murray,804.0,2017,Unspecified,Unspecified,1.0,nan,,0.0,0,0,0,0.0,0,0.0,0.0,0.0,4789.0,0.0,0.0,0.0,2253.0,0.0
1302,Minnesota,Murray,804.0,2018,Unspecified,Unspecified,1.0,nan,,0.0,0,0,0,0.0,0,0.0,0.0,0.0,5376.0,0.0,0.0,0.0,2462.0,0.0
1303,Minnesota,Murray,804.0,2019,Unspecified,Unspecified,1.0,nan,,0.0,0,0,0,0.0,0,0.0,0.0,0.0,4538.0,0.0,0.0,0.0,2455.0,0.0
1304,Minnesota,Murray,804.0,2020,Unspecified,Unspecified,1.0,nan,,0.0,0,0,0,0.0,0,0.0,0.0,0.0,3976.0,0.0,0.0,0.0,2405.0,0.0
1305,Minnesota,Murray,804.0,2021,Unspecified,Unspecified,1.0,nan,,0.0,0,0,0,0.0,0,0.0,0.0,0.0,4772.0,0.0,0.0,0.0,5400.0,0.0
1306,Minnesota,Murray,804.0,2022,Unspecified,Unspecified,1.0,nan,,0.0,0,0,0,0.0,0,0.0,0.0,0.0,4491.0,0.0,0.0,0.0,2696.0,0.0
1307,Minnesota,Nicollet,804.0,2000,Unspecified,Unspecified,1.0,nan,,0.0,0,0,0,0.0,0,0.0,0.0,0.0,7332.0,0.0,0.0,0.0,10040.0,5591.0
1308,Minnesota,Nicollet,804.0,2001,Unspecified,Unspecified,1.0,nan,,0.0,0,0,0,0.0,0,0.0,0.0,0.0,6339.0,0.0,0.0,0.0,13471.0,6996.0
1309,Minnesota,Nicollet,804.0,2002,Unspecified,Unspecified,1.0,nan,,0.0,0,0,0,0.0,0,0.0,0.0,0.0,7812.0,0.0,0.0,0.0,12810.0,8210.0
1310,Minnesota,Nicollet,804.0,2003,Unspecified,Unspecified,1.0,nan,,0.0,0,0,0,0.0,0,0.0,0.0,0.0,8110.0,0.0,0.0,0.0,12978.0,7134.0
1311,Minnesota,Nicollet,804.0,2004,Unspecified,Unspecified,1.0,nan,,0.0,0,0,0,0.0,0,0.0,0.0,0.0,6473.0,0.0,0.0,0.0,16275.0,9873.0
1312,Minnesota,Nicollet,804.0,2005,Unspecified,Unspecified,1.0,nan,,0.0,0,0,0,0.0,0,0.0,0.0,0.0,8035.0,0.0,0.0,0.0,14207.0,10516.0
1313,Minnesota,Nicollet,804.0,2006,Unspecified,Unspecified,1.0,nan,,0.0,0,0,0,0.0,0,0.0,0.0,0.0,7919.0,0.0,0.0,0.0,15090.0,9837.0
1314,Minnesota,Nicollet,804.0,2007,Unspecified,Unspecified,1.0,nan,,0.0,0,0,0,0.0,0,0.0,0.0,0.0,5437.0,0.0,0.0,0.0,12468.0,9604.0
1315,Minnesota,Nicollet,804.0,2008,Unspecified,Unspecified,1.0,nan,,0.0,0,0,0,0.0,0,0.0,0.0,0.0,6191.0,0.0,0.0,0.0,15177.0,8735.0
1316,Minnesota,Nicollet,804.0,2009,Unspecified,Unspecified,1.0,nan,,0.0,0,0,0,0.0,0,0.0,0.0,0.0,7426.0,0.0,0.0,0.0,14146.0,9454.0
1317,Minnesota,Nicollet,804.0,2010,Unspecified,Unspecified,1.0,nan,,0.0,0,0,0,0.0,0,0.0,0.0,0.0,8569.0,0.0,0.0,0.0,15028.0,8666.0
1318,Minnesota,Nicollet,804.0,2011,Unspecified,Unspecified,1.0,nan,,0.0,0,0,0,0.0,0,0.0,0.0,0.0,7413.0,0.0,0.0,0.0,17057.0,9621.0
1319,Minnesota,Nicollet,804.0,2012,Unspecified,Unspecified,1.0,nan,,0.0,0,0,0,0.0,0,0.0,0.0,0.0,6790.0,0.0,0.0,0.0,18810.0,9489.0
1320,Minnesota,Nicollet,804.0,2013,Unspecified,Unspecified,1.0,nan,,0.0,0,0,0,0.0,0,0.0,0.0,0.0,7569.0,0.0,0.0,0.0,18303.0,9243.0
1321,Minnesota,Nicollet,804.0,2014,Unspecified,Unspecified,1.0,nan,,0.0,0,0,0,0.0,0,0.0,0.0,0.0,7129.0,0.0,0.0,0.0,18694.0,8743.0
1322,Minnesota,Nicollet,804.0,2015,Unspecified,Unspecified,1.0,nan,,0.0,0,0,0,0.0,0,0.0,0.0,0.0,7423.0,0.0,0.0,0.0,18751.0,7921.0
1323,Minnesota,Nicollet,804.0,2016,Unspecified,Unspecified,1.0,nan,,0.0,0,0,0,0.0,0,0.0,0.0,0.0,5980.0,0.0,0.0,0.0,19757.0,8838.0
1324,Minnesota,Nicollet,804.0,2017,Unspecified,Unspecified,1.0,nan,,0.0,0,0,0,0.0,0,0.0,0.0,0.0,5917.0,0.0,0.0,0.0,21591.0,8745.0
1325,Minnesota,Nicollet,804.0,2018,Unspecified,Unspecified,1.0,nan,,0.0,0,0,0,0.0,0,0.0,0.0,0.0,21606.0,0.0,0.0,0.0,19805.0,14426.0
1326,Minnesota,Nicollet,804.0,2019,Unspecified,Unspecified,1.0,nan,,0.0,0,0,0,0.0,0,0.0,0.0,0.0,23974.0,0.0,0.0,0.0,19983.0,16174.0
1327,Minnesota,Nicollet,804.0,2020,Unspecified,Unspecified,1.0,nan,,0.0,0,0,0,0.0,0,0.0,0.0,0.0,28305.0,0.0,0.0,0.0,14553.0,14981.0
1328,Minnesota,Nicollet,804.0,2021,Unspecified,Unspecified,1.0,nan,,0.0,0,0,0,0.0,0,0.0,0.0,0.0,36021.0,0.0,0.0,0.0,14729.0,15939.0
1329,Minnesota,Nicollet,804.0,2022,Unspecified,Unspecified,1.0,nan,,0.0,0,0,0,0.0,0,0.0,0.0,0.0,55129.0,0.0,0.0,0.0,16142.0,8555.0
1330,Minnesota,Nobles,804.0,2000,Unspecified,Unspecified,1.0,nan,,0.0,0,0,0,0.0,0,0.0,0.0,0.0,13895.0,0.0,0.0,0.0,6131.0,0.0
1331,Minnesota,Nobles,804.0,2001,Unspecified,Unspecified,1.0,nan,,0.0,0,0,0,0.0,0,0.0,0.0,0.0,13411.0,0.0,0.0,0.0,5596.0,0.0
1332,Minnesota,Nobles,804.0,2002,Unspecified,Unspecified,1.0,nan,,0.0,0,0,0,0.0,0,0.0,0.0,0.0,14516.0,0.0,0.0,0.0,6225.0,0.0
1333,Minnesota,Nobles,804.0,2003,Unspecified,Unspecified,1.0,nan,,0.0,0,0,0,0.0,0,0.0,0.0,0.0,10462.0,0.0,0.0,0.0,6646.0,0.0
1334,Minnesota,Nobles,804.0,2004,Unspecified,Unspecified,1.0,nan,,0.0,0,0,0,0.0,0,0.0,0.0,0.0,10180.0,0.0,0.0,0.0,6214.0,0.0
1335,Minnesota,Nobles,804.0,2005,Unspecified,Unspecified,1.0,nan,,0.0,0,0,0,0.0,0,0.0,0.0,0.0,8634.0,0.0,0.0,0.0,6248.0,0.0
1336,Minnesota,Nobles,804.0,2006,Unspecified,Unspecified,1.0,nan,,0.0,0,0,0,0.0,0,0.0,0.0,0.0,7364.0,0.0,0.0,0.0,6210.0,0.0
1337,Minnesota,Nobles,804.0,2007,Unspecified,Unspecified,1.0,nan,,0.0,0,0,0,0.0,0,0.0,0.0,0.0,8493.0,0.0,0.0,0.0,7039.0,0.0
1338,Minnesota,Nobles,804.0,2008,Unspecified,Unspecified,1.0,nan,,0.0,0,0,0,0.0,0,0.0,0.0,0.0,9888.0,0.0,0.0,0.0,9262.0,0.0
1339,Minnesota,Nobles,804.0,2009,Unspecified,Unspecified,1.0,nan,,0.0,0,0,0,0.0,0,0.0,0.0,0.0,13310.0,0.0,0.0,0.0,8577.0,0.0
1340,Minnesota,Nobles,804.0,2010,Unspecified,Unspecified,1.0,nan,,0.0,0,0,0,0.0,0,0.0,0.0,0.0,11600.0,0.0,0.0,0.0,8367.0,0.0
1341,Minnesota,Nobles,804.0,2011,Unspecified,Unspecified,1.0,nan,,0.0,0,0,0,0.0,0,0.0,0.0,0.0,11087.0,0.0,0.0,0.0,8377.0,0.0
1342,Minnesota,Nobles,804.0,2012,Unspecified,Unspecified,1.0,nan,,0.0,0,0,0,0.0,0,0.0,0.0,0.0,10130.0,0.0,0.0,0.0,6751.0,0.0
1343,Minnesota,Nobles,804.0,2013,Unspecified,Unspecified,1.0,nan,,0.0,0,0,0,0.0,0,0.0,0.0,0.0,8727.0,0.0,0.0,0.0,6789.0,0.0
1344,Minnesota,Nobles,804.0,2014,Unspecified,Unspecified,1.0,nan,,0.0,0,0,0,0.0,0,0.0,0.0,0.0,9765.0,0.0,0.0,0.0,6612.0,0.0
1345,Minnesota,Nobles,804.0,2015,Unspecified,Unspecified,1.0,nan,,0.0,0,0,0,0.0,0,0.0,0.0,0.0,5350.0,0.0,0.0,0.0,6586.0,0.0
1346,Minnesota,Nobles,804.0,2016,Unspecified,Unspecified,1.0,nan,,0.0,0,0,0,0.0,0,0.0,0.0,0.0,5772.0,0.0,0.0,0.0,7049.0,0.0
1347,Minnesota,Nobles,804.0,2017,Unspecified,Unspecified,1.0,nan,,0.0,0,0,0,0.0,0,0.0,0.0,0.0,6250.0,0.0,0.0,0.0,6401.0,0.0
1348,Minnesota,Nobles,804.0,2018,Unspecified,Unspecified,1.0,nan,,0.0,0,0,0,0.0,0,0.0,0.0,0.0,6216.0,0.0,0.0,0.0,6544.0,0.0
1349,Minnesota,Nobles,804.0,2019,Unspecified,Unspecified,1.0,nan,,0.0,0,0,0,0.0,0,0.0,0.0,0.0,6239.0,0.0,0.0,0.0,6523.0,0.0
1350,Minnesota,Nobles,804.0,2020,Unspecified,Unspecified,1.0,nan,,0.0,0,0,0,0.0,0,0.0,0.0,0.0,10052.0,0.0,0.0,0.0,5868.0,0.0
1351,Minnesota,Nobles,804.0,2021,Unspecified,Unspecified,1.0,nan,,0.0,0,0,0,0.0,0,0.0,0.0,0.0,10615.0,0.0,0.0,0.0,5751.0,0.0
1352,Minnesota,Nobles,804.0,2022,Unspecified,Unspecified,1.0,nan,,0.0,0,0,0,0.0,0,0.0,0.0,0.0,10687.0,0.0,0.0,0.0,6530.0,0.0
1353,Minnesota,Norman,804.0,2000,Unspecified,Unspecified,1.0,nan,,0.0,0,0,0,0.0,0,0.0,0.0,0.0,70.0,0.0,0.0,0.0,603.0,3321.0
1354,Minnesota,Norman,804.0,2001,Unspecified,Unspecified,1.0,nan,,0.0,0,0,0,0.0,0,0.0,0.0,0.0,739.0,0.0,0.0,0.0,1274.0,2221.0
1355,Minnesota,Norman,804.0,2002,Unspecified,Unspecified,1.0,nan,,0.0,0,0,0,0.0,0,0.0,0.0,0.0,1066.0,0.0,0.0,0.0,652.0,2210.0
1356,Minnesota,Norman,804.0,2003,Unspecified,Unspecified,1.0,nan,,0.0,0,0,0,0.0,0,0.0,0.0,0.0,1029.0,0.0,0.0,0.0,443.0,2366.0
1357,Minnesota,Norman,804.0,2004,Unspecified,Unspecified,1.0,nan,,0.0,0,0,0,0.0,0,0.0,0.0,0.0,1262.0,0.0,0.0,0.0,579.0,1951.0
1358,Minnesota,Norman,804.0,2005,Unspecified,Unspecified,1.0,nan,,0.0,0,0,0,0.0,0,0.0,0.0,0.0,793.0,0.0,0.0,0.0,466.0,2487.0
1359,Minnesota,Norman,804.0,2006,Unspecified,Unspecified,1.0,nan,,0.0,0,0,0,0.0,0,0.0,0.0,0.0,193.0,0.0,0.0,0.0,420.0,2816.0
1360,Minnesota,Norman,804.0,2007,Unspecified,Unspecified,1.0,nan,,0.0,0,0,0,0.0,0,0.0,0.0,0.0,447.0,0.0,0.0,0.0,375.0,2820.0
1361,Minnesota,Norman,804.0,2008,Unspecified,Unspecified,1.0,nan,,0.0,0,0,0,0.0,0,0.0,0.0,0.0,414.0,0.0,0.0,0.0,375.0,2878.0
1362,Minnesota,Norman,804.0,2009,Unspecified,Unspecified,1.0,nan,,0.0,0,0,0,0.0,0,0.0,0.0,0.0,392.0,0.0,0.0,0.0,348.0,2960.0
1363,Minnesota,Norman,804.0,2010,Unspecified,Unspecified,1.0,nan,,0.0,0,0,0,0.0,0,0.0,0.0,0.0,395.0,0.0,0.0,0.0,347.0,2923.0
1364,Minnesota,Norman,804.0,2011,Unspecified,Unspecified,1.0,nan,,0.0,0,0,0,0.0,0,0.0,0.0,0.0,479.0,0.0,0.0,0.0,327.0,2930.0
1365,Minnesota,Norman,804.0,2012,Unspecified,Unspecified,1.0,nan,,0.0,0,0,0,0.0,0,0.0,0.0,0.0,545.0,0.0,0.0,0.0,347.0,2783.0
1366,Minnesota,Norman,804.0,2013,Unspecified,Unspecified,1.0,nan,,0.0,0,0,0,0.0,0,0.0,0.0,0.0,639.0,0.0,0.0,0.0,373.0,2622.0
1367,Minnesota,Norman,804.0,2014,Unspecified,Unspecified,1.0,nan,,0.0,0,0,0,0.0,0,0.0,0.0,0.0,729.0,0.0,0.0,0.0,260.0,2241.0
1368,Minnesota,Norman,804.0,2015,Unspecified,Unspecified,1.0,nan,,0.0,0,0,0,0.0,0,0.0,0.0,0.0,669.0,0.0,0.0,0.0,245.0,2008.0
1369,Minnesota,Norman,804.0,2016,Unspecified,Unspecified,1.0,nan,,0.0,0,0,0,0.0,0,0.0,0.0,0.0,664.0,0.0,0.0,0.0,229.0,2060.0
1370,Minnesota,Norman,804.0,2017,Unspecified,Unspecified,1.0,nan,,0.0,0,0,0,0.0,0,0.0,0.0,0.0,2797.0,0.0,0.0,0.0,293.0,530.0
1371,Minnesota,Norman,804.0,2018,Unspecified,Unspecified,1.0,nan,,0.0,0,0,0,0.0,0,0.0,0.0,0.0,535.0,0.0,0.0,0.0,362.0,2842.0
1372,Minnesota,Norman,804.0,2019,Unspecified,Unspecified,1.0,nan,,0.0,0,0,0,0.0,0,0.0,0.0,0.0,664.0,0.0,0.0,0.0,287.0,2915.0
1373,Minnesota,Norman,804.0,2020,Unspecified,Unspecified,1.0,nan,,0.0,0,0,0,0.0,0,0.0,0.0,0.0,707.0,0.0,0.0,0.0,388.0,2771.0
1374,Minnesota,Norman,804.0,2021,Unspecified,Unspecified,1.0,nan,,0.0,0,0,0,0.0,0,0.0,0.0,0.0,738.0,0.0,0.0,0.0,569.0,2916.0
1375,Minnesota,Norman,804.0,2022,Unspecified,Unspecified,1.0,nan,,0.0,0,0,0,0.0,0,0.0,0.0,0.0,692.0,0.0,0.0,0.0,423.0,3007.0
1376,Minnesota,Olmsted,804.0,2000,Unspecified,Unspecified,1.0,nan,,0.0,0,0,0,0.0,0,0.0,0.0,0.0,28196.0,0.0,0.0,0.0,28819.0,53322.0
1377,Minnesota,Olmsted,804.0,2001,Unspecified,Unspecified,1.0,nan,,0.0,0,0,0,0.0,0,0.0,0.0,0.0,25863.0,0.0,0.0,0.0,38222.0,59959.0
1378,Minnesota,Olmsted,804.0,2002,Unspecified,Unspecified,1.0,nan,,0.0,0,0,0,0.0,0,0.0,0.0,0.0,28148.0,0.0,0.0,0.0,22862.0,56864.0
1379,Minnesota,Olmsted,804.0,2003,Unspecified,Unspecified,1.0,nan,,0.0,0,0,0,0.0,0,0.0,0.0,0.0,35096.0,0.0,0.0,0.0,27919.0,53059.0
1380,Minnesota,Olmsted,804.0,2004,Unspecified,Unspecified,1.0,nan,,0.0,0,0,0,0.0,0,0.0,0.0,0.0,31602.0,0.0,0.0,0.0,41477.0,57596.0
1381,Minnesota,Olmsted,804.0,2005,Unspecified,Unspecified,1.0,nan,,0.0,0,0,0,0.0,0,0.0,0.0,0.0,30245.0,0.0,0.0,0.0,42263.0,56434.0
1382,Minnesota,Olmsted,804.0,2006,Unspecified,Unspecified,1.0,nan,,0.0,0,0,0,0.0,0,0.0,0.0,0.0,30101.0,0.0,0.0,0.0,42965.0,57081.0
1383,Minnesota,Olmsted,804.0,2007,Unspecified,Unspecified,1.0,nan,,0.0,0,0,0,0.0,0,0.0,0.0,0.0,34301.0,0.0,0.0,0.0,30836.0,58738.0
1384,Minnesota,Olmsted,804.0,2008,Unspecified,Unspecified,1.0,nan,,0.0,0,0,0,0.0,0,0.0,0.0,0.0,33350.0,0.0,0.0,0.0,45222.0,55464.0
1385,Minnesota,Olmsted,804.0,2009,Unspecified,Unspecified,1.0,nan,,0.0,0,0,0,0.0,0,0.0,0.0,0.0,21777.0,0.0,0.0,0.0,33905.0,56393.0
1386,Minnesota,Olmsted,804.0,2010,Unspecified,Unspecified,1.0,nan,,0.0,0,0,0,0.0,0,0.0,0.0,0.0,18764.0,0.0,0.0,0.0,40559.0,66591.0
1387,Minnesota,Olmsted,804.0,2011,Unspecified,Unspecified,1.0,nan,,0.0,0,0,0,0.0,0,0.0,0.0,0.0,11638.0,0.0,0.0,0.0,63957.0,73846.0
1388,Minnesota,Olmsted,804.0,2012,Unspecified,Unspecified,1.0,nan,,0.0,0,0,0,0.0,0,0.0,0.0,0.0,9861.0,0.0,0.0,0.0,71153.0,76782.0
1389,Minnesota,Olmsted,804.0,2013,Unspecified,Unspecified,1.0,nan,,0.0,0,0,0,0.0,0,0.0,0.0,0.0,7777.0,0.0,0.0,0.0,31166.0,79350.0
1390,Minnesota,Olmsted,804.0,2014,Unspecified,Unspecified,1.0,nan,,0.0,0,0,0,0.0,0,0.0,0.0,0.0,1212.0,0.0,0.0,0.0,65776.0,85702.0
1391,Minnesota,Olmsted,804.0,2015,Unspecified,Unspecified,1.0,nan,,0.0,0,0,0,0.0,0,0.0,0.0,0.0,8530.0,0.0,0.0,0.0,67104.0,88357.0
1392,Minnesota,Olmsted,804.0,2016,Unspecified,Unspecified,1.0,nan,,0.0,0,0,0,0.0,0,0.0,0.0,0.0,1805.0,0.0,0.0,0.0,81382.0,92144.0
1393,Minnesota,Olmsted,804.0,2017,Unspecified,Unspecified,1.0,nan,,0.0,0,0,0,0.0,0,0.0,0.0,0.0,1321.0,0.0,0.0,0.0,67320.0,92266.0
1394,Minnesota,Olmsted,804.0,2018,Unspecified,Unspecified,1.0,nan,,0.0,0,0,0,0.0,0,0.0,0.0,0.0,1034.0,0.0,0.0,0.0,71201.0,92850.0
1395,Minnesota,Olmsted,804.0,2019,Unspecified,Unspecified,1.0,nan,,0.0,0,0,0,0.0,0,0.0,0.0,0.0,1514.0,0.0,0.0,0.0,64187.0,96358.0
1396,Minnesota,Olmsted,804.0,2020,Unspecified,Unspecified,1.0,nan,,0.0,0,0,0,0.0,0,0.0,0.0,0.0,1656.0,0.0,0.0,0.0,63225.0,94508.0
1397,Minnesota,Olmsted,804.0,2021,Unspecified,Unspecified,1.0,nan,,0.0,0,0,0,0.0,0,0.0,0.0,0.0,3551.0,0.0,0.0,0.0,71467.0,92994.0
1398,Minnesota,Olmsted,804.0,2022,Unspecified,Unspecified,1.0,nan,,0.0,0,0,0,0.0,0,0.0,0.0,0.0,2923.0,0.0,0.0,0.0,53593.0,100767.0
1399,Minnesota,Otter tail,804.0,2000,Unspecified,Unspecified,1.0,nan,,0.0,0,0,0,0.0,0,0.0,0.0,0.0,10592.0,0.0,0.0,0.0,8257.0,17553.0
1400,Minnesota,Otter tail,804.0,2001,Unspecified,Unspecified,1.0,nan,,0.0,0,0,0,0.0,0,0.0,0.0,0.0,6735.0,0.0,0.0,0.0,9072.0,21330.0
1401,Minnesota,Otter tail,804.0,2002,Unspecified,Unspecified,1.0,nan,,0.0,0,0,0,0.0,0,0.0,0.0,0.0,1199.0,0.0,0.0,0.0,9934.0,27939.0
1402,Minnesota,Otter tail,804.0,2003,Unspecified,Unspecified,1.0,nan,,0.0,0,0,0,0.0,0,0.0,0.0,0.0,696.0,0.0,0.0,0.0,12463.0,30097.0
1403,Minnesota,Otter tail,804.0,2004,Unspecified,Unspecified,1.0,nan,,0.0,0,0,0,0.0,0,0.0,0.0,0.0,518.0,0.0,0.0,0.0,13110.0,31757.0
1404,Minnesota,Otter tail,804.0,2005,Unspecified,Unspecified,1.0,nan,,0.0,0,0,0,0.0,0,0.0,0.0,0.0,2650.0,0.0,0.0,0.0,13435.0,30993.0
1405,Minnesota,Otter tail,804.0,2006,Unspecified,Unspecified,1.0,nan,,0.0,0,0,0,0.0,0,0.0,0.0,0.0,14829.0,0.0,0.0,0.0,14820.0,19575.0
1406,Minnesota,Otter tail,804.0,2007,Unspecified,Unspecified,1.0,nan,,0.0,0,0,0,0.0,0,0.0,0.0,0.0,17848.0,0.0,0.0,0.0,11117.0,14957.0
1407,Minnesota,Otter tail,804.0,2008,Unspecified,Unspecified,1.0,nan,,0.0,0,0,0,0.0,0,0.0,0.0,0.0,17216.0,0.0,0.0,0.0,5811.0,14640.0
1408,Minnesota,Otter tail,804.0,2009,Unspecified,Unspecified,1.0,nan,,0.0,0,0,0,0.0,0,0.0,0.0,0.0,11378.0,0.0,0.0,0.0,5779.0,17237.0
1409,Minnesota,Otter tail,804.0,2010,Unspecified,Unspecified,1.0,nan,,0.0,0,0,0,0.0,0,0.0,0.0,0.0,7250.0,0.0,0.0,0.0,5933.0,22447.0
1410,Minnesota,Otter tail,804.0,2011,Unspecified,Unspecified,1.0,nan,,0.0,0,0,0,0.0,0,0.0,0.0,0.0,8914.0,0.0,0.0,0.0,8531.0,21263.0
1411,Minnesota,Otter tail,804.0,2012,Unspecified,Unspecified,1.0,nan,,0.0,0,0,0,0.0,0,0.0,0.0,0.0,11193.0,0.0,0.0,0.0,17173.0,19957.0
1412,Minnesota,Otter tail,804.0,2013,Unspecified,Unspecified,1.0,nan,,0.0,0,0,0,0.0,0,0.0,0.0,0.0,17368.0,0.0,0.0,0.0,12438.0,14755.0
1413,Minnesota,Otter tail,804.0,2014,Unspecified,Unspecified,1.0,nan,,0.0,0,0,0,0.0,0,0.0,0.0,0.0,12564.0,0.0,0.0,0.0,10981.0,19589.0
1414,Minnesota,Otter tail,804.0,2015,Unspecified,Unspecified,1.0,nan,,0.0,0,0,0,0.0,0,0.0,0.0,0.0,13130.0,0.0,0.0,0.0,15566.0,16920.0
1415,Minnesota,Otter tail,804.0,2016,Unspecified,Unspecified,1.0,nan,,0.0,0,0,0,0.0,0,0.0,0.0,0.0,6165.0,0.0,0.0,0.0,12099.0,24702.0
1416,Minnesota,Otter tail,804.0,2017,Unspecified,Unspecified,1.0,nan,,0.0,0,0,0,0.0,0,0.0,0.0,0.0,9466.0,0.0,0.0,0.0,16224.0,22192.0
1417,Minnesota,Otter tail,804.0,2018,Unspecified,Unspecified,1.0,nan,,0.0,0,0,0,0.0,0,0.0,0.0,0.0,9954.0,0.0,0.0,0.0,17693.0,18181.0
1418,Minnesota,Otter tail,804.0,2019,Unspecified,Unspecified,1.0,nan,,0.0,0,0,0,0.0,0,0.0,0.0,0.0,11790.0,0.0,0.0,0.0,12291.0,19281.0
1419,Minnesota,Otter tail,804.0,2020,Unspecified,Unspecified,1.0,nan,,0.0,0,0,0,0.0,0,0.0,0.0,0.0,13753.0,0.0,0.0,0.0,14133.0,18790.0
1420,Minnesota,Otter tail,804.0,2021,Unspecified,Unspecified,1.0,nan,,0.0,0,0,0,0.0,0,0.0,0.0,0.0,11184.0,0.0,0.0,0.0,11211.0,26576.0
1421,Minnesota,Otter tail,804.0,2022,Unspecified,Unspecified,1.0,nan,,0.0,0,0,0,0.0,0,0.0,0.0,0.0,10888.0,0.0,0.0,0.0,11115.0,21816.0
1422,Minnesota,Pennington,804.0,2000,Unspecified,Unspecified,1.0,nan,,0.0,0,0,0,0.0,0,0.0,0.0,0.0,3928.0,0.0,0.0,0.0,2909.0,8029.0
1423,Minnesota,Pennington,804.0,2001,Unspecified,Unspecified,1.0,nan,,0.0,0,0,0,0.0,0,0.0,0.0,0.0,8314.0,0.0,0.0,0.0,4436.0,5371.0
1424,Minnesota,Pennington,804.0,2002,Unspecified,Unspecified,1.0,nan,,0.0,0,0,0,0.0,0,0.0,0.0,0.0,8013.0,0.0,0.0,0.0,2524.0,4905.0
1425,Minnesota,Pennington,804.0,2003,Unspecified,Unspecified,1.0,nan,,0.0,0,0,0,0.0,0,0.0,0.0,0.0,9716.0,0.0,0.0,0.0,1983.0,3063.0
1426,Minnesota,Pennington,804.0,2004,Unspecified,Unspecified,1.0,nan,,0.0,0,0,0,0.0,0,0.0,0.0,0.0,13582.0,0.0,0.0,0.0,2283.0,0.0
1427,Minnesota,Pennington,804.0,2005,Unspecified,Unspecified,1.0,nan,,0.0,0,0,0,0.0,0,0.0,0.0,0.0,12947.0,0.0,0.0,0.0,1440.0,0.0
1428,Minnesota,Pennington,804.0,2006,Unspecified,Unspecified,1.0,nan,,0.0,0,0,0,0.0,0,0.0,0.0,0.0,13113.0,0.0,0.0,0.0,2126.0,0.0
1429,Minnesota,Pennington,804.0,2007,Unspecified,Unspecified,1.0,nan,,0.0,0,0,0,0.0,0,0.0,0.0,0.0,10030.0,0.0,0.0,0.0,2370.0,0.0
1430,Minnesota,Pennington,804.0,2008,Unspecified,Unspecified,1.0,nan,,0.0,0,0,0,0.0,0,0.0,0.0,0.0,10039.0,0.0,0.0,0.0,1644.0,0.0
1431,Minnesota,Pennington,804.0,2009,Unspecified,Unspecified,1.0,nan,,0.0,0,0,0,0.0,0,0.0,0.0,0.0,9808.0,0.0,0.0,0.0,2008.0,0.0
1432,Minnesota,Pennington,804.0,2010,Unspecified,Unspecified,1.0,nan,,0.0,0,0,0,0.0,0,0.0,0.0,0.0,10052.0,0.0,0.0,0.0,1962.0,0.0
1433,Minnesota,Pennington,804.0,2011,Unspecified,Unspecified,1.0,nan,,0.0,0,0,0,0.0,0,0.0,0.0,0.0,10244.0,0.0,0.0,0.0,1923.0,0.0
1434,Minnesota,Pennington,804.0,2012,Unspecified,Unspecified,1.0,nan,,0.0,0,0,0,0.0,0,0.0,0.0,0.0,10515.0,0.0,0.0,0.0,1914.0,0.0
1435,Minnesota,Pennington,804.0,2013,Unspecified,Unspecified,1.0,nan,,0.0,0,0,0,0.0,0,0.0,0.0,0.0,11665.0,0.0,0.0,0.0,2090.0,0.0
1436,Minnesota,Pennington,804.0,2014,Unspecified,Unspecified,1.0,nan,,0.0,0,0,0,0.0,0,0.0,0.0,0.0,10450.0,0.0,0.0,0.0,8511.0,0.0
1437,Minnesota,Pennington,804.0,2015,Unspecified,Unspecified,1.0,nan,,0.0,0,0,0,0.0,0,0.0,0.0,0.0,10036.0,0.0,0.0,0.0,8173.0,0.0
1438,Minnesota,Pennington,804.0,2016,Unspecified,Unspecified,1.0,nan,,0.0,0,0,0,0.0,0,0.0,0.0,0.0,10028.0,0.0,0.0,0.0,1643.0,0.0
1439,Minnesota,Pennington,804.0,2017,Unspecified,Unspecified,1.0,nan,,0.0,0,0,0,0.0,0,0.0,0.0,0.0,8855.0,0.0,0.0,0.0,2963.0,0.0
1440,Minnesota,Pennington,804.0,2018,Unspecified,Unspecified,1.0,nan,,0.0,0,0,0,0.0,0,0.0,0.0,0.0,8820.0,0.0,0.0,0.0,3376.0,2.0
1441,Minnesota,Pennington,804.0,2019,Unspecified,Unspecified,1.0,nan,,0.0,0,0,0,0.0,0,0.0,0.0,0.0,7967.0,0.0,0.0,0.0,7201.0,0.0
1442,Minnesota,Pennington,804.0,2020,Unspecified,Unspecified,1.0,nan,,0.0,0,0,0,0.0,0,0.0,0.0,0.0,9351.0,0.0,0.0,0.0,3128.0,0.0
1443,Minnesota,Pennington,804.0,2021,Unspecified,Unspecified,1.0,nan,,0.0,0,0,0,0.0,0,0.0,0.0,0.0,9560.0,0.0,0.0,0.0,2482.0,0.0
1444,Minnesota,Pennington,804.0,2022,Unspecified,Unspecified,1.0,nan,,0.0,0,0,0,0.0,0,0.0,0.0,0.0,9299.0,0.0,0.0,0.0,3608.0,0.0
1445,Minnesota,Pine,804.0,2000,Unspecified,Unspecified,1.0,nan,,0.0,0,0,0,0.0,0,0.0,0.0,0.0,15469.0,0.0,0.0,0.0,2184.0,0.0
1446,Minnesota,Pine,804.0,2001,Unspecified,Unspecified,1.0,nan,,0.0,0,0,0,0.0,0,0.0,0.0,0.0,16724.0,0.0,0.0,0.0,2061.0,0.0
1447,Minnesota,Pine,804.0,2002,Unspecified,Unspecified,1.0,nan,,0.0,0,0,0,0.0,0,0.0,0.0,0.0,16060.0,0.0,0.0,0.0,2282.0,0.0
1448,Minnesota,Pine,804.0,2003,Unspecified,Unspecified,1.0,nan,,0.0,0,0,0,0.0,0,0.0,0.0,0.0,17874.0,0.0,0.0,0.0,3707.0,0.0
1449,Minnesota,Pine,804.0,2004,Unspecified,Unspecified,1.0,nan,,0.0,0,0,0,0.0,0,0.0,0.0,0.0,18415.0,0.0,0.0,0.0,3443.0,0.0
1450,Minnesota,Pine,804.0,2005,Unspecified,Unspecified,1.0,nan,,0.0,0,0,0,0.0,0,0.0,0.0,0.0,18728.0,0.0,0.0,0.0,4374.0,0.0
1451,Minnesota,Pine,804.0,2006,Unspecified,Unspecified,1.0,nan,,0.0,0,0,0,0.0,0,0.0,0.0,0.0,19718.0,0.0,0.0,0.0,5070.0,0.0
1452,Minnesota,Pine,804.0,2007,Unspecified,Unspecified,1.0,nan,,0.0,0,0,0,0.0,0,0.0,0.0,0.0,19918.0,0.0,0.0,0.0,4721.0,0.0
1453,Minnesota,Pine,804.0,2008,Unspecified,Unspecified,1.0,nan,,0.0,0,0,0,0.0,0,0.0,0.0,0.0,18166.0,0.0,0.0,0.0,3482.0,0.0
1454,Minnesota,Pine,804.0,2009,Unspecified,Unspecified,1.0,nan,,0.0,0,0,0,0.0,0,0.0,0.0,0.0,17176.0,0.0,0.0,0.0,5209.0,0.0
1455,Minnesota,Pine,804.0,2010,Unspecified,Unspecified,1.0,nan,,0.0,0,0,0,0.0,0,0.0,0.0,0.0,16891.0,0.0,0.0,0.0,5072.0,0.0
1456,Minnesota,Pine,804.0,2011,Unspecified,Unspecified,1.0,nan,,0.0,0,0,0,0.0,0,0.0,0.0,0.0,16536.0,0.0,0.0,0.0,5577.0,0.0
1457,Minnesota,Pine,804.0,2012,Unspecified,Unspecified,1.0,nan,,0.0,0,0,0,0.0,0,0.0,0.0,0.0,16591.0,0.0,0.0,0.0,7742.0,0.0
1458,Minnesota,Pine,804.0,2013,Unspecified,Unspecified,1.0,nan,,0.0,0,0,0,0.0,0,0.0,0.0,0.0,15745.0,0.0,0.0,0.0,8097.0,0.0
1459,Minnesota,Pine,804.0,2014,Unspecified,Unspecified,1.0,nan,,0.0,0,0,0,0.0,0,0.0,0.0,0.0,17098.0,0.0,0.0,0.0,6957.0,0.0
1460,Minnesota,Pine,804.0,2015,Unspecified,Unspecified,1.0,nan,,0.0,0,0,0,0.0,0,0.0,0.0,0.0,18028.0,0.0,0.0,0.0,6144.0,0.0
1461,Minnesota,Pine,804.0,2016,Unspecified,Unspecified,1.0,nan,,0.0,0,0,0,0.0,0,0.0,0.0,0.0,18434.0,0.0,0.0,0.0,6955.0,0.0
1462,Minnesota,Pine,804.0,2017,Unspecified,Unspecified,1.0,nan,,0.0,0,0,0,0.0,0,0.0,0.0,0.0,18098.0,0.0,0.0,0.0,7981.0,0.0
1463,Minnesota,Pine,804.0,2018,Unspecified,Unspecified,1.0,nan,,0.0,0,0,0,0.0,0,0.0,0.0,0.0,15044.0,0.0,0.0,0.0,6272.0,0.0
1464,Minnesota,Pine,804.0,2019,Unspecified,Unspecified,1.0,nan,,0.0,0,0,0,0.0,0,0.0,0.0,0.0,16148.0,0.0,0.0,0.0,8230.0,0.0
1465,Minnesota,Pine,804.0,2020,Unspecified,Unspecified,1.0,nan,,0.0,0,0,0,0.0,0,0.0,0.0,0.0,19334.0,0.0,0.0,0.0,5442.0,0.0
1466,Minnesota,Pine,804.0,2021,Unspecified,Unspecified,1.0,nan,,0.0,0,0,0,0.0,0,0.0,0.0,0.0,21682.0,0.0,0.0,0.0,10662.0,0.0
1467,Minnesota,Pine,804.0,2022,Unspecified,Unspecified,1.0,nan,,0.0,0,0,0,0.0,0,0.0,0.0,0.0,21960.0,0.0,0.0,0.0,3399.0,0.0
1468,Minnesota,Pipestone,804.0,2000,Unspecified,Unspecified,1.0,nan,,0.0,0,0,0,0.0,0,0.0,0.0,0.0,4684.0,0.0,0.0,0.0,2303.0,0.0
1469,Minnesota,Pipestone,804.0,2001,Unspecified,Unspecified,1.0,nan,,0.0,0,0,0,0.0,0,0.0,0.0,0.0,4453.0,0.0,0.0,0.0,2348.0,0.0
1470,Minnesota,Pipestone,804.0,2002,Unspecified,Unspecified,1.0,nan,,0.0,0,0,0,0.0,0,0.0,0.0,0.0,4935.0,0.0,0.0,0.0,6072.0,0.0
1471,Minnesota,Pipestone,804.0,2003,Unspecified,Unspecified,1.0,nan,,0.0,0,0,0,0.0,0,0.0,0.0,0.0,5098.0,0.0,0.0,0.0,5853.0,0.0
1472,Minnesota,Pipestone,804.0,2004,Unspecified,Unspecified,1.0,nan,,0.0,0,0,0,0.0,0,0.0,0.0,0.0,5060.0,0.0,0.0,0.0,2454.0,0.0
1473,Minnesota,Pipestone,804.0,2005,Unspecified,Unspecified,1.0,nan,,0.0,0,0,0,0.0,0,0.0,0.0,0.0,4851.0,0.0,0.0,0.0,3663.0,0.0
1474,Minnesota,Pipestone,804.0,2006,Unspecified,Unspecified,1.0,nan,,0.0,0,0,0,0.0,0,0.0,0.0,0.0,4553.0,0.0,0.0,0.0,2186.0,0.0
1475,Minnesota,Pipestone,804.0,2007,Unspecified,Unspecified,1.0,nan,,0.0,0,0,0,0.0,0,0.0,0.0,0.0,4186.0,0.0,0.0,0.0,4109.0,0.0
1476,Minnesota,Pipestone,804.0,2008,Unspecified,Unspecified,1.0,nan,,0.0,0,0,0,0.0,0,0.0,0.0,0.0,3951.0,0.0,0.0,0.0,3948.0,0.0
1477,Minnesota,Pipestone,804.0,2009,Unspecified,Unspecified,1.0,nan,,0.0,0,0,0,0.0,0,0.0,0.0,0.0,4664.0,0.0,0.0,0.0,4015.0,0.0
1478,Minnesota,Pipestone,804.0,2010,Unspecified,Unspecified,1.0,nan,,0.0,0,0,0,0.0,0,0.0,0.0,0.0,4287.0,0.0,0.0,0.0,4095.0,0.0
1479,Minnesota,Pipestone,804.0,2011,Unspecified,Unspecified,1.0,nan,,0.0,0,0,0,0.0,0,0.0,0.0,0.0,4031.0,0.0,0.0,0.0,4225.0,0.0
1480,Minnesota,Pipestone,804.0,2012,Unspecified,Unspecified,1.0,nan,,0.0,0,0,0,0.0,0,0.0,0.0,0.0,3726.0,0.0,0.0,0.0,4086.0,0.0
1481,Minnesota,Pipestone,804.0,2013,Unspecified,Unspecified,1.0,nan,,0.0,0,0,0,0.0,0,0.0,0.0,0.0,3764.0,0.0,0.0,0.0,4641.0,0.0
1482,Minnesota,Pipestone,804.0,2014,Unspecified,Unspecified,1.0,nan,,0.0,0,0,0,0.0,0,0.0,0.0,0.0,7366.0,0.0,0.0,0.0,4074.0,0.0
1483,Minnesota,Pipestone,804.0,2015,Unspecified,Unspecified,1.0,nan,,0.0,0,0,0,0.0,0,0.0,0.0,0.0,5376.0,0.0,0.0,0.0,3958.0,0.0
1484,Minnesota,Pipestone,804.0,2016,Unspecified,Unspecified,1.0,nan,,0.0,0,0,0,0.0,0,0.0,0.0,0.0,5436.0,0.0,0.0,0.0,4016.0,0.0
1485,Minnesota,Pipestone,804.0,2017,Unspecified,Unspecified,1.0,nan,,0.0,0,0,0,0.0,0,0.0,0.0,0.0,5103.0,0.0,0.0,0.0,4206.0,0.0
1486,Minnesota,Pipestone,804.0,2018,Unspecified,Unspecified,1.0,nan,,0.0,0,0,0,0.0,0,0.0,0.0,0.0,5366.0,0.0,0.0,0.0,4340.0,0.0
1487,Minnesota,Pipestone,804.0,2019,Unspecified,Unspecified,1.0,nan,,0.0,0,0,0,0.0,0,0.0,0.0,0.0,5512.0,0.0,0.0,0.0,3670.0,0.0
1488,Minnesota,Pipestone,804.0,2020,Unspecified,Unspecified,1.0,nan,,0.0,0,0,0,0.0,0,0.0,0.0,0.0,5855.0,0.0,0.0,0.0,3527.0,0.0
1489,Minnesota,Pipestone,804.0,2021,Unspecified,Unspecified,1.0,nan,,0.0,0,0,0,0.0,0,0.0,0.0,0.0,5812.0,0.0,0.0,0.0,3399.0,0.0
1490,Minnesota,Pipestone,804.0,2022,Unspecified,Unspecified,1.0,nan,,0.0,0,0,0,0.0,0,0.0,0.0,0.0,6272.0,0.0,0.0,0.0,3163.0,0.0
1491,Minnesota,Polk,804.0,2000,Unspecified,Unspecified,1.0,nan,,0.0,0,0,0,0.0,0,0.0,0.0,0.0,4928.0,0.0,0.0,0.0,3451.0,10480.0
1492,Minnesota,Polk,804.0,2001,Unspecified,Unspecified,1.0,nan,,0.0,0,0,0,0.0,0,0.0,0.0,0.0,4502.0,0.0,0.0,0.0,6705.0,7905.0
1493,Minnesota,Polk,804.0,2002,Unspecified,Unspecified,1.0,nan,,0.0,0,0,0,0.0,0,0.0,0.0,0.0,5009.0,0.0,0.0,0.0,6815.0,10916.0
1494,Minnesota,Polk,804.0,2003,Unspecified,Unspecified,1.0,nan,,0.0,0,0,0,0.0,0,0.0,0.0,0.0,5207.0,0.0,0.0,0.0,4731.0,10993.0
1495,Minnesota,Polk,804.0,2004,Unspecified,Unspecified,1.0,nan,,0.0,0,0,0,0.0,0,0.0,0.0,0.0,5943.0,0.0,0.0,0.0,5359.0,11344.0
1496,Minnesota,Polk,804.0,2005,Unspecified,Unspecified,1.0,nan,,0.0,0,0,0,0.0,0,0.0,0.0,0.0,5685.0,0.0,0.0,0.0,6404.0,11442.0
1497,Minnesota,Polk,804.0,2006,Unspecified,Unspecified,1.0,nan,,0.0,0,0,0,0.0,0,0.0,0.0,0.0,5851.0,0.0,0.0,0.0,4051.0,11212.0
1498,Minnesota,Polk,804.0,2007,Unspecified,Unspecified,1.0,nan,,0.0,0,0,0,0.0,0,0.0,0.0,0.0,7619.0,0.0,0.0,0.0,3364.0,11473.0
1499,Minnesota,Polk,804.0,2008,Unspecified,Unspecified,1.0,nan,,0.0,0,0,0,0.0,0,0.0,0.0,0.0,5268.0,0.0,0.0,0.0,3085.0,11485.0
1500,Minnesota,Polk,804.0,2009,Unspecified,Unspecified,1.0,nan,,0.0,0,0,0,0.0,0,0.0,0.0,0.0,5961.0,0.0,0.0,0.0,3525.0,11388.0
1501,Minnesota,Polk,804.0,2010,Unspecified,Unspecified,1.0,nan,,0.0,0,0,0,0.0,0,0.0,0.0,0.0,6305.0,0.0,0.0,0.0,3799.0,11123.0
1502,Minnesota,Polk,804.0,2011,Unspecified,Unspecified,1.0,nan,,0.0,0,0,0,0.0,0,0.0,0.0,0.0,6621.0,0.0,0.0,0.0,4897.0,10143.0
1503,Minnesota,Polk,804.0,2012,Unspecified,Unspecified,1.0,nan,,0.0,0,0,0,0.0,0,0.0,0.0,0.0,7567.0,0.0,0.0,0.0,4498.0,10024.0
1504,Minnesota,Polk,804.0,2013,Unspecified,Unspecified,1.0,nan,,0.0,0,0,0,0.0,0,0.0,0.0,0.0,8956.0,0.0,0.0,0.0,4857.0,8989.0
1505,Minnesota,Polk,804.0,2014,Unspecified,Unspecified,1.0,nan,,0.0,0,0,0,0.0,0,0.0,0.0,0.0,11503.0,0.0,0.0,0.0,6733.0,5480.0
1506,Minnesota,Polk,804.0,2015,Unspecified,Unspecified,1.0,nan,,0.0,0,0,0,0.0,0,0.0,0.0,0.0,8550.0,0.0,0.0,0.0,5607.0,7043.0
1507,Minnesota,Polk,804.0,2016,Unspecified,Unspecified,1.0,nan,,0.0,0,0,0,0.0,0,0.0,0.0,0.0,9193.0,0.0,0.0,0.0,7331.0,6415.0
1508,Minnesota,Polk,804.0,2017,Unspecified,Unspecified,1.0,nan,,0.0,0,0,0,0.0,0,0.0,0.0,0.0,14191.0,0.0,0.0,0.0,8638.0,7225.0
1509,Minnesota,Polk,804.0,2018,Unspecified,Unspecified,1.0,nan,,0.0,0,0,0,0.0,0,0.0,0.0,0.0,12691.0,0.0,0.0,0.0,6049.0,6577.0
1510,Minnesota,Polk,804.0,2019,Unspecified,Unspecified,1.0,nan,,0.0,0,0,0,0.0,0,0.0,0.0,0.0,14048.0,0.0,0.0,0.0,9197.0,9463.0
1511,Minnesota,Polk,804.0,2020,Unspecified,Unspecified,1.0,nan,,0.0,0,0,0,0.0,0,0.0,0.0,0.0,17747.0,0.0,0.0,0.0,7910.0,7141.0
1512,Minnesota,Polk,804.0,2021,Unspecified,Unspecified,1.0,nan,,0.0,0,0,0,0.0,0,0.0,0.0,0.0,11774.0,0.0,0.0,0.0,9388.0,19337.0
1513,Minnesota,Polk,804.0,2022,Unspecified,Unspecified,1.0,nan,,0.0,0,0,0,0.0,0,0.0,0.0,0.0,15316.0,0.0,0.0,0.0,20727.0,8106.0
1514,Minnesota,Ramsey,804.0,2000,Unspecified,Unspecified,1.0,nan,,0.0,0,0,0,0.0,0,0.0,0.0,0.0,207025.0,0.0,0.0,0.0,117483.0,235504.0
1515,Minnesota,Ramsey,804.0,2001,Unspecified,Unspecified,1.0,nan,,0.0,0,0,0,0.0,0,0.0,0.0,0.0,248647.0,0.0,0.0,0.0,115851.0,222724.0
1516,Minnesota,Ramsey,804.0,2002,Unspecified,Unspecified,1.0,nan,,0.0,0,0,0,0.0,0,0.0,0.0,0.0,221809.0,0.0,0.0,0.0,120010.0,234612.0
1517,Minnesota,Ramsey,804.0,2003,Unspecified,Unspecified,1.0,nan,,0.0,0,0,0,0.0,0,0.0,0.0,0.0,228487.0,0.0,0.0,0.0,135062.0,195128.0
1518,Minnesota,Ramsey,804.0,2004,Unspecified,Unspecified,1.0,nan,,0.0,0,0,0,0.0,0,0.0,0.0,0.0,225516.0,0.0,0.0,0.0,150408.0,197133.0
1519,Minnesota,Ramsey,804.0,2005,Unspecified,Unspecified,1.0,nan,,0.0,0,0,0,0.0,0,0.0,0.0,0.0,234600.0,0.0,0.0,0.0,144985.0,183539.0
1520,Minnesota,Ramsey,804.0,2006,Unspecified,Unspecified,1.0,nan,,0.0,0,0,0,0.0,0,0.0,0.0,0.0,245782.0,0.0,0.0,0.0,137516.0,162975.0
1521,Minnesota,Ramsey,804.0,2007,Unspecified,Unspecified,1.0,nan,,0.0,0,0,0,0.0,0,0.0,0.0,0.0,210623.0,0.0,0.0,0.0,115436.0,175625.0
1522,Minnesota,Ramsey,804.0,2008,Unspecified,Unspecified,1.0,nan,,0.0,0,0,0,0.0,0,0.0,0.0,0.0,185904.0,0.0,0.0,0.0,83399.0,174976.0
1523,Minnesota,Ramsey,804.0,2009,Unspecified,Unspecified,1.0,nan,,0.0,0,0,0,0.0,0,0.0,0.0,0.0,146075.0,0.0,0.0,0.0,91382.0,187458.0
1524,Minnesota,Ramsey,804.0,2010,Unspecified,Unspecified,1.0,nan,,0.0,0,0,0,0.0,0,0.0,0.0,0.0,139467.0,0.0,0.0,0.0,63733.0,183083.0
1525,Minnesota,Ramsey,804.0,2011,Unspecified,Unspecified,1.0,nan,,0.0,0,0,0,0.0,0,0.0,0.0,0.0,115400.0,0.0,0.0,0.0,63650.0,191222.0
1526,Minnesota,Ramsey,804.0,2012,Unspecified,Unspecified,1.0,nan,,0.0,0,0,0,0.0,0,0.0,0.0,0.0,92217.0,0.0,0.0,0.0,70600.0,195271.0
1527,Minnesota,Ramsey,804.0,2013,Unspecified,Unspecified,1.0,nan,,0.0,0,0,0,0.0,0,0.0,0.0,0.0,99395.0,0.0,0.0,0.0,66586.0,196188.0
1528,Minnesota,Ramsey,804.0,2014,Unspecified,Unspecified,1.0,nan,,0.0,0,0,0,0.0,0,0.0,0.0,0.0,109305.0,0.0,0.0,0.0,65824.0,227474.0
1529,Minnesota,Ramsey,804.0,2015,Unspecified,Unspecified,1.0,nan,,0.0,0,0,0,0.0,0,0.0,0.0,0.0,117414.0,0.0,0.0,0.0,61772.0,232286.0
1530,Minnesota,Ramsey,804.0,2016,Unspecified,Unspecified,1.0,nan,,0.0,0,0,0,0.0,0,0.0,0.0,0.0,129777.0,0.0,0.0,0.0,86105.0,213136.0
1531,Minnesota,Ramsey,804.0,2017,Unspecified,Unspecified,1.0,nan,,0.0,0,0,0,0.0,0,0.0,0.0,0.0,133753.0,0.0,0.0,0.0,131725.0,241932.0
1532,Minnesota,Ramsey,804.0,2018,Unspecified,Unspecified,1.0,nan,,0.0,0,0,0,0.0,0,0.0,0.0,0.0,60366.0,0.0,0.0,0.0,182213.0,256016.0
1533,Minnesota,Ramsey,804.0,2019,Unspecified,Unspecified,1.0,nan,,0.0,0,0,0,0.0,0,0.0,0.0,0.0,67752.0,0.0,0.0,0.0,215019.0,256074.0
1534,Minnesota,Ramsey,804.0,2020,Unspecified,Unspecified,1.0,nan,,0.0,0,0,0,0.0,0,0.0,0.0,0.0,84482.0,0.0,0.0,0.0,181075.0,230168.0
1535,Minnesota,Ramsey,804.0,2021,Unspecified,Unspecified,1.0,nan,,0.0,0,0,0,0.0,0,0.0,0.0,0.0,81696.0,0.0,0.0,0.0,79274.0,236012.0
1536,Minnesota,Ramsey,804.0,2022,Unspecified,Unspecified,1.0,nan,,0.0,0,0,0,0.0,0,0.0,0.0,0.0,68570.0,0.0,0.0,0.0,198373.0,238772.0
1537,Minnesota,Red lake,804.0,2000,Unspecified,Unspecified,1.0,nan,,0.0,0,0,0,0.0,0,0.0,0.0,0.0,1405.0,0.0,0.0,0.0,717.0,0.0
1538,Minnesota,Red lake,804.0,2001,Unspecified,Unspecified,1.0,nan,,0.0,0,0,0,0.0,0,0.0,0.0,0.0,1449.0,0.0,0.0,0.0,669.0,0.0
1539,Minnesota,Red lake,804.0,2002,Unspecified,Unspecified,1.0,nan,,0.0,0,0,0,0.0,0,0.0,0.0,0.0,1448.0,0.0,0.0,0.0,778.0,0.0
1540,Minnesota,Red lake,804.0,2003,Unspecified,Unspecified,1.0,nan,,0.0,0,0,0,0.0,0,0.0,0.0,0.0,1468.0,0.0,0.0,0.0,708.0,0.0
1541,Minnesota,Red lake,804.0,2004,Unspecified,Unspecified,1.0,nan,,0.0,0,0,0,0.0,0,0.0,0.0,0.0,1404.0,0.0,0.0,0.0,496.0,0.0
1542,Minnesota,Red lake,804.0,2005,Unspecified,Unspecified,1.0,nan,,0.0,0,0,0,0.0,0,0.0,0.0,0.0,1576.0,0.0,0.0,0.0,302.0,0.0
1543,Minnesota,Red lake,804.0,2006,Unspecified,Unspecified,1.0,nan,,0.0,0,0,0,0.0,0,0.0,0.0,0.0,1560.0,0.0,0.0,0.0,294.0,0.0
1544,Minnesota,Red lake,804.0,2007,Unspecified,Unspecified,1.0,nan,,0.0,0,0,0,0.0,0,0.0,0.0,0.0,1571.0,0.0,0.0,0.0,297.0,0.0
1545,Minnesota,Red lake,804.0,2008,Unspecified,Unspecified,1.0,nan,,0.0,0,0,0,0.0,0,0.0,0.0,0.0,1546.0,0.0,0.0,0.0,304.0,0.0
1546,Minnesota,Red lake,804.0,2009,Unspecified,Unspecified,1.0,nan,,0.0,0,0,0,0.0,0,0.0,0.0,0.0,1470.0,0.0,0.0,0.0,287.0,0.0
1547,Minnesota,Red lake,804.0,2010,Unspecified,Unspecified,1.0,nan,,0.0,0,0,0,0.0,0,0.0,0.0,0.0,1483.0,0.0,0.0,0.0,349.0,0.0
1548,Minnesota,Red lake,804.0,2011,Unspecified,Unspecified,1.0,nan,,0.0,0,0,0,0.0,0,0.0,0.0,0.0,1498.0,0.0,0.0,0.0,247.0,0.0
1549,Minnesota,Red lake,804.0,2012,Unspecified,Unspecified,1.0,nan,,0.0,0,0,0,0.0,0,0.0,0.0,0.0,1501.0,0.0,0.0,0.0,303.0,0.0
1550,Minnesota,Red lake,804.0,2013,Unspecified,Unspecified,1.0,nan,,0.0,0,0,0,0.0,0,0.0,0.0,0.0,1512.0,0.0,0.0,0.0,324.0,0.0
1551,Minnesota,Red lake,804.0,2014,Unspecified,Unspecified,1.0,nan,,0.0,0,0,0,0.0,0,0.0,0.0,0.0,1523.0,0.0,0.0,0.0,402.0,0.0
1552,Minnesota,Red lake,804.0,2015,Unspecified,Unspecified,1.0,nan,,0.0,0,0,0,0.0,0,0.0,0.0,0.0,1569.0,0.0,0.0,0.0,219.0,0.0
1553,Minnesota,Red lake,804.0,2016,Unspecified,Unspecified,1.0,nan,,0.0,0,0,0,0.0,0,0.0,0.0,0.0,1560.0,0.0,0.0,0.0,211.0,0.0
1554,Minnesota,Red lake,804.0,2017,Unspecified,Unspecified,1.0,nan,,0.0,0,0,0,0.0,0,0.0,0.0,0.0,1536.0,0.0,0.0,0.0,272.0,0.0
1555,Minnesota,Red lake,804.0,2018,Unspecified,Unspecified,1.0,nan,,0.0,0,0,0,0.0,0,0.0,0.0,0.0,1555.0,0.0,0.0,0.0,278.0,0.0
1556,Minnesota,Red lake,804.0,2019,Unspecified,Unspecified,1.0,nan,,0.0,0,0,0,0.0,0,0.0,0.0,0.0,1604.0,0.0,0.0,0.0,302.0,0.0
1557,Minnesota,Red lake,804.0,2020,Unspecified,Unspecified,1.0,nan,,0.0,0,0,0,0.0,0,0.0,0.0,0.0,1669.0,0.0,0.0,0.0,418.0,0.0
1558,Minnesota,Red lake,804.0,2021,Unspecified,Unspecified,1.0,nan,,0.0,0,0,0,0.0,0,0.0,0.0,0.0,1774.0,0.0,0.0,0.0,267.0,0.0
1559,Minnesota,Red lake,804.0,2022,Unspecified,Unspecified,1.0,nan,,0.0,0,0,0,0.0,0,0.0,0.0,0.0,1694.0,0.0,0.0,0.0,300.0,0.0
1560,Minnesota,Rice,804.0,2000,Unspecified,Unspecified,1.0,nan,,0.0,0,0,0,0.0,0,0.0,0.0,0.0,32272.0,0.0,0.0,0.0,12569.0,500.0
1561,Minnesota,Rice,804.0,2001,Unspecified,Unspecified,1.0,nan,,0.0,0,0,0,0.0,0,0.0,0.0,0.0,35195.0,0.0,0.0,0.0,13910.0,600.0
1562,Minnesota,Rice,804.0,2002,Unspecified,Unspecified,1.0,nan,,0.0,0,0,0,0.0,0,0.0,0.0,0.0,35210.0,0.0,0.0,0.0,16770.0,750.0
1563,Minnesota,Rice,804.0,2003,Unspecified,Unspecified,1.0,nan,,0.0,0,0,0,0.0,0,0.0,0.0,0.0,37219.0,0.0,0.0,0.0,18731.0,752.0
1564,Minnesota,Rice,804.0,2004,Unspecified,Unspecified,1.0,nan,,0.0,0,0,0,0.0,0,0.0,0.0,0.0,39799.0,0.0,0.0,0.0,17485.0,887.0
1565,Minnesota,Rice,804.0,2005,Unspecified,Unspecified,1.0,nan,,0.0,0,0,0,0.0,0,0.0,0.0,0.0,42496.0,0.0,0.0,0.0,18929.0,946.0
1566,Minnesota,Rice,804.0,2006,Unspecified,Unspecified,1.0,nan,,0.0,0,0,0,0.0,0,0.0,0.0,0.0,45896.0,0.0,0.0,0.0,17598.0,904.0
1567,Minnesota,Rice,804.0,2007,Unspecified,Unspecified,1.0,nan,,0.0,0,0,0,0.0,0,0.0,0.0,0.0,46590.0,0.0,0.0,0.0,12741.0,927.0
1568,Minnesota,Rice,804.0,2008,Unspecified,Unspecified,1.0,nan,,0.0,0,0,0,0.0,0,0.0,0.0,0.0,43381.0,0.0,0.0,0.0,16926.0,651.0
1569,Minnesota,Rice,804.0,2009,Unspecified,Unspecified,1.0,nan,,0.0,0,0,0,0.0,0,0.0,0.0,0.0,41927.0,0.0,0.0,0.0,21240.0,0.0
1570,Minnesota,Rice,804.0,2010,Unspecified,Unspecified,1.0,nan,,0.0,0,0,0,0.0,0,0.0,0.0,0.0,41473.0,0.0,0.0,0.0,27725.0,0.0
1571,Minnesota,Rice,804.0,2011,Unspecified,Unspecified,1.0,nan,,0.0,0,0,0,0.0,0,0.0,0.0,0.0,42968.0,0.0,0.0,0.0,30030.0,60.0
1572,Minnesota,Rice,804.0,2012,Unspecified,Unspecified,1.0,nan,,0.0,0,0,0,0.0,0,0.0,0.0,0.0,41381.0,0.0,0.0,0.0,33323.0,568.0
1573,Minnesota,Rice,804.0,2013,Unspecified,Unspecified,1.0,nan,,0.0,0,0,0,0.0,0,0.0,0.0,0.0,40213.0,0.0,0.0,0.0,42046.0,1175.0
1574,Minnesota,Rice,804.0,2014,Unspecified,Unspecified,1.0,nan,,0.0,0,0,0,0.0,0,0.0,0.0,0.0,39171.0,0.0,0.0,0.0,44320.0,0.0
1575,Minnesota,Rice,804.0,2015,Unspecified,Unspecified,1.0,nan,,0.0,0,0,0,0.0,0,0.0,0.0,0.0,39265.0,0.0,0.0,0.0,47036.0,0.0
1576,Minnesota,Rice,804.0,2016,Unspecified,Unspecified,1.0,nan,,0.0,0,0,0,0.0,0,0.0,0.0,0.0,43531.0,0.0,0.0,0.0,47377.0,0.0
1577,Minnesota,Rice,804.0,2017,Unspecified,Unspecified,1.0,nan,,0.0,0,0,0,0.0,0,0.0,0.0,0.0,47300.0,0.0,0.0,0.0,40798.0,266.0
1578,Minnesota,Rice,804.0,2018,Unspecified,Unspecified,1.0,nan,,0.0,0,0,0,0.0,0,0.0,0.0,0.0,49671.0,0.0,0.0,0.0,39759.0,1303.0
1579,Minnesota,Rice,804.0,2019,Unspecified,Unspecified,1.0,nan,,0.0,0,0,0,0.0,0,0.0,0.0,0.0,50836.0,0.0,0.0,0.0,41427.0,1306.0
1580,Minnesota,Rice,804.0,2020,Unspecified,Unspecified,1.0,nan,,0.0,0,0,0,0.0,0,0.0,0.0,0.0,42666.0,0.0,0.0,0.0,42180.0,1129.0
1581,Minnesota,Rice,804.0,2021,Unspecified,Unspecified,1.0,nan,,0.0,0,0,0,0.0,0,0.0,0.0,0.0,44695.0,0.0,0.0,0.0,41422.0,988.0
1582,Minnesota,Rice,804.0,2022,Unspecified,Unspecified,1.0,nan,,0.0,0,0,0,0.0,0,0.0,0.0,0.0,45129.0,0.0,0.0,0.0,48313.0,1300.0
1583,Minnesota,Rock,804.0,2000,Unspecified,Unspecified,1.0,nan,,0.0,0,0,0,0.0,0,0.0,0.0,0.0,3381.0,0.0,0.0,0.0,3238.0,0.0
1584,Minnesota,Rock,804.0,2001,Unspecified,Unspecified,1.0,nan,,0.0,0,0,0,0.0,0,0.0,0.0,0.0,3342.0,0.0,0.0,0.0,2843.0,0.0
1585,Minnesota,Rock,804.0,2002,Unspecified,Unspecified,1.0,nan,,0.0,0,0,0,0.0,0,0.0,0.0,0.0,3605.0,0.0,0.0,0.0,3372.0,0.0
1586,Minnesota,Rock,804.0,2003,Unspecified,Unspecified,1.0,nan,,0.0,0,0,0,0.0,0,0.0,0.0,0.0,3421.0,0.0,0.0,0.0,2727.0,0.0
1587,Minnesota,Rock,804.0,2004,Unspecified,Unspecified,1.0,nan,,0.0,0,0,0,0.0,0,0.0,0.0,0.0,3880.0,0.0,0.0,0.0,3237.0,0.0
1588,Minnesota,Rock,804.0,2005,Unspecified,Unspecified,1.0,nan,,0.0,0,0,0,0.0,0,0.0,0.0,0.0,3934.0,0.0,0.0,0.0,4278.0,0.0
1589,Minnesota,Rock,804.0,2006,Unspecified,Unspecified,1.0,nan,,0.0,0,0,0,0.0,0,0.0,0.0,0.0,4019.0,0.0,0.0,0.0,2611.0,0.0
1590,Minnesota,Rock,804.0,2007,Unspecified,Unspecified,1.0,nan,,0.0,0,0,0,0.0,0,0.0,0.0,0.0,3931.0,0.0,0.0,0.0,2297.0,0.0
1591,Minnesota,Rock,804.0,2008,Unspecified,Unspecified,1.0,nan,,0.0,0,0,0,0.0,0,0.0,0.0,0.0,4315.0,0.0,0.0,0.0,2242.0,0.0
1592,Minnesota,Rock,804.0,2009,Unspecified,Unspecified,1.0,nan,,0.0,0,0,0,0.0,0,0.0,0.0,0.0,3923.0,0.0,0.0,0.0,2546.0,0.0
1593,Minnesota,Rock,804.0,2010,Unspecified,Unspecified,1.0,nan,,0.0,0,0,0,0.0,0,0.0,0.0,0.0,3815.0,0.0,0.0,0.0,2539.0,0.0
1594,Minnesota,Rock,804.0,2011,Unspecified,Unspecified,1.0,nan,,0.0,0,0,0,0.0,0,0.0,0.0,0.0,4104.0,0.0,0.0,0.0,2264.0,0.0
1595,Minnesota,Rock,804.0,2012,Unspecified,Unspecified,1.0,nan,,0.0,0,0,0,0.0,0,0.0,0.0,0.0,4357.0,0.0,0.0,0.0,2206.0,0.0
1596,Minnesota,Rock,804.0,2013,Unspecified,Unspecified,1.0,nan,,0.0,0,0,0,0.0,0,0.0,0.0,0.0,3949.0,0.0,0.0,0.0,2355.0,0.0
1597,Minnesota,Rock,804.0,2014,Unspecified,Unspecified,1.0,nan,,0.0,0,0,0,0.0,0,0.0,0.0,0.0,5661.0,0.0,0.0,0.0,2107.0,0.0
1598,Minnesota,Rock,804.0,2015,Unspecified,Unspecified,1.0,nan,,0.0,0,0,0,0.0,0,0.0,0.0,0.0,4575.0,0.0,0.0,0.0,1911.0,0.0
1599,Minnesota,Rock,804.0,2016,Unspecified,Unspecified,1.0,nan,,0.0,0,0,0,0.0,0,0.0,0.0,0.0,4118.0,0.0,0.0,0.0,2121.0,0.0
1600,Minnesota,Rock,804.0,2017,Unspecified,Unspecified,1.0,nan,,0.0,0,0,0,0.0,0,0.0,0.0,0.0,4336.0,0.0,0.0,0.0,2224.0,0.0
1601,Minnesota,Rock,804.0,2018,Unspecified,Unspecified,1.0,nan,,0.0,0,0,0,0.0,0,0.0,0.0,0.0,4353.0,0.0,0.0,0.0,1863.0,0.0
1602,Minnesota,Rock,804.0,2019,Unspecified,Unspecified,1.0,nan,,0.0,0,0,0,0.0,0,0.0,0.0,0.0,3883.0,0.0,0.0,0.0,1874.0,0.0
1603,Minnesota,Rock,804.0,2020,Unspecified,Unspecified,1.0,nan,,0.0,0,0,0,0.0,0,0.0,0.0,0.0,4190.0,0.0,0.0,0.0,1990.0,0.0
1604,Minnesota,Rock,804.0,2021,Unspecified,Unspecified,1.0,nan,,0.0,0,0,0,0.0,0,0.0,0.0,0.0,4164.0,0.0,0.0,0.0,1832.0,0.0
1605,Minnesota,Rock,804.0,2022,Unspecified,Unspecified,1.0,nan,,0.0,0,0,0,0.0,0,0.0,0.0,0.0,4531.0,0.0,0.0,0.0,1988.0,0.0
1606,Minnesota,Roseau,804.0,2000,Unspecified,Unspecified,1.0,nan,,0.0,0,0,0,0.0,0,0.0,0.0,0.0,10474.0,0.0,0.0,0.0,8656.0,0.0
1607,Minnesota,Roseau,804.0,2001,Unspecified,Unspecified,1.0,nan,,0.0,0,0,0,0.0,0,0.0,0.0,0.0,10573.0,0.0,0.0,0.0,8054.0,0.0
1608,Minnesota,Roseau,804.0,2002,Unspecified,Unspecified,1.0,nan,,0.0,0,0,0,0.0,0,0.0,0.0,0.0,10702.0,0.0,0.0,0.0,8333.0,0.0
1609,Minnesota,Roseau,804.0,2003,Unspecified,Unspecified,1.0,nan,,0.0,0,0,0,0.0,0,0.0,0.0,0.0,10474.0,0.0,0.0,0.0,7754.0,0.0
1610,Minnesota,Roseau,804.0,2004,Unspecified,Unspecified,1.0,nan,,0.0,0,0,0,0.0,0,0.0,0.0,0.0,10794.0,0.0,0.0,0.0,8555.0,0.0
1611,Minnesota,Roseau,804.0,2005,Unspecified,Unspecified,1.0,nan,,0.0,0,0,0,0.0,0,0.0,0.0,0.0,10213.0,0.0,0.0,0.0,9691.0,0.0
1612,Minnesota,Roseau,804.0,2006,Unspecified,Unspecified,1.0,nan,,0.0,0,0,0,0.0,0,0.0,0.0,0.0,10208.0,0.0,0.0,0.0,8720.0,0.0
1613,Minnesota,Roseau,804.0,2007,Unspecified,Unspecified,1.0,nan,,0.0,0,0,0,0.0,0,0.0,0.0,0.0,9949.0,0.0,0.0,0.0,9166.0,0.0
1614,Minnesota,Roseau,804.0,2008,Unspecified,Unspecified,1.0,nan,,0.0,0,0,0,0.0,0,0.0,0.0,0.0,9459.0,0.0,0.0,0.0,9237.0,0.0
1615,Minnesota,Roseau,804.0,2009,Unspecified,Unspecified,1.0,nan,,0.0,0,0,0,0.0,0,0.0,0.0,0.0,8837.0,0.0,0.0,0.0,7686.0,0.0
1616,Minnesota,Roseau,804.0,2010,Unspecified,Unspecified,1.0,nan,,0.0,0,0,0,0.0,0,0.0,0.0,0.0,8551.0,0.0,0.0,0.0,8413.0,0.0
1617,Minnesota,Roseau,804.0,2011,Unspecified,Unspecified,1.0,nan,,0.0,0,0,0,0.0,0,0.0,0.0,0.0,8780.0,0.0,0.0,0.0,9017.0,0.0
1618,Minnesota,Roseau,804.0,2012,Unspecified,Unspecified,1.0,nan,,0.0,0,0,0,0.0,0,0.0,0.0,0.0,8650.0,0.0,0.0,0.0,9549.0,0.0
1619,Minnesota,Roseau,804.0,2013,Unspecified,Unspecified,1.0,nan,,0.0,0,0,0,0.0,0,0.0,0.0,0.0,8637.0,0.0,0.0,0.0,9426.0,0.0
1620,Minnesota,Roseau,804.0,2014,Unspecified,Unspecified,1.0,nan,,0.0,0,0,0,0.0,0,0.0,0.0,0.0,9711.0,0.0,0.0,0.0,10676.0,0.0
1621,Minnesota,Roseau,804.0,2015,Unspecified,Unspecified,1.0,nan,,0.0,0,0,0,0.0,0,0.0,0.0,0.0,9746.0,0.0,0.0,0.0,9160.0,0.0
1622,Minnesota,Roseau,804.0,2016,Unspecified,Unspecified,1.0,nan,,0.0,0,0,0,0.0,0,0.0,0.0,0.0,9046.0,0.0,0.0,0.0,7489.0,0.0
1623,Minnesota,Roseau,804.0,2017,Unspecified,Unspecified,1.0,nan,,0.0,0,0,0,0.0,0,0.0,0.0,0.0,9153.0,0.0,0.0,0.0,16288.0,0.0
1624,Minnesota,Roseau,804.0,2018,Unspecified,Unspecified,1.0,nan,,0.0,0,0,0,0.0,0,0.0,0.0,0.0,9547.0,0.0,0.0,0.0,11894.0,0.0
1625,Minnesota,Roseau,804.0,2019,Unspecified,Unspecified,1.0,nan,,0.0,0,0,0,0.0,0,0.0,0.0,0.0,10050.0,0.0,0.0,0.0,9554.0,0.0
1626,Minnesota,Roseau,804.0,2020,Unspecified,Unspecified,1.0,nan,,0.0,0,0,0,0.0,0,0.0,0.0,0.0,10634.0,0.0,0.0,0.0,18222.0,0.0
1627,Minnesota,Roseau,804.0,2021,Unspecified,Unspecified,1.0,nan,,0.0,0,0,0,0.0,0,0.0,0.0,0.0,10347.0,0.0,0.0,0.0,8879.0,0.0
1628,Minnesota,Roseau,804.0,2022,Unspecified,Unspecified,1.0,nan,,0.0,0,0,0,0.0,0,0.0,0.0,0.0,10690.0,0.0,0.0,0.0,7673.0,0.0
1629,Minnesota,Scott,804.0,2000,Unspecified,Unspecified,1.0,nan,,0.0,0,0,0,0.0,0,0.0,0.0,0.0,55684.0,0.0,0.0,0.0,66246.0,753.0
1630,Minnesota,Scott,804.0,2001,Unspecified,Unspecified,1.0,nan,,0.0,0,0,0,0.0,0,0.0,0.0,0.0,51906.0,0.0,0.0,0.0,47146.0,2728.0
1631,Minnesota,Scott,804.0,2002,Unspecified,Unspecified,1.0,nan,,0.0,0,0,0,0.0,0,0.0,0.0,0.0,51895.0,0.0,0.0,0.0,49884.0,3785.0
1632,Minnesota,Scott,804.0,2003,Unspecified,Unspecified,1.0,nan,,0.0,0,0,0,0.0,0,0.0,0.0,0.0,52560.0,0.0,0.0,0.0,69394.0,6770.0
1633,Minnesota,Scott,804.0,2004,Unspecified,Unspecified,1.0,nan,,0.0,0,0,0,0.0,0,0.0,0.0,0.0,58305.0,0.0,0.0,0.0,47044.0,7373.0
1634,Minnesota,Scott,804.0,2005,Unspecified,Unspecified,1.0,nan,,0.0,0,0,0,0.0,0,0.0,0.0,0.0,52689.0,0.0,0.0,0.0,50167.0,15926.0
1635,Minnesota,Scott,804.0,2006,Unspecified,Unspecified,1.0,nan,,0.0,0,0,0,0.0,0,0.0,0.0,0.0,49691.0,0.0,0.0,0.0,54979.0,20880.0
1636,Minnesota,Scott,804.0,2007,Unspecified,Unspecified,1.0,nan,,0.0,0,0,0,0.0,0,0.0,0.0,0.0,65672.0,0.0,0.0,0.0,52432.0,12249.0
1637,Minnesota,Scott,804.0,2008,Unspecified,Unspecified,1.0,nan,,0.0,0,0,0,0.0,0,0.0,0.0,0.0,68178.0,0.0,0.0,0.0,50326.0,4355.0
1638,Minnesota,Scott,804.0,2009,Unspecified,Unspecified,1.0,nan,,0.0,0,0,0,0.0,0,0.0,0.0,0.0,59090.0,0.0,0.0,0.0,37398.0,7059.0
1639,Minnesota,Scott,804.0,2010,Unspecified,Unspecified,1.0,nan,,0.0,0,0,0,0.0,0,0.0,0.0,0.0,48538.0,0.0,0.0,0.0,31286.0,10751.0
1640,Minnesota,Scott,804.0,2011,Unspecified,Unspecified,1.0,nan,,0.0,0,0,0,0.0,0,0.0,0.0,0.0,45310.0,0.0,0.0,0.0,43847.0,13414.0
1641,Minnesota,Scott,804.0,2012,Unspecified,Unspecified,1.0,nan,,0.0,0,0,0,0.0,0,0.0,0.0,0.0,41670.0,0.0,0.0,0.0,48035.0,13401.0
1642,Minnesota,Scott,804.0,2013,Unspecified,Unspecified,1.0,nan,,0.0,0,0,0,0.0,0,0.0,0.0,0.0,42677.0,0.0,0.0,0.0,39004.0,8368.0
1643,Minnesota,Scott,804.0,2014,Unspecified,Unspecified,1.0,nan,,0.0,0,0,0,0.0,0,0.0,0.0,0.0,38091.0,0.0,0.0,0.0,57609.0,4204.0
1644,Minnesota,Scott,804.0,2015,Unspecified,Unspecified,1.0,nan,,0.0,0,0,0,0.0,0,0.0,0.0,0.0,49628.0,0.0,0.0,0.0,74029.0,5129.0
1645,Minnesota,Scott,804.0,2016,Unspecified,Unspecified,1.0,nan,,0.0,0,0,0,0.0,0,0.0,0.0,0.0,45954.0,0.0,0.0,0.0,56964.0,8633.0
1646,Minnesota,Scott,804.0,2017,Unspecified,Unspecified,1.0,nan,,0.0,0,0,0,0.0,0,0.0,0.0,0.0,57377.0,0.0,0.0,0.0,59062.0,8958.0
1647,Minnesota,Scott,804.0,2018,Unspecified,Unspecified,1.0,nan,,0.0,0,0,0,0.0,0,0.0,0.0,0.0,55152.0,0.0,0.0,0.0,61739.0,8671.0
1648,Minnesota,Scott,804.0,2019,Unspecified,Unspecified,1.0,nan,,0.0,0,0,0,0.0,0,0.0,0.0,0.0,66966.0,0.0,0.0,0.0,63577.0,197.0
1649,Minnesota,Scott,804.0,2020,Unspecified,Unspecified,1.0,nan,,0.0,0,0,0,0.0,0,0.0,0.0,0.0,73991.0,0.0,0.0,0.0,70268.0,67.0
1650,Minnesota,Scott,804.0,2021,Unspecified,Unspecified,1.0,nan,,0.0,0,0,0,0.0,0,0.0,0.0,0.0,77768.0,0.0,0.0,0.0,58299.0,1.0
1651,Minnesota,Scott,804.0,2022,Unspecified,Unspecified,1.0,nan,,0.0,0,0,0,0.0,0,0.0,0.0,0.0,72448.0,0.0,0.0,0.0,64960.0,0.0
1652,Minnesota,Sherburne,804.0,2000,Unspecified,Unspecified,1.0,nan,,0.0,0,0,0,0.0,0,0.0,0.0,0.0,24745.0,0.0,0.0,0.0,13162.0,21022.0
1653,Minnesota,Sherburne,804.0,2001,Unspecified,Unspecified,1.0,nan,,0.0,0,0,0,0.0,0,0.0,0.0,0.0,24320.0,0.0,0.0,0.0,19942.0,20976.0
1654,Minnesota,Sherburne,804.0,2002,Unspecified,Unspecified,1.0,nan,,0.0,0,0,0,0.0,0,0.0,0.0,0.0,26001.0,0.0,0.0,0.0,21470.0,21060.0
1655,Minnesota,Sherburne,804.0,2003,Unspecified,Unspecified,1.0,nan,,0.0,0,0,0,0.0,0,0.0,0.0,0.0,29919.0,0.0,0.0,0.0,25080.0,21020.0
1656,Minnesota,Sherburne,804.0,2004,Unspecified,Unspecified,1.0,nan,,0.0,0,0,0,0.0,0,0.0,0.0,0.0,30685.0,0.0,0.0,0.0,26389.0,22716.0
1657,Minnesota,Sherburne,804.0,2005,Unspecified,Unspecified,1.0,nan,,0.0,0,0,0,0.0,0,0.0,0.0,0.0,28770.0,0.0,0.0,0.0,30297.0,21297.0
1658,Minnesota,Sherburne,804.0,2006,Unspecified,Unspecified,1.0,nan,,0.0,0,0,0,0.0,0,0.0,0.0,0.0,30799.0,0.0,0.0,0.0,30905.0,20205.0
1659,Minnesota,Sherburne,804.0,2007,Unspecified,Unspecified,1.0,nan,,0.0,0,0,0,0.0,0,0.0,0.0,0.0,24406.0,0.0,0.0,0.0,19906.0,20335.0
1660,Minnesota,Sherburne,804.0,2008,Unspecified,Unspecified,1.0,nan,,0.0,0,0,0,0.0,0,0.0,0.0,0.0,21428.0,0.0,0.0,0.0,30124.0,19533.0
1661,Minnesota,Sherburne,804.0,2009,Unspecified,Unspecified,1.0,nan,,0.0,0,0,0,0.0,0,0.0,0.0,0.0,29347.0,0.0,0.0,0.0,29930.0,15820.0
1662,Minnesota,Sherburne,804.0,2010,Unspecified,Unspecified,1.0,nan,,0.0,0,0,0,0.0,0,0.0,0.0,0.0,36499.0,0.0,0.0,0.0,24510.0,15431.0
1663,Minnesota,Sherburne,804.0,2011,Unspecified,Unspecified,1.0,nan,,0.0,0,0,0,0.0,0,0.0,0.0,0.0,23685.0,0.0,0.0,0.0,14755.0,16698.0
1664,Minnesota,Sherburne,804.0,2012,Unspecified,Unspecified,1.0,nan,,0.0,0,0,0,0.0,0,0.0,0.0,0.0,22738.0,0.0,0.0,0.0,17439.0,19642.0
1665,Minnesota,Sherburne,804.0,2013,Unspecified,Unspecified,1.0,nan,,0.0,0,0,0,0.0,0,0.0,0.0,0.0,19582.0,0.0,0.0,0.0,24253.0,19451.0
1666,Minnesota,Sherburne,804.0,2014,Unspecified,Unspecified,1.0,nan,,0.0,0,0,0,0.0,0,0.0,0.0,0.0,23446.0,0.0,0.0,0.0,23024.0,19784.0
1667,Minnesota,Sherburne,804.0,2015,Unspecified,Unspecified,1.0,nan,,0.0,0,0,0,0.0,0,0.0,0.0,0.0,29224.0,0.0,0.0,0.0,25494.0,20028.0
1668,Minnesota,Sherburne,804.0,2016,Unspecified,Unspecified,1.0,nan,,0.0,0,0,0,0.0,0,0.0,0.0,0.0,25440.0,0.0,0.0,0.0,29471.0,23523.0
1669,Minnesota,Sherburne,804.0,2017,Unspecified,Unspecified,1.0,nan,,0.0,0,0,0,0.0,0,0.0,0.0,0.0,26625.0,0.0,0.0,0.0,29191.0,22336.0
1670,Minnesota,Sherburne,804.0,2018,Unspecified,Unspecified,1.0,nan,,0.0,0,0,0,0.0,0,0.0,0.0,0.0,26092.0,0.0,0.0,0.0,34933.0,23419.0
1671,Minnesota,Sherburne,804.0,2019,Unspecified,Unspecified,1.0,nan,,0.0,0,0,0,0.0,0,0.0,0.0,0.0,36639.0,0.0,0.0,0.0,31365.0,5642.0
1672,Minnesota,Sherburne,804.0,2020,Unspecified,Unspecified,1.0,nan,,0.0,0,0,0,0.0,0,0.0,0.0,0.0,38807.0,0.0,0.0,0.0,24667.0,5265.0
1673,Minnesota,Sherburne,804.0,2021,Unspecified,Unspecified,1.0,nan,,0.0,0,0,0,0.0,0,0.0,0.0,0.0,38751.0,0.0,0.0,0.0,33974.0,4084.0
1674,Minnesota,Sherburne,804.0,2022,Unspecified,Unspecified,1.0,nan,,0.0,0,0,0,0.0,0,0.0,0.0,0.0,41698.0,0.0,0.0,0.0,23918.0,5314.0
1675,Minnesota,Sibley,804.0,2000,Unspecified,Unspecified,1.0,nan,,0.0,0,0,0,0.0,0,0.0,0.0,0.0,3509.0,0.0,0.0,0.0,3979.0,880.0
1676,Minnesota,Sibley,804.0,2001,Unspecified,Unspecified,1.0,nan,,0.0,0,0,0,0.0,0,0.0,0.0,0.0,3548.0,0.0,0.0,0.0,4308.0,886.0
1677,Minnesota,Sibley,804.0,2002,Unspecified,Unspecified,1.0,nan,,0.0,0,0,0,0.0,0,0.0,0.0,0.0,4769.0,0.0,0.0,0.0,2305.0,1171.0
1678,Minnesota,Sibley,804.0,2003,Unspecified,Unspecified,1.0,nan,,0.0,0,0,0,0.0,0,0.0,0.0,0.0,2957.0,0.0,0.0,0.0,1767.0,1034.0
1679,Minnesota,Sibley,804.0,2004,Unspecified,Unspecified,1.0,nan,,0.0,0,0,0,0.0,0,0.0,0.0,0.0,5268.0,0.0,0.0,0.0,2216.0,1405.0
1680,Minnesota,Sibley,804.0,2005,Unspecified,Unspecified,1.0,nan,,0.0,0,0,0,0.0,0,0.0,0.0,0.0,5762.0,0.0,0.0,0.0,2903.0,227.0
1681,Minnesota,Sibley,804.0,2006,Unspecified,Unspecified,1.0,nan,,0.0,0,0,0,0.0,0,0.0,0.0,0.0,5410.0,0.0,0.0,0.0,2045.0,466.0
1682,Minnesota,Sibley,804.0,2007,Unspecified,Unspecified,1.0,nan,,0.0,0,0,0,0.0,0,0.0,0.0,0.0,5749.0,0.0,0.0,0.0,1900.0,480.0
1683,Minnesota,Sibley,804.0,2008,Unspecified,Unspecified,1.0,nan,,0.0,0,0,0,0.0,0,0.0,0.0,0.0,5673.0,0.0,0.0,0.0,2049.0,510.0
1684,Minnesota,Sibley,804.0,2009,Unspecified,Unspecified,1.0,nan,,0.0,0,0,0,0.0,0,0.0,0.0,0.0,5675.0,0.0,0.0,0.0,1314.0,756.0
1685,Minnesota,Sibley,804.0,2010,Unspecified,Unspecified,1.0,nan,,0.0,0,0,0,0.0,0,0.0,0.0,0.0,5992.0,0.0,0.0,0.0,1471.0,859.0
1686,Minnesota,Sibley,804.0,2011,Unspecified,Unspecified,1.0,nan,,0.0,0,0,0,0.0,0,0.0,0.0,0.0,5572.0,0.0,0.0,0.0,1609.0,774.0
1687,Minnesota,Sibley,804.0,2012,Unspecified,Unspecified,1.0,nan,,0.0,0,0,0,0.0,0,0.0,0.0,0.0,5872.0,0.0,0.0,0.0,1676.0,732.0
1688,Minnesota,Sibley,804.0,2013,Unspecified,Unspecified,1.0,nan,,0.0,0,0,0,0.0,0,0.0,0.0,0.0,5030.0,0.0,0.0,0.0,3533.0,832.0
1689,Minnesota,Sibley,804.0,2014,Unspecified,Unspecified,1.0,nan,,0.0,0,0,0,0.0,0,0.0,0.0,0.0,5296.0,0.0,0.0,0.0,3564.0,562.0
1690,Minnesota,Sibley,804.0,2015,Unspecified,Unspecified,1.0,nan,,0.0,0,0,0,0.0,0,0.0,0.0,0.0,4937.0,0.0,0.0,0.0,3540.0,576.0
1691,Minnesota,Sibley,804.0,2016,Unspecified,Unspecified,1.0,nan,,0.0,0,0,0,0.0,0,0.0,0.0,0.0,4788.0,0.0,0.0,0.0,4840.0,603.0
1692,Minnesota,Sibley,804.0,2017,Unspecified,Unspecified,1.0,nan,,0.0,0,0,0,0.0,0,0.0,0.0,0.0,5591.0,0.0,0.0,0.0,5008.0,452.0
1693,Minnesota,Sibley,804.0,2018,Unspecified,Unspecified,1.0,nan,,0.0,0,0,0,0.0,0,0.0,0.0,0.0,6396.0,0.0,0.0,0.0,5313.0,521.0
1694,Minnesota,Sibley,804.0,2019,Unspecified,Unspecified,1.0,nan,,0.0,0,0,0,0.0,0,0.0,0.0,0.0,6696.0,0.0,0.0,0.0,6059.0,1059.0
1695,Minnesota,Sibley,804.0,2020,Unspecified,Unspecified,1.0,nan,,0.0,0,0,0,0.0,0,0.0,0.0,0.0,7145.0,0.0,0.0,0.0,2305.0,596.0
1696,Minnesota,Sibley,804.0,2021,Unspecified,Unspecified,1.0,nan,,0.0,0,0,0,0.0,0,0.0,0.0,0.0,5826.0,0.0,0.0,0.0,2450.0,740.0
1697,Minnesota,Sibley,804.0,2022,Unspecified,Unspecified,1.0,nan,,0.0,0,0,0,0.0,0,0.0,0.0,0.0,5977.0,0.0,0.0,0.0,2539.0,1497.0
1698,Minnesota,St. louis,804.0,2000,Unspecified,Unspecified,1.0,nan,,0.0,0,0,0,0.0,0,0.0,0.0,0.0,108314.0,0.0,0.0,0.0,93159.0,0.0
1699,Minnesota,St. louis,804.0,2001,Unspecified,Unspecified,1.0,nan,,0.0,0,0,0,0.0,0,0.0,0.0,0.0,117729.0,0.0,0.0,0.0,90757.0,0.0
1700,Minnesota,St. louis,804.0,2002,Unspecified,Unspecified,1.0,nan,,0.0,0,0,0,0.0,0,0.0,0.0,0.0,119692.0,0.0,0.0,0.0,95349.0,0.0
1701,Minnesota,St. louis,804.0,2003,Unspecified,Unspecified,1.0,nan,,0.0,0,0,0,0.0,0,0.0,0.0,0.0,119036.0,0.0,0.0,0.0,98221.0,0.0
1702,Minnesota,St. louis,804.0,2004,Unspecified,Unspecified,1.0,nan,,0.0,0,0,0,0.0,0,0.0,0.0,0.0,120017.0,0.0,0.0,0.0,104035.0,0.0
1703,Minnesota,St. louis,804.0,2005,Unspecified,Unspecified,1.0,nan,,0.0,0,0,0,0.0,0,0.0,0.0,0.0,119771.0,0.0,0.0,0.0,111601.0,0.0
1704,Minnesota,St. louis,804.0,2006,Unspecified,Unspecified,1.0,nan,,0.0,0,0,0,0.0,0,0.0,0.0,0.0,118544.0,0.0,0.0,0.0,117013.0,0.0
1705,Minnesota,St. louis,804.0,2007,Unspecified,Unspecified,1.0,nan,,0.0,0,0,0,0.0,0,0.0,0.0,0.0,116449.0,0.0,0.0,0.0,111738.0,0.0
1706,Minnesota,St. louis,804.0,2008,Unspecified,Unspecified,1.0,nan,,0.0,0,0,0,0.0,0,0.0,0.0,0.0,118047.0,0.0,0.0,0.0,116165.0,0.0
1707,Minnesota,St. louis,804.0,2009,Unspecified,Unspecified,1.0,nan,,0.0,0,0,0,0.0,0,0.0,0.0,0.0,107987.0,0.0,0.0,0.0,95023.0,0.0
1708,Minnesota,St. louis,804.0,2010,Unspecified,Unspecified,1.0,nan,,0.0,0,0,0,0.0,0,0.0,0.0,0.0,104331.0,0.0,0.0,0.0,95051.0,0.0
1709,Minnesota,St. louis,804.0,2011,Unspecified,Unspecified,1.0,nan,,0.0,0,0,0,0.0,0,0.0,0.0,0.0,103502.0,0.0,0.0,0.0,102909.0,0.0
1710,Minnesota,St. louis,804.0,2012,Unspecified,Unspecified,1.0,nan,,0.0,0,0,0,0.0,0,0.0,0.0,0.0,104004.0,0.0,0.0,0.0,108572.0,0.0
1711,Minnesota,St. louis,804.0,2013,Unspecified,Unspecified,1.0,nan,,0.0,0,0,0,0.0,0,0.0,0.0,0.0,104031.0,0.0,0.0,0.0,112806.0,0.0
1712,Minnesota,St. louis,804.0,2014,Unspecified,Unspecified,1.0,nan,,0.0,0,0,0,0.0,0,0.0,0.0,0.0,103973.0,0.0,0.0,0.0,105885.0,0.0
1713,Minnesota,St. louis,804.0,2015,Unspecified,Unspecified,1.0,nan,,0.0,0,0,0,0.0,0,0.0,0.0,0.0,103413.0,0.0,0.0,0.0,99066.0,0.0
1714,Minnesota,St. louis,804.0,2016,Unspecified,Unspecified,1.0,nan,,0.0,0,0,0,0.0,0,0.0,0.0,0.0,105499.0,0.0,0.0,0.0,99268.0,0.0
1715,Minnesota,St. louis,804.0,2017,Unspecified,Unspecified,1.0,nan,,0.0,0,0,0,0.0,0,0.0,0.0,0.0,100319.0,0.0,0.0,0.0,110378.0,0.0
1716,Minnesota,St. louis,804.0,2018,Unspecified,Unspecified,1.0,nan,,0.0,0,0,0,0.0,0,0.0,0.0,0.0,99146.0,0.0,0.0,0.0,106050.0,0.0
1717,Minnesota,St. louis,804.0,2019,Unspecified,Unspecified,1.0,nan,,0.0,0,0,0,0.0,0,0.0,0.0,0.0,100900.0,0.0,0.0,0.0,97716.0,0.0
1718,Minnesota,St. louis,804.0,2020,Unspecified,Unspecified,1.0,nan,,0.0,0,0,0,0.0,0,0.0,0.0,0.0,101170.0,0.0,0.0,0.0,92349.0,0.0
1719,Minnesota,St. louis,804.0,2021,Unspecified,Unspecified,1.0,nan,,0.0,0,0,0,0.0,0,0.0,0.0,0.0,105129.0,0.0,0.0,0.0,91813.0,0.0
1720,Minnesota,St. louis,804.0,2022,Unspecified,Unspecified,1.0,nan,,0.0,0,0,0,0.0,0,0.0,0.0,0.0,109987.0,0.0,0.0,0.0,88685.0,0.0
1721,Minnesota,Stearns,804.0,2000,Unspecified,Unspecified,1.0,nan,,0.0,0,0,0,0.0,0,0.0,0.0,0.0,37324.0,0.0,0.0,0.0,54900.0,35073.0
1722,Minnesota,Stearns,804.0,2001,Unspecified,Unspecified,1.0,nan,,0.0,0,0,0,0.0,0,0.0,0.0,0.0,33430.0,0.0,0.0,0.0,65101.0,38316.0
1723,Minnesota,Stearns,804.0,2002,Unspecified,Unspecified,1.0,nan,,0.0,0,0,0,0.0,0,0.0,0.0,0.0,32846.0,0.0,0.0,0.0,71422.0,40577.0
1724,Minnesota,Stearns,804.0,2003,Unspecified,Unspecified,1.0,nan,,0.0,0,0,0,0.0,0,0.0,0.0,0.0,36365.0,0.0,0.0,0.0,75155.0,41133.0
1725,Minnesota,Stearns,804.0,2004,Unspecified,Unspecified,1.0,nan,,0.0,0,0,0,0.0,0,0.0,0.0,0.0,36864.0,0.0,0.0,0.0,85962.0,37154.0
1726,Minnesota,Stearns,804.0,2005,Unspecified,Unspecified,1.0,nan,,0.0,0,0,0,0.0,0,0.0,0.0,0.0,37031.0,0.0,0.0,0.0,90787.0,37210.0
1727,Minnesota,Stearns,804.0,2006,Unspecified,Unspecified,1.0,nan,,0.0,0,0,0,0.0,0,0.0,0.0,0.0,37976.0,0.0,0.0,0.0,79622.0,35293.0
1728,Minnesota,Stearns,804.0,2007,Unspecified,Unspecified,1.0,nan,,0.0,0,0,0,0.0,0,0.0,0.0,0.0,38237.0,0.0,0.0,0.0,93110.0,37782.0
1729,Minnesota,Stearns,804.0,2008,Unspecified,Unspecified,1.0,nan,,0.0,0,0,0,0.0,0,0.0,0.0,0.0,35574.0,0.0,0.0,0.0,95442.0,37040.0
1730,Minnesota,Stearns,804.0,2009,Unspecified,Unspecified,1.0,nan,,0.0,0,0,0,0.0,0,0.0,0.0,0.0,41200.0,0.0,0.0,0.0,86942.0,25807.0
1731,Minnesota,Stearns,804.0,2010,Unspecified,Unspecified,1.0,nan,,0.0,0,0,0,0.0,0,0.0,0.0,0.0,64122.0,0.0,0.0,0.0,56775.0,1664.0
1732,Minnesota,Stearns,804.0,2011,Unspecified,Unspecified,1.0,nan,,0.0,0,0,0,0.0,0,0.0,0.0,0.0,43678.0,0.0,0.0,0.0,61879.0,19207.0
1733,Minnesota,Stearns,804.0,2012,Unspecified,Unspecified,1.0,nan,,0.0,0,0,0,0.0,0,0.0,0.0,0.0,29009.0,0.0,0.0,0.0,59917.0,33188.0
1734,Minnesota,Stearns,804.0,2013,Unspecified,Unspecified,1.0,nan,,0.0,0,0,0,0.0,0,0.0,0.0,0.0,29142.0,0.0,0.0,0.0,63251.0,36488.0
1735,Minnesota,Stearns,804.0,2014,Unspecified,Unspecified,1.0,nan,,0.0,0,0,0,0.0,0,0.0,0.0,0.0,24087.0,0.0,0.0,0.0,65912.0,38628.0
1736,Minnesota,Stearns,804.0,2015,Unspecified,Unspecified,1.0,nan,,0.0,0,0,0,0.0,0,0.0,0.0,0.0,26066.0,0.0,0.0,0.0,70272.0,36945.0
1737,Minnesota,Stearns,804.0,2016,Unspecified,Unspecified,1.0,nan,,0.0,0,0,0,0.0,0,0.0,0.0,0.0,31261.0,0.0,0.0,0.0,54235.0,34716.0
1738,Minnesota,Stearns,804.0,2017,Unspecified,Unspecified,1.0,nan,,0.0,0,0,0,0.0,0,0.0,0.0,0.0,31270.0,0.0,0.0,0.0,47718.0,34741.0
1739,Minnesota,Stearns,804.0,2018,Unspecified,Unspecified,1.0,nan,,0.0,0,0,0,0.0,0,0.0,0.0,0.0,27292.0,0.0,0.0,0.0,46286.0,34194.0
1740,Minnesota,Stearns,804.0,2019,Unspecified,Unspecified,1.0,nan,,0.0,0,0,0,0.0,0,0.0,0.0,0.0,34345.0,0.0,0.0,0.0,36092.0,36244.0
1741,Minnesota,Stearns,804.0,2020,Unspecified,Unspecified,1.0,nan,,0.0,0,0,0,0.0,0,0.0,0.0,0.0,30362.0,0.0,0.0,0.0,34528.0,36114.0
1742,Minnesota,Stearns,804.0,2021,Unspecified,Unspecified,1.0,nan,,0.0,0,0,0,0.0,0,0.0,0.0,0.0,42077.0,0.0,0.0,0.0,35058.0,29991.0
1743,Minnesota,Stearns,804.0,2022,Unspecified,Unspecified,1.0,nan,,0.0,0,0,0,0.0,0,0.0,0.0,0.0,42832.0,0.0,0.0,0.0,68942.0,31975.0
1744,Minnesota,Steele,804.0,2000,Unspecified,Unspecified,1.0,nan,,0.0,0,0,0,0.0,0,0.0,0.0,0.0,30140.0,0.0,0.0,0.0,40942.0,0.0
1745,Minnesota,Steele,804.0,2001,Unspecified,Unspecified,1.0,nan,,0.0,0,0,0,0.0,0,0.0,0.0,0.0,28007.0,0.0,0.0,0.0,38893.0,0.0
1746,Minnesota,Steele,804.0,2002,Unspecified,Unspecified,1.0,nan,,0.0,0,0,0,0.0,0,0.0,0.0,0.0,29627.0,0.0,0.0,0.0,33083.0,0.0
1747,Minnesota,Steele,804.0,2003,Unspecified,Unspecified,1.0,nan,,0.0,0,0,0,0.0,0,0.0,0.0,0.0,29902.0,0.0,0.0,0.0,34273.0,0.0
1748,Minnesota,Steele,804.0,2004,Unspecified,Unspecified,1.0,nan,,0.0,0,0,0,0.0,0,0.0,0.0,0.0,31946.0,0.0,0.0,0.0,32576.0,288.0
1749,Minnesota,Steele,804.0,2005,Unspecified,Unspecified,1.0,nan,,0.0,0,0,0,0.0,0,0.0,0.0,0.0,33927.0,0.0,0.0,0.0,40373.0,0.0
1750,Minnesota,Steele,804.0,2006,Unspecified,Unspecified,1.0,nan,,0.0,0,0,0,0.0,0,0.0,0.0,0.0,32839.0,0.0,0.0,0.0,44193.0,0.0
1751,Minnesota,Steele,804.0,2007,Unspecified,Unspecified,1.0,nan,,0.0,0,0,0,0.0,0,0.0,0.0,0.0,31498.0,0.0,0.0,0.0,44278.0,0.0
1752,Minnesota,Steele,804.0,2008,Unspecified,Unspecified,1.0,nan,,0.0,0,0,0,0.0,0,0.0,0.0,0.0,29841.0,0.0,0.0,0.0,45811.0,0.0
1753,Minnesota,Steele,804.0,2009,Unspecified,Unspecified,1.0,nan,,0.0,0,0,0,0.0,0,0.0,0.0,0.0,26564.0,0.0,0.0,0.0,36584.0,0.0
1754,Minnesota,Steele,804.0,2010,Unspecified,Unspecified,1.0,nan,,0.0,0,0,0,0.0,0,0.0,0.0,0.0,33569.0,0.0,0.0,0.0,34640.0,0.0
1755,Minnesota,Steele,804.0,2011,Unspecified,Unspecified,1.0,nan,,0.0,0,0,0,0.0,0,0.0,0.0,0.0,27312.0,0.0,0.0,0.0,36532.0,0.0
1756,Minnesota,Steele,804.0,2012,Unspecified,Unspecified,1.0,nan,,0.0,0,0,0,0.0,0,0.0,0.0,0.0,30138.0,0.0,0.0,0.0,30910.0,0.0
1757,Minnesota,Steele,804.0,2013,Unspecified,Unspecified,1.0,nan,,0.0,0,0,0,0.0,0,0.0,0.0,0.0,27163.0,0.0,0.0,0.0,31610.0,0.0
1758,Minnesota,Steele,804.0,2014,Unspecified,Unspecified,1.0,nan,,0.0,0,0,0,0.0,0,0.0,0.0,0.0,30000.0,0.0,0.0,0.0,32186.0,0.0
1759,Minnesota,Steele,804.0,2015,Unspecified,Unspecified,1.0,nan,,0.0,0,0,0,0.0,0,0.0,0.0,0.0,31000.0,0.0,0.0,0.0,38830.0,0.0
1760,Minnesota,Steele,804.0,2016,Unspecified,Unspecified,1.0,nan,,0.0,0,0,0,0.0,0,0.0,0.0,0.0,32000.0,0.0,0.0,0.0,33124.0,0.0
1761,Minnesota,Steele,804.0,2017,Unspecified,Unspecified,1.0,nan,,0.0,0,0,0,0.0,0,0.0,0.0,0.0,37580.0,0.0,0.0,0.0,33642.0,0.0
1762,Minnesota,Steele,804.0,2018,Unspecified,Unspecified,1.0,nan,,0.0,0,0,0,0.0,0,0.0,0.0,0.0,39621.0,0.0,0.0,0.0,53504.0,0.0
1763,Minnesota,Steele,804.0,2019,Unspecified,Unspecified,1.0,nan,,0.0,0,0,0,0.0,0,0.0,0.0,0.0,39675.0,0.0,0.0,0.0,55406.0,0.0
1764,Minnesota,Steele,804.0,2020,Unspecified,Unspecified,1.0,nan,,0.0,0,0,0,0.0,0,0.0,0.0,0.0,40132.0,0.0,0.0,0.0,47199.0,0.0
1765,Minnesota,Steele,804.0,2021,Unspecified,Unspecified,1.0,nan,,0.0,0,0,0,0.0,0,0.0,0.0,0.0,38386.0,0.0,0.0,0.0,48915.0,0.0
1766,Minnesota,Steele,804.0,2022,Unspecified,Unspecified,1.0,nan,,0.0,0,0,0,0.0,0,0.0,0.0,0.0,35313.0,0.0,0.0,0.0,44030.0,0.0
1767,Minnesota,Stevens,804.0,2000,Unspecified,Unspecified,1.0,nan,,0.0,0,0,0,0.0,0,0.0,0.0,0.0,3862.0,0.0,0.0,0.0,1664.0,580.0
1768,Minnesota,Stevens,804.0,2001,Unspecified,Unspecified,1.0,nan,,0.0,0,0,0,0.0,0,0.0,0.0,0.0,1270.0,0.0,0.0,0.0,1548.0,3425.0
1769,Minnesota,Stevens,804.0,2002,Unspecified,Unspecified,1.0,nan,,0.0,0,0,0,0.0,0,0.0,0.0,0.0,1233.0,0.0,0.0,0.0,1531.0,3453.0
1770,Minnesota,Stevens,804.0,2003,Unspecified,Unspecified,1.0,nan,,0.0,0,0,0,0.0,0,0.0,0.0,0.0,497.0,0.0,0.0,0.0,1543.0,4150.0
1771,Minnesota,Stevens,804.0,2004,Unspecified,Unspecified,1.0,nan,,0.0,0,0,0,0.0,0,0.0,0.0,0.0,1150.0,0.0,0.0,0.0,1250.0,4016.0
1772,Minnesota,Stevens,804.0,2005,Unspecified,Unspecified,1.0,nan,,0.0,0,0,0,0.0,0,0.0,0.0,0.0,3533.0,0.0,0.0,0.0,1297.0,1603.0
1773,Minnesota,Stevens,804.0,2006,Unspecified,Unspecified,1.0,nan,,0.0,0,0,0,0.0,0,0.0,0.0,0.0,5181.0,0.0,0.0,0.0,1304.0,213.0
1774,Minnesota,Stevens,804.0,2007,Unspecified,Unspecified,1.0,nan,,0.0,0,0,0,0.0,0,0.0,0.0,0.0,5434.0,0.0,0.0,0.0,1370.0,206.0
1775,Minnesota,Stevens,804.0,2008,Unspecified,Unspecified,1.0,nan,,0.0,0,0,0,0.0,0,0.0,0.0,0.0,5679.0,0.0,0.0,0.0,1491.0,118.0
1776,Minnesota,Stevens,804.0,2009,Unspecified,Unspecified,1.0,nan,,0.0,0,0,0,0.0,0,0.0,0.0,0.0,5646.0,0.0,0.0,0.0,1375.0,19.0
1777,Minnesota,Stevens,804.0,2010,Unspecified,Unspecified,1.0,nan,,0.0,0,0,0,0.0,0,0.0,0.0,0.0,3383.0,0.0,0.0,0.0,1385.0,2141.0
1778,Minnesota,Stevens,804.0,2011,Unspecified,Unspecified,1.0,nan,,0.0,0,0,0,0.0,0,0.0,0.0,0.0,3341.0,0.0,0.0,0.0,1478.0,2409.0
1779,Minnesota,Stevens,804.0,2012,Unspecified,Unspecified,1.0,nan,,0.0,0,0,0,0.0,0,0.0,0.0,0.0,2995.0,0.0,0.0,0.0,1552.0,2829.0
1780,Minnesota,Stevens,804.0,2013,Unspecified,Unspecified,1.0,nan,,0.0,0,0,0,0.0,0,0.0,0.0,0.0,3315.0,0.0,0.0,0.0,1607.0,2645.0
1781,Minnesota,Stevens,804.0,2014,Unspecified,Unspecified,1.0,nan,,0.0,0,0,0,0.0,0,0.0,0.0,0.0,3233.0,0.0,0.0,0.0,1634.0,2634.0
1782,Minnesota,Stevens,804.0,2015,Unspecified,Unspecified,1.0,nan,,0.0,0,0,0,0.0,0,0.0,0.0,0.0,2739.0,0.0,0.0,0.0,1826.0,2907.0
1783,Minnesota,Stevens,804.0,2016,Unspecified,Unspecified,1.0,nan,,0.0,0,0,0,0.0,0,0.0,0.0,0.0,3190.0,0.0,0.0,0.0,1847.0,2842.0
1784,Minnesota,Stevens,804.0,2017,Unspecified,Unspecified,1.0,nan,,0.0,0,0,0,0.0,0,0.0,0.0,0.0,3296.0,0.0,0.0,0.0,1895.0,2712.0
1785,Minnesota,Stevens,804.0,2018,Unspecified,Unspecified,1.0,nan,,0.0,0,0,0,0.0,0,0.0,0.0,0.0,3371.0,0.0,0.0,0.0,1889.0,2692.0
1786,Minnesota,Stevens,804.0,2019,Unspecified,Unspecified,1.0,nan,,0.0,0,0,0,0.0,0,0.0,0.0,0.0,4050.0,0.0,0.0,0.0,1632.0,2368.0
1787,Minnesota,Stevens,804.0,2020,Unspecified,Unspecified,1.0,nan,,0.0,0,0,0,0.0,0,0.0,0.0,0.0,3919.0,0.0,0.0,0.0,1819.0,2299.0
1788,Minnesota,Stevens,804.0,2021,Unspecified,Unspecified,1.0,nan,,0.0,0,0,0,0.0,0,0.0,0.0,0.0,4032.0,0.0,0.0,0.0,1671.0,2345.0
1789,Minnesota,Stevens,804.0,2022,Unspecified,Unspecified,1.0,nan,,0.0,0,0,0,0.0,0,0.0,0.0,0.0,4401.0,0.0,0.0,0.0,1645.0,1988.0
1790,Minnesota,Swift,804.0,2000,Unspecified,Unspecified,1.0,nan,,0.0,0,0,0,0.0,0,1344.0,0.0,0.0,1107.0,0.0,0.0,0.0,1617.0,2056.0
1791,Minnesota,Swift,804.0,2001,Unspecified,Unspecified,1.0,nan,,0.0,0,0,0,0.0,0,1395.0,0.0,0.0,947.0,0.0,0.0,0.0,2019.0,2300.0
1792,Minnesota,Swift,804.0,2002,Unspecified,Unspecified,1.0,nan,,0.0,0,0,0,0.0,0,1916.0,0.0,0.0,3453.0,0.0,0.0,0.0,2058.0,0.0
1793,Minnesota,Swift,804.0,2003,Unspecified,Unspecified,1.0,nan,,0.0,0,0,0,0.0,0,2110.0,0.0,0.0,2815.0,0.0,0.0,0.0,2078.0,704.0
1794,Minnesota,Swift,804.0,2004,Unspecified,Unspecified,1.0,nan,,0.0,0,0,0,0.0,0,1113.0,0.0,0.0,2510.0,0.0,0.0,0.0,2100.0,802.0
1795,Minnesota,Swift,804.0,2005,Unspecified,Unspecified,1.0,nan,,0.0,0,0,0,0.0,0,987.0,0.0,0.0,2968.0,0.0,0.0,0.0,2107.0,973.0
1796,Minnesota,Swift,804.0,2006,Unspecified,Unspecified,1.0,nan,,0.0,0,0,0,0.0,0,0.0,0.0,0.0,3351.0,0.0,0.0,0.0,2129.0,685.0
1797,Minnesota,Swift,804.0,2007,Unspecified,Unspecified,1.0,nan,,0.0,0,0,0,0.0,0,0.0,0.0,0.0,4417.0,0.0,0.0,0.0,2198.0,0.0
1798,Minnesota,Swift,804.0,2008,Unspecified,Unspecified,1.0,nan,,0.0,0,0,0,0.0,0,0.0,0.0,0.0,4640.0,0.0,0.0,0.0,2244.0,0.0
1799,Minnesota,Swift,804.0,2009,Unspecified,Unspecified,1.0,nan,,0.0,0,0,0,0.0,0,0.0,0.0,0.0,3707.0,0.0,0.0,0.0,2260.0,0.0
1800,Minnesota,Swift,804.0,2010,Unspecified,Unspecified,1.0,nan,,0.0,0,0,0,0.0,0,0.0,0.0,0.0,3481.0,0.0,0.0,0.0,2345.0,0.0
1801,Minnesota,Swift,804.0,2011,Unspecified,Unspecified,1.0,nan,,0.0,0,0,0,0.0,0,0.0,0.0,0.0,3425.0,0.0,0.0,0.0,2348.0,0.0
1802,Minnesota,Swift,804.0,2012,Unspecified,Unspecified,1.0,nan,,0.0,0,0,0,0.0,0,0.0,0.0,0.0,3501.0,0.0,0.0,0.0,2359.0,0.0
1803,Minnesota,Swift,804.0,2013,Unspecified,Unspecified,1.0,nan,,0.0,0,0,0,0.0,0,0.0,0.0,0.0,3314.0,0.0,0.0,0.0,2424.0,0.0
1804,Minnesota,Swift,804.0,2014,Unspecified,Unspecified,1.0,nan,,0.0,0,0,0,0.0,0,0.0,0.0,0.0,3280.0,0.0,0.0,0.0,2409.0,0.0
1805,Minnesota,Swift,804.0,2015,Unspecified,Unspecified,1.0,nan,,0.0,0,0,0,0.0,0,0.0,0.0,0.0,3214.0,0.0,0.0,0.0,2537.0,0.0
1806,Minnesota,Swift,804.0,2016,Unspecified,Unspecified,1.0,nan,,0.0,0,0,0,0.0,0,0.0,0.0,0.0,6167.0,0.0,0.0,0.0,2606.0,4318.0
1807,Minnesota,Swift,804.0,2017,Unspecified,Unspecified,1.0,nan,,0.0,0,0,0,0.0,0,0.0,0.0,0.0,5771.0,0.0,0.0,0.0,2745.0,0.0
1808,Minnesota,Swift,804.0,2018,Unspecified,Unspecified,1.0,nan,,0.0,0,0,0,0.0,0,0.0,0.0,0.0,4986.0,0.0,0.0,0.0,2758.0,0.0
1809,Minnesota,Swift,804.0,2019,Unspecified,Unspecified,1.0,nan,,0.0,0,0,0,0.0,0,0.0,0.0,0.0,4986.0,0.0,0.0,0.0,2894.0,0.0
1810,Minnesota,Swift,804.0,2020,Unspecified,Unspecified,1.0,nan,,0.0,0,0,0,0.0,0,0.0,0.0,0.0,6001.0,0.0,0.0,0.0,2890.0,0.0
1811,Minnesota,Swift,804.0,2021,Unspecified,Unspecified,1.0,nan,,0.0,0,0,0,0.0,0,0.0,0.0,0.0,6141.0,0.0,0.0,0.0,3247.0,0.0
1812,Minnesota,Swift,804.0,2022,Unspecified,Unspecified,1.0,nan,,0.0,0,0,0,0.0,0,0.0,0.0,0.0,7405.0,0.0,0.0,0.0,3257.0,0.0
1813,Minnesota,Todd,804.0,2000,Unspecified,Unspecified,1.0,nan,,0.0,0,0,0,0.0,0,0.0,0.0,0.0,6378.0,0.0,0.0,0.0,16093.0,1698.0
1814,Minnesota,Todd,804.0,2001,Unspecified,Unspecified,1.0,nan,,0.0,0,0,0,0.0,0,0.0,0.0,0.0,8291.0,0.0,0.0,0.0,15656.0,0.0
1815,Minnesota,Todd,804.0,2002,Unspecified,Unspecified,1.0,nan,,0.0,0,0,0,0.0,0,0.0,0.0,0.0,4941.0,0.0,0.0,0.0,16751.0,5414.0
1816,Minnesota,Todd,804.0,2003,Unspecified,Unspecified,1.0,nan,,0.0,0,0,0,0.0,0,0.0,0.0,0.0,2750.0,0.0,0.0,0.0,15918.0,7147.0
1817,Minnesota,Todd,804.0,2004,Unspecified,Unspecified,1.0,nan,,0.0,0,0,0,0.0,0,0.0,0.0,0.0,2132.0,0.0,0.0,0.0,17264.0,8944.0
1818,Minnesota,Todd,804.0,2005,Unspecified,Unspecified,1.0,nan,,0.0,0,0,0,0.0,0,0.0,0.0,0.0,2936.0,0.0,0.0,0.0,17852.0,8107.0
1819,Minnesota,Todd,804.0,2006,Unspecified,Unspecified,1.0,nan,,0.0,0,0,0,0.0,0,0.0,0.0,0.0,4522.0,0.0,0.0,0.0,17775.0,6448.0
1820,Minnesota,Todd,804.0,2007,Unspecified,Unspecified,1.0,nan,,0.0,0,0,0,0.0,0,0.0,0.0,0.0,4370.0,0.0,0.0,0.0,17584.0,6885.0
1821,Minnesota,Todd,804.0,2008,Unspecified,Unspecified,1.0,nan,,0.0,0,0,0,0.0,0,0.0,0.0,0.0,4026.0,0.0,0.0,0.0,18354.0,6881.0
1822,Minnesota,Todd,804.0,2009,Unspecified,Unspecified,1.0,nan,,0.0,0,0,0,0.0,0,0.0,0.0,0.0,4303.0,0.0,0.0,0.0,13975.0,6284.0
1823,Minnesota,Todd,804.0,2010,Unspecified,Unspecified,1.0,nan,,0.0,0,0,0,0.0,0,0.0,0.0,0.0,3883.0,0.0,0.0,0.0,12525.0,6174.0
1824,Minnesota,Todd,804.0,2011,Unspecified,Unspecified,1.0,nan,,0.0,0,0,0,0.0,0,0.0,0.0,0.0,5103.0,0.0,0.0,0.0,12338.0,5062.0
1825,Minnesota,Todd,804.0,2012,Unspecified,Unspecified,1.0,nan,,0.0,0,0,0,0.0,0,0.0,0.0,0.0,4212.0,0.0,0.0,0.0,11786.0,5343.0
1826,Minnesota,Todd,804.0,2013,Unspecified,Unspecified,1.0,nan,,0.0,0,0,0,0.0,0,0.0,0.0,0.0,5994.0,0.0,0.0,0.0,11097.0,4029.0
1827,Minnesota,Todd,804.0,2014,Unspecified,Unspecified,1.0,nan,,0.0,0,0,0,0.0,0,0.0,0.0,0.0,6602.0,0.0,0.0,0.0,10705.0,3688.0
1828,Minnesota,Todd,804.0,2015,Unspecified,Unspecified,1.0,nan,,0.0,0,0,0,0.0,0,0.0,0.0,0.0,5070.0,0.0,0.0,0.0,8704.0,5911.0
1829,Minnesota,Todd,804.0,2016,Unspecified,Unspecified,1.0,nan,,0.0,0,0,0,0.0,0,0.0,0.0,0.0,3616.0,0.0,0.0,0.0,10874.0,7100.0
1830,Minnesota,Todd,804.0,2017,Unspecified,Unspecified,1.0,nan,,0.0,0,0,0,0.0,0,0.0,0.0,0.0,4228.0,0.0,0.0,0.0,10039.0,7025.0
1831,Minnesota,Todd,804.0,2018,Unspecified,Unspecified,1.0,nan,,0.0,0,0,0,0.0,0,0.0,0.0,0.0,3223.0,0.0,0.0,0.0,2290.0,7837.0
1832,Minnesota,Todd,804.0,2019,Unspecified,Unspecified,1.0,nan,,0.0,0,0,0,0.0,0,0.0,0.0,0.0,5386.0,0.0,0.0,0.0,2142.0,7267.0
1833,Minnesota,Todd,804.0,2020,Unspecified,Unspecified,1.0,nan,,0.0,0,0,0,0.0,0,0.0,0.0,0.0,5412.0,0.0,0.0,0.0,3076.0,6972.0
1834,Minnesota,Todd,804.0,2021,Unspecified,Unspecified,1.0,nan,,0.0,0,0,0,0.0,0,0.0,0.0,0.0,5706.0,0.0,0.0,0.0,2505.0,7039.0
1835,Minnesota,Todd,804.0,2022,Unspecified,Unspecified,1.0,nan,,0.0,0,0,0,0.0,0,0.0,0.0,0.0,5879.0,0.0,0.0,0.0,5746.0,7105.0
1836,Minnesota,Traverse,804.0,2000,Unspecified,Unspecified,1.0,nan,,0.0,0,0,0,0.0,0,0.0,0.0,0.0,859.0,0.0,0.0,0.0,390.0,416.0
1837,Minnesota,Traverse,804.0,2001,Unspecified,Unspecified,1.0,nan,,0.0,0,0,0,0.0,0,0.0,0.0,0.0,1233.0,0.0,0.0,0.0,405.0,14.0
1838,Minnesota,Traverse,804.0,2002,Unspecified,Unspecified,1.0,nan,,0.0,0,0,0,0.0,0,0.0,0.0,0.0,519.0,0.0,0.0,0.0,433.0,794.0
1839,Minnesota,Traverse,804.0,2003,Unspecified,Unspecified,1.0,nan,,0.0,0,0,0,0.0,0,0.0,0.0,0.0,410.0,0.0,0.0,0.0,418.0,818.0
1840,Minnesota,Traverse,804.0,2004,Unspecified,Unspecified,1.0,nan,,0.0,0,0,0,0.0,0,0.0,0.0,0.0,511.0,0.0,0.0,0.0,425.0,461.0
1841,Minnesota,Traverse,804.0,2005,Unspecified,Unspecified,1.0,nan,,0.0,0,0,0,0.0,0,0.0,0.0,0.0,1383.0,0.0,0.0,0.0,456.0,0.0
1842,Minnesota,Traverse,804.0,2006,Unspecified,Unspecified,1.0,nan,,0.0,0,0,0,0.0,0,0.0,0.0,0.0,1297.0,0.0,0.0,0.0,415.0,0.0
1843,Minnesota,Traverse,804.0,2007,Unspecified,Unspecified,1.0,nan,,0.0,0,0,0,0.0,0,0.0,0.0,0.0,1311.0,0.0,0.0,0.0,636.0,0.0
1844,Minnesota,Traverse,804.0,2008,Unspecified,Unspecified,1.0,nan,,0.0,0,0,0,0.0,0,0.0,0.0,0.0,1199.0,0.0,0.0,0.0,828.0,0.0
1845,Minnesota,Traverse,804.0,2009,Unspecified,Unspecified,1.0,nan,,0.0,0,0,0,0.0,0,0.0,0.0,0.0,1126.0,0.0,0.0,0.0,690.0,0.0
1846,Minnesota,Traverse,804.0,2010,Unspecified,Unspecified,1.0,nan,,0.0,0,0,0,0.0,0,0.0,0.0,0.0,1115.0,0.0,0.0,0.0,553.0,0.0
1847,Minnesota,Traverse,804.0,2011,Unspecified,Unspecified,1.0,nan,,0.0,0,0,0,0.0,0,0.0,0.0,0.0,1122.0,0.0,0.0,0.0,658.0,0.0
1848,Minnesota,Traverse,804.0,2012,Unspecified,Unspecified,1.0,nan,,0.0,0,0,0,0.0,0,0.0,0.0,0.0,885.0,0.0,0.0,0.0,543.0,0.0
1849,Minnesota,Traverse,804.0,2013,Unspecified,Unspecified,1.0,nan,,0.0,0,0,0,0.0,0,0.0,0.0,0.0,894.0,0.0,0.0,0.0,417.0,0.0
1850,Minnesota,Traverse,804.0,2014,Unspecified,Unspecified,1.0,nan,,0.0,0,0,0,0.0,0,0.0,0.0,0.0,861.0,0.0,0.0,0.0,585.0,0.0
1851,Minnesota,Traverse,804.0,2015,Unspecified,Unspecified,1.0,nan,,0.0,0,0,0,0.0,0,0.0,0.0,0.0,873.0,0.0,0.0,0.0,322.0,0.0
1852,Minnesota,Traverse,804.0,2016,Unspecified,Unspecified,1.0,nan,,0.0,0,0,0,0.0,0,0.0,0.0,0.0,841.0,0.0,0.0,0.0,411.0,0.0
1853,Minnesota,Traverse,804.0,2017,Unspecified,Unspecified,1.0,nan,,0.0,0,0,0,0.0,0,0.0,0.0,0.0,897.0,0.0,0.0,0.0,380.0,0.0
1854,Minnesota,Traverse,804.0,2018,Unspecified,Unspecified,1.0,nan,,0.0,0,0,0,0.0,0,0.0,0.0,0.0,937.0,0.0,0.0,0.0,425.0,0.0
1855,Minnesota,Traverse,804.0,2019,Unspecified,Unspecified,1.0,nan,,0.0,0,0,0,0.0,0,0.0,0.0,0.0,940.0,0.0,0.0,0.0,345.0,0.0
1856,Minnesota,Traverse,804.0,2020,Unspecified,Unspecified,1.0,nan,,0.0,0,0,0,0.0,0,0.0,0.0,0.0,932.0,0.0,0.0,0.0,268.0,0.0
1857,Minnesota,Traverse,804.0,2021,Unspecified,Unspecified,1.0,nan,,0.0,0,0,0,0.0,0,0.0,0.0,0.0,1018.0,0.0,0.0,0.0,272.0,0.0
1858,Minnesota,Traverse,804.0,2022,Unspecified,Unspecified,1.0,nan,,0.0,0,0,0,0.0,0,0.0,0.0,0.0,1101.0,0.0,0.0,0.0,229.0,0.0
1859,Minnesota,Wabasha,804.0,2000,Unspecified,Unspecified,1.0,nan,,0.0,0,0,0,0.0,0,0.0,0.0,0.0,0.0,0.0,0.0,0.0,3112.0,6808.0
1860,Minnesota,Wabasha,804.0,2001,Unspecified,Unspecified,1.0,nan,,0.0,0,0,0,0.0,0,0.0,0.0,0.0,0.0,0.0,0.0,0.0,2336.0,7122.0
1861,Minnesota,Wabasha,804.0,2002,Unspecified,Unspecified,1.0,nan,,0.0,0,0,0,0.0,0,0.0,0.0,0.0,0.0,0.0,0.0,0.0,2137.0,7690.0
1862,Minnesota,Wabasha,804.0,2003,Unspecified,Unspecified,1.0,nan,,0.0,0,0,0,0.0,0,0.0,0.0,0.0,0.0,0.0,0.0,0.0,2615.0,7900.0
1863,Minnesota,Wabasha,804.0,2004,Unspecified,Unspecified,1.0,nan,,0.0,0,0,0,0.0,0,0.0,0.0,0.0,0.0,0.0,0.0,0.0,2407.0,6956.0
1864,Minnesota,Wabasha,804.0,2005,Unspecified,Unspecified,1.0,nan,,0.0,0,0,0,0.0,0,0.0,0.0,0.0,0.0,0.0,0.0,0.0,2527.0,7776.0
1865,Minnesota,Wabasha,804.0,2006,Unspecified,Unspecified,1.0,nan,,0.0,0,0,0,0.0,0,0.0,0.0,0.0,0.0,0.0,0.0,0.0,11053.0,9281.0
1866,Minnesota,Wabasha,804.0,2007,Unspecified,Unspecified,1.0,nan,,0.0,0,0,0,0.0,0,0.0,0.0,0.0,0.0,0.0,0.0,0.0,12711.0,9480.0
1867,Minnesota,Wabasha,804.0,2008,Unspecified,Unspecified,1.0,nan,,0.0,0,0,0,0.0,0,0.0,0.0,0.0,0.0,0.0,0.0,0.0,10115.0,8884.0
1868,Minnesota,Wabasha,804.0,2009,Unspecified,Unspecified,1.0,nan,,0.0,0,0,0,0.0,0,0.0,0.0,0.0,0.0,0.0,0.0,0.0,10662.0,8701.0
1869,Minnesota,Wabasha,804.0,2010,Unspecified,Unspecified,1.0,nan,,0.0,0,0,0,0.0,0,0.0,0.0,0.0,8334.0,0.0,0.0,0.0,11061.0,713.0
1870,Minnesota,Wabasha,804.0,2011,Unspecified,Unspecified,1.0,nan,,0.0,0,0,0,0.0,0,0.0,0.0,0.0,0.0,0.0,0.0,0.0,3722.0,5392.0
1871,Minnesota,Wabasha,804.0,2012,Unspecified,Unspecified,1.0,nan,,0.0,0,0,0,0.0,0,0.0,0.0,0.0,0.0,0.0,0.0,0.0,3522.0,4935.0
1872,Minnesota,Wabasha,804.0,2013,Unspecified,Unspecified,1.0,nan,,0.0,0,0,0,0.0,0,0.0,0.0,0.0,0.0,0.0,0.0,0.0,3725.0,6755.0
1873,Minnesota,Wabasha,804.0,2014,Unspecified,Unspecified,1.0,nan,,0.0,0,0,0,0.0,0,0.0,0.0,0.0,3553.0,0.0,0.0,0.0,2570.0,3394.0
1874,Minnesota,Wabasha,804.0,2015,Unspecified,Unspecified,1.0,nan,,0.0,0,0,0,0.0,0,0.0,0.0,0.0,4411.0,0.0,0.0,0.0,1641.0,2140.0
1875,Minnesota,Wabasha,804.0,2016,Unspecified,Unspecified,1.0,nan,,0.0,0,0,0,0.0,0,0.0,0.0,0.0,3037.0,0.0,0.0,0.0,2375.0,320.0
1876,Minnesota,Wabasha,804.0,2017,Unspecified,Unspecified,1.0,nan,,0.0,0,0,0,0.0,0,0.0,0.0,0.0,1777.0,0.0,0.0,0.0,1590.0,3648.0
1877,Minnesota,Wabasha,804.0,2018,Unspecified,Unspecified,1.0,nan,,0.0,0,0,0,0.0,0,0.0,0.0,0.0,1950.0,0.0,0.0,0.0,2785.0,3375.0
1878,Minnesota,Wabasha,804.0,2019,Unspecified,Unspecified,1.0,nan,,0.0,0,0,0,0.0,0,0.0,0.0,0.0,1753.0,0.0,0.0,0.0,2029.0,3405.0
1879,Minnesota,Wabasha,804.0,2020,Unspecified,Unspecified,1.0,nan,,0.0,0,0,0,0.0,0,0.0,0.0,0.0,2543.0,0.0,0.0,0.0,1756.0,2252.0
1880,Minnesota,Wabasha,804.0,2021,Unspecified,Unspecified,1.0,nan,,0.0,0,0,0,0.0,0,0.0,0.0,0.0,158.0,0.0,0.0,0.0,2073.0,5338.0
1881,Minnesota,Wabasha,804.0,2022,Unspecified,Unspecified,1.0,nan,,0.0,0,0,0,0.0,0,0.0,0.0,0.0,2048.0,0.0,0.0,0.0,934.0,3915.0
1882,Minnesota,Wadena,804.0,2000,Unspecified,Unspecified,1.0,nan,,0.0,0,0,0,0.0,0,0.0,0.0,0.0,7024.0,0.0,0.0,0.0,2385.0,0.0
1883,Minnesota,Wadena,804.0,2001,Unspecified,Unspecified,1.0,nan,,0.0,0,0,0,0.0,0,0.0,0.0,0.0,8355.0,0.0,0.0,0.0,2089.0,0.0
1884,Minnesota,Wadena,804.0,2002,Unspecified,Unspecified,1.0,nan,,0.0,0,0,0,0.0,0,0.0,0.0,0.0,3275.0,0.0,0.0,0.0,1538.0,5121.0
1885,Minnesota,Wadena,804.0,2003,Unspecified,Unspecified,1.0,nan,,0.0,0,0,0,0.0,0,0.0,0.0,0.0,2390.0,0.0,0.0,0.0,1571.0,6021.0
1886,Minnesota,Wadena,804.0,2004,Unspecified,Unspecified,1.0,nan,,0.0,0,0,0,0.0,0,0.0,0.0,0.0,1397.0,0.0,0.0,0.0,6116.0,6455.0
1887,Minnesota,Wadena,804.0,2005,Unspecified,Unspecified,1.0,nan,,0.0,0,0,0,0.0,0,0.0,0.0,0.0,2608.0,0.0,0.0,0.0,7398.0,5748.0
1888,Minnesota,Wadena,804.0,2006,Unspecified,Unspecified,1.0,nan,,0.0,0,0,0,0.0,0,0.0,0.0,0.0,2656.0,0.0,0.0,0.0,8283.0,5673.0
1889,Minnesota,Wadena,804.0,2007,Unspecified,Unspecified,1.0,nan,,0.0,0,0,0,0.0,0,0.0,0.0,0.0,2188.0,0.0,0.0,0.0,8273.0,6319.0
1890,Minnesota,Wadena,804.0,2008,Unspecified,Unspecified,1.0,nan,,0.0,0,0,0,0.0,0,0.0,0.0,0.0,2104.0,0.0,0.0,0.0,6119.0,6068.0
1891,Minnesota,Wadena,804.0,2009,Unspecified,Unspecified,1.0,nan,,0.0,0,0,0,0.0,0,0.0,0.0,0.0,1060.0,0.0,0.0,0.0,6220.0,6248.0
1892,Minnesota,Wadena,804.0,2010,Unspecified,Unspecified,1.0,nan,,0.0,0,0,0,0.0,0,0.0,0.0,0.0,1998.0,0.0,0.0,0.0,7561.0,6166.0
1893,Minnesota,Wadena,804.0,2011,Unspecified,Unspecified,1.0,nan,,0.0,0,0,0,0.0,0,0.0,0.0,0.0,1141.0,0.0,0.0,0.0,7155.0,5769.0
1894,Minnesota,Wadena,804.0,2012,Unspecified,Unspecified,1.0,nan,,0.0,0,0,0,0.0,0,0.0,0.0,0.0,836.0,0.0,0.0,0.0,6650.0,5732.0
1895,Minnesota,Wadena,804.0,2013,Unspecified,Unspecified,1.0,nan,,0.0,0,0,0,0.0,0,0.0,0.0,0.0,2042.0,0.0,0.0,0.0,6869.0,4163.0
1896,Minnesota,Wadena,804.0,2014,Unspecified,Unspecified,1.0,nan,,0.0,0,0,0,0.0,0,0.0,0.0,0.0,1469.0,0.0,0.0,0.0,6748.0,4827.0
1897,Minnesota,Wadena,804.0,2015,Unspecified,Unspecified,1.0,nan,,0.0,0,0,0,0.0,0,0.0,0.0,0.0,557.0,0.0,0.0,0.0,5051.0,5961.0
1898,Minnesota,Wadena,804.0,2016,Unspecified,Unspecified,1.0,nan,,0.0,0,0,0,0.0,0,0.0,0.0,0.0,646.0,0.0,0.0,0.0,5469.0,5756.0
1899,Minnesota,Wadena,804.0,2017,Unspecified,Unspecified,1.0,nan,,0.0,0,0,0,0.0,0,0.0,0.0,0.0,1025.0,0.0,0.0,0.0,6025.0,5758.0
1900,Minnesota,Wadena,804.0,2018,Unspecified,Unspecified,1.0,nan,,0.0,0,0,0,0.0,0,0.0,0.0,0.0,1715.0,0.0,0.0,0.0,6368.0,4928.0
1901,Minnesota,Wadena,804.0,2019,Unspecified,Unspecified,1.0,nan,,0.0,0,0,0,0.0,0,0.0,0.0,0.0,1265.0,0.0,0.0,0.0,5840.0,4855.0
1902,Minnesota,Wadena,804.0,2020,Unspecified,Unspecified,1.0,nan,,0.0,0,0,0,0.0,0,0.0,0.0,0.0,883.0,0.0,0.0,0.0,5371.0,5196.0
1903,Minnesota,Wadena,804.0,2021,Unspecified,Unspecified,1.0,nan,,0.0,0,0,0,0.0,0,0.0,0.0,0.0,1356.0,0.0,0.0,0.0,3139.0,4983.0
1904,Minnesota,Wadena,804.0,2022,Unspecified,Unspecified,1.0,nan,,0.0,0,0,0,0.0,0,0.0,0.0,0.0,1421.0,0.0,0.0,0.0,3004.0,4910.0
1905,Minnesota,Waseca,804.0,2000,Unspecified,Unspecified,1.0,nan,,0.0,0,0,0,0.0,0,0.0,0.0,0.0,6849.0,0.0,0.0,0.0,37951.0,2983.0
1906,Minnesota,Waseca,804.0,2001,Unspecified,Unspecified,1.0,nan,,0.0,0,0,0,0.0,0,0.0,0.0,0.0,7693.0,0.0,0.0,0.0,35039.0,2904.0
1907,Minnesota,Waseca,804.0,2002,Unspecified,Unspecified,1.0,nan,,0.0,0,0,0,0.0,0,0.0,0.0,0.0,6973.0,0.0,0.0,0.0,33705.0,2981.0
1908,Minnesota,Waseca,804.0,2003,Unspecified,Unspecified,1.0,nan,,0.0,0,0,0,0.0,0,0.0,0.0,0.0,7602.0,0.0,0.0,0.0,34203.0,3391.0
1909,Minnesota,Waseca,804.0,2004,Unspecified,Unspecified,1.0,nan,,0.0,0,0,0,0.0,0,0.0,0.0,0.0,7289.0,0.0,0.0,0.0,37629.0,3444.0
1910,Minnesota,Waseca,804.0,2005,Unspecified,Unspecified,1.0,nan,,0.0,0,0,0,0.0,0,0.0,0.0,0.0,6899.0,0.0,0.0,0.0,38997.0,3548.0
1911,Minnesota,Waseca,804.0,2006,Unspecified,Unspecified,1.0,nan,,0.0,0,0,0,0.0,0,0.0,0.0,0.0,7743.0,0.0,0.0,0.0,37295.0,2564.0
1912,Minnesota,Waseca,804.0,2007,Unspecified,Unspecified,1.0,nan,,0.0,0,0,0,0.0,0,0.0,0.0,0.0,7355.0,0.0,0.0,0.0,38698.0,2567.0
1913,Minnesota,Waseca,804.0,2008,Unspecified,Unspecified,1.0,nan,,0.0,0,0,0,0.0,0,0.0,0.0,0.0,5342.0,0.0,0.0,0.0,36160.0,3133.0
1914,Minnesota,Waseca,804.0,2009,Unspecified,Unspecified,1.0,nan,,0.0,0,0,0,0.0,0,0.0,0.0,0.0,4974.0,0.0,0.0,0.0,31369.0,3231.0
1915,Minnesota,Waseca,804.0,2010,Unspecified,Unspecified,1.0,nan,,0.0,0,0,0,0.0,0,0.0,0.0,0.0,6599.0,0.0,0.0,0.0,32087.0,2014.0
1916,Minnesota,Waseca,804.0,2011,Unspecified,Unspecified,1.0,nan,,0.0,0,0,0,0.0,0,0.0,0.0,0.0,7855.0,0.0,0.0,0.0,37121.0,2146.0
1917,Minnesota,Waseca,804.0,2012,Unspecified,Unspecified,1.0,nan,,0.0,0,0,0,0.0,0,0.0,0.0,0.0,8893.0,0.0,0.0,0.0,42366.0,1949.0
1918,Minnesota,Waseca,804.0,2013,Unspecified,Unspecified,1.0,nan,,0.0,0,0,0,0.0,0,0.0,0.0,0.0,9694.0,0.0,0.0,0.0,46625.0,1832.0
1919,Minnesota,Waseca,804.0,2014,Unspecified,Unspecified,1.0,nan,,0.0,0,0,0,0.0,0,0.0,0.0,0.0,1206.0,0.0,0.0,0.0,41822.0,0.0
1920,Minnesota,Waseca,804.0,2015,Unspecified,Unspecified,1.0,nan,,0.0,0,0,0,0.0,0,0.0,0.0,0.0,1130.0,0.0,0.0,0.0,32596.0,0.0
1921,Minnesota,Waseca,804.0,2016,Unspecified,Unspecified,1.0,nan,,0.0,0,0,0,0.0,0,0.0,0.0,0.0,4439.0,0.0,0.0,0.0,25024.0,0.0
1922,Minnesota,Waseca,804.0,2017,Unspecified,Unspecified,1.0,nan,,0.0,0,0,0,0.0,0,0.0,0.0,0.0,11100.0,0.0,0.0,0.0,31720.0,0.0
1923,Minnesota,Waseca,804.0,2018,Unspecified,Unspecified,1.0,nan,,0.0,0,0,0,0.0,0,0.0,0.0,0.0,4386.0,0.0,0.0,0.0,5412.0,0.0
1924,Minnesota,Waseca,804.0,2019,Unspecified,Unspecified,1.0,nan,,0.0,0,0,0,0.0,0,0.0,0.0,0.0,1282.0,0.0,0.0,0.0,6822.0,0.0
1925,Minnesota,Waseca,804.0,2020,Unspecified,Unspecified,1.0,nan,,0.0,0,0,0,0.0,0,0.0,0.0,0.0,5503.0,0.0,0.0,0.0,2136.0,0.0
1926,Minnesota,Waseca,804.0,2021,Unspecified,Unspecified,1.0,nan,,0.0,0,0,0,0.0,0,0.0,0.0,0.0,6157.0,0.0,0.0,0.0,3475.0,0.0
1927,Minnesota,Waseca,804.0,2022,Unspecified,Unspecified,1.0,nan,,0.0,0,0,0,0.0,0,0.0,0.0,0.0,4505.0,0.0,0.0,0.0,2443.0,0.0
1928,Minnesota,Washington,804.0,2000,Unspecified,Unspecified,1.0,nan,,0.0,0,0,0,0.0,0,0.0,0.0,0.0,37582.0,0.0,0.0,0.0,35882.0,71052.0
1929,Minnesota,Washington,804.0,2001,Unspecified,Unspecified,1.0,nan,,0.0,0,0,0,0.0,0,0.0,0.0,0.0,30545.0,0.0,0.0,0.0,33428.0,66499.0
1930,Minnesota,Washington,804.0,2002,Unspecified,Unspecified,1.0,nan,,0.0,0,0,0,0.0,0,0.0,0.0,0.0,55782.0,0.0,0.0,0.0,35900.0,86252.0
1931,Minnesota,Washington,804.0,2003,Unspecified,Unspecified,1.0,nan,,0.0,0,0,0,0.0,0,0.0,0.0,0.0,35013.0,0.0,0.0,0.0,38356.0,77404.0
1932,Minnesota,Washington,804.0,2004,Unspecified,Unspecified,1.0,nan,,0.0,0,0,0,0.0,0,0.0,0.0,0.0,27849.0,0.0,0.0,0.0,39255.0,73509.0
1933,Minnesota,Washington,804.0,2005,Unspecified,Unspecified,1.0,nan,,0.0,0,0,0,0.0,0,0.0,0.0,0.0,25881.0,0.0,0.0,0.0,37745.0,68225.0
1934,Minnesota,Washington,804.0,2006,Unspecified,Unspecified,1.0,nan,,0.0,0,0,0,0.0,0,0.0,0.0,0.0,41210.0,0.0,0.0,0.0,39673.0,60299.0
1935,Minnesota,Washington,804.0,2007,Unspecified,Unspecified,1.0,nan,,0.0,0,0,0,0.0,0,0.0,0.0,0.0,33326.0,0.0,0.0,0.0,38816.0,64599.0
1936,Minnesota,Washington,804.0,2008,Unspecified,Unspecified,1.0,nan,,0.0,0,0,0,0.0,0,0.0,0.0,0.0,31215.0,0.0,0.0,0.0,38357.0,65383.0
1937,Minnesota,Washington,804.0,2009,Unspecified,Unspecified,1.0,nan,,0.0,0,0,0,0.0,0,0.0,0.0,0.0,21329.0,0.0,0.0,0.0,36938.0,69334.0
1938,Minnesota,Washington,804.0,2010,Unspecified,Unspecified,1.0,nan,,0.0,0,0,0,0.0,0,0.0,0.0,0.0,21892.0,0.0,0.0,0.0,36538.0,67693.0
1939,Minnesota,Washington,804.0,2011,Unspecified,Unspecified,1.0,nan,,0.0,0,0,0,0.0,0,0.0,0.0,0.0,19373.0,0.0,0.0,0.0,37603.0,70743.0
1940,Minnesota,Washington,804.0,2012,Unspecified,Unspecified,1.0,nan,,0.0,0,0,0,0.0,0,0.0,0.0,0.0,18631.0,0.0,0.0,0.0,37537.0,72482.0
1941,Minnesota,Washington,804.0,2013,Unspecified,Unspecified,1.0,nan,,0.0,0,0,0,0.0,0,0.0,0.0,0.0,25315.0,0.0,0.0,0.0,39211.0,72541.0
1942,Minnesota,Washington,804.0,2014,Unspecified,Unspecified,1.0,nan,,0.0,0,0,0,0.0,0,0.0,0.0,0.0,22443.0,0.0,0.0,0.0,35381.0,84062.0
1943,Minnesota,Washington,804.0,2015,Unspecified,Unspecified,1.0,nan,,0.0,0,0,0,0.0,0,0.0,0.0,0.0,26642.0,0.0,0.0,0.0,34290.0,87248.0
1944,Minnesota,Washington,804.0,2016,Unspecified,Unspecified,1.0,nan,,0.0,0,0,0,0.0,0,0.0,0.0,0.0,42919.0,0.0,0.0,0.0,61328.0,78705.0
1945,Minnesota,Washington,804.0,2017,Unspecified,Unspecified,1.0,nan,,0.0,0,0,0,0.0,0,0.0,0.0,0.0,30189.0,0.0,0.0,0.0,71989.0,84834.0
1946,Minnesota,Washington,804.0,2018,Unspecified,Unspecified,1.0,nan,,0.0,0,0,0,0.0,0,0.0,0.0,0.0,22327.0,0.0,0.0,0.0,69244.0,94691.0
1947,Minnesota,Washington,804.0,2019,Unspecified,Unspecified,1.0,nan,,0.0,0,0,0,0.0,0,0.0,0.0,0.0,25059.0,0.0,0.0,0.0,62814.0,94712.0
1948,Minnesota,Washington,804.0,2020,Unspecified,Unspecified,1.0,nan,,0.0,0,0,0,0.0,0,0.0,0.0,0.0,31247.0,0.0,0.0,0.0,79474.0,85130.0
1949,Minnesota,Washington,804.0,2021,Unspecified,Unspecified,1.0,nan,,0.0,0,0,0,0.0,0,0.0,0.0,0.0,30216.0,0.0,0.0,0.0,83656.0,87292.0
1950,Minnesota,Washington,804.0,2022,Unspecified,Unspecified,1.0,nan,,0.0,0,0,0,0.0,0,0.0,0.0,0.0,25479.0,0.0,0.0,0.0,77234.0,97332.0
1951,Minnesota,Watonwan,804.0,2000,Unspecified,Unspecified,1.0,nan,,0.0,0,0,0,0.0,0,0.0,0.0,0.0,6795.0,0.0,0.0,0.0,3508.0,0.0
1952,Minnesota,Watonwan,804.0,2001,Unspecified,Unspecified,1.0,nan,,0.0,0,0,0,0.0,0,0.0,0.0,0.0,6097.0,0.0,0.0,0.0,3138.0,0.0
1953,Minnesota,Watonwan,804.0,2002,Unspecified,Unspecified,1.0,nan,,0.0,0,0,0,0.0,0,0.0,0.0,0.0,7078.0,0.0,0.0,0.0,3415.0,0.0
1954,Minnesota,Watonwan,804.0,2003,Unspecified,Unspecified,1.0,nan,,0.0,0,0,0,0.0,0,0.0,0.0,0.0,6875.0,0.0,0.0,0.0,2971.0,0.0
1955,Minnesota,Watonwan,804.0,2004,Unspecified,Unspecified,1.0,nan,,0.0,0,0,0,0.0,0,57.0,0.0,0.0,6333.0,0.0,0.0,0.0,2853.0,0.0
1956,Minnesota,Watonwan,804.0,2005,Unspecified,Unspecified,1.0,nan,,0.0,0,0,0,0.0,0,0.0,0.0,0.0,6842.0,0.0,0.0,0.0,2802.0,0.0
1957,Minnesota,Watonwan,804.0,2006,Unspecified,Unspecified,1.0,nan,,0.0,0,0,0,0.0,0,0.0,0.0,0.0,8972.0,0.0,0.0,0.0,2615.0,0.0
1958,Minnesota,Watonwan,804.0,2007,Unspecified,Unspecified,1.0,nan,,0.0,0,0,0,0.0,0,0.0,0.0,0.0,8786.0,0.0,0.0,0.0,1922.0,0.0
1959,Minnesota,Watonwan,804.0,2008,Unspecified,Unspecified,1.0,nan,,0.0,0,0,0,0.0,0,0.0,0.0,0.0,9009.0,0.0,0.0,0.0,1467.0,0.0
1960,Minnesota,Watonwan,804.0,2009,Unspecified,Unspecified,1.0,nan,,0.0,0,0,0,0.0,0,0.0,0.0,0.0,8324.0,0.0,0.0,0.0,1588.0,0.0
1961,Minnesota,Watonwan,804.0,2010,Unspecified,Unspecified,1.0,nan,,0.0,0,0,0,0.0,0,0.0,0.0,0.0,8599.0,0.0,0.0,0.0,1598.0,0.0
1962,Minnesota,Watonwan,804.0,2011,Unspecified,Unspecified,1.0,nan,,0.0,0,0,0,0.0,0,0.0,0.0,0.0,9089.0,0.0,0.0,0.0,1752.0,0.0
1963,Minnesota,Watonwan,804.0,2012,Unspecified,Unspecified,1.0,nan,,0.0,0,0,0,0.0,0,0.0,0.0,0.0,6078.0,0.0,0.0,0.0,2344.0,0.0
1964,Minnesota,Watonwan,804.0,2013,Unspecified,Unspecified,1.0,nan,,0.0,0,0,0,0.0,0,473.0,0.0,0.0,5795.0,0.0,0.0,0.0,5234.0,928.0
1965,Minnesota,Watonwan,804.0,2014,Unspecified,Unspecified,1.0,nan,,0.0,0,0,0,0.0,0,0.0,0.0,0.0,6124.0,0.0,0.0,0.0,3340.0,574.0
1966,Minnesota,Watonwan,804.0,2015,Unspecified,Unspecified,1.0,nan,,0.0,0,0,0,0.0,0,0.0,0.0,0.0,3656.0,0.0,0.0,0.0,4689.0,698.0
1967,Minnesota,Watonwan,804.0,2016,Unspecified,Unspecified,1.0,nan,,0.0,0,0,0,0.0,0,0.0,0.0,0.0,3821.0,0.0,0.0,0.0,3175.0,723.0
1968,Minnesota,Watonwan,804.0,2017,Unspecified,Unspecified,1.0,nan,,0.0,0,0,0,0.0,0,0.0,0.0,0.0,5241.0,0.0,0.0,0.0,2315.0,0.0
1969,Minnesota,Watonwan,804.0,2018,Unspecified,Unspecified,1.0,nan,,0.0,0,0,0,0.0,0,0.0,0.0,0.0,5676.0,0.0,0.0,0.0,1745.0,0.0
1970,Minnesota,Watonwan,804.0,2019,Unspecified,Unspecified,1.0,nan,,0.0,0,0,0,0.0,0,0.0,0.0,0.0,4829.0,0.0,0.0,0.0,2663.0,0.0
1971,Minnesota,Watonwan,804.0,2020,Unspecified,Unspecified,1.0,nan,,0.0,0,0,0,0.0,0,0.0,0.0,0.0,1829.0,0.0,0.0,0.0,3927.0,0.0
1972,Minnesota,Watonwan,804.0,2021,Unspecified,Unspecified,1.0,nan,,0.0,0,0,0,0.0,0,0.0,0.0,0.0,2762.0,0.0,0.0,0.0,2792.0,0.0
1973,Minnesota,Watonwan,804.0,2022,Unspecified,Unspecified,1.0,nan,,0.0,0,0,0,0.0,0,0.0,0.0,0.0,6543.0,0.0,0.0,0.0,2603.0,0.0
1974,Minnesota,Wilkin,804.0,2000,Unspecified,Unspecified,1.0,nan,,0.0,0,0,0,0.0,0,0.0,0.0,0.0,2347.0,0.0,0.0,0.0,665.0,175.0
1975,Minnesota,Wilkin,804.0,2001,Unspecified,Unspecified,1.0,nan,,0.0,0,0,0,0.0,0,0.0,0.0,0.0,2425.0,0.0,0.0,0.0,733.0,449.0
1976,Minnesota,Wilkin,804.0,2002,Unspecified,Unspecified,1.0,nan,,0.0,0,0,0,0.0,0,0.0,0.0,0.0,1917.0,0.0,0.0,0.0,783.0,185.0
1977,Minnesota,Wilkin,804.0,2003,Unspecified,Unspecified,1.0,nan,,0.0,0,0,0,0.0,0,0.0,0.0,0.0,1951.0,0.0,0.0,0.0,995.0,250.0
1978,Minnesota,Wilkin,804.0,2004,Unspecified,Unspecified,1.0,nan,,0.0,0,0,0,0.0,0,0.0,0.0,0.0,1990.0,0.0,0.0,0.0,1103.0,202.0
1979,Minnesota,Wilkin,804.0,2005,Unspecified,Unspecified,1.0,nan,,0.0,0,0,0,0.0,0,0.0,0.0,0.0,2043.0,0.0,0.0,0.0,687.0,55.0
1980,Minnesota,Wilkin,804.0,2006,Unspecified,Unspecified,1.0,nan,,0.0,0,0,0,0.0,0,0.0,0.0,0.0,2127.0,0.0,0.0,0.0,1051.0,0.0
1981,Minnesota,Wilkin,804.0,2007,Unspecified,Unspecified,1.0,nan,,0.0,0,0,0,0.0,0,0.0,0.0,0.0,2342.0,0.0,0.0,0.0,1021.0,0.0
1982,Minnesota,Wilkin,804.0,2008,Unspecified,Unspecified,1.0,nan,,0.0,0,0,0,0.0,0,0.0,0.0,0.0,1501.0,0.0,0.0,0.0,1082.0,0.0
1983,Minnesota,Wilkin,804.0,2009,Unspecified,Unspecified,1.0,nan,,0.0,0,0,0,0.0,0,0.0,0.0,0.0,1423.0,0.0,0.0,0.0,843.0,0.0
1984,Minnesota,Wilkin,804.0,2010,Unspecified,Unspecified,1.0,nan,,0.0,0,0,0,0.0,0,0.0,0.0,0.0,1301.0,0.0,0.0,0.0,1027.0,0.0
1985,Minnesota,Wilkin,804.0,2011,Unspecified,Unspecified,1.0,nan,,0.0,0,0,0,0.0,0,0.0,0.0,0.0,1210.0,0.0,0.0,0.0,949.0,0.0
1986,Minnesota,Wilkin,804.0,2012,Unspecified,Unspecified,1.0,nan,,0.0,0,0,0,0.0,0,0.0,0.0,0.0,1220.0,0.0,0.0,0.0,897.0,0.0
1987,Minnesota,Wilkin,804.0,2013,Unspecified,Unspecified,1.0,nan,,0.0,0,0,0,0.0,0,0.0,0.0,0.0,946.0,0.0,0.0,0.0,1026.0,0.0
1988,Minnesota,Wilkin,804.0,2014,Unspecified,Unspecified,1.0,nan,,0.0,0,0,0,0.0,0,0.0,0.0,0.0,1210.0,0.0,0.0,0.0,768.0,0.0
1989,Minnesota,Wilkin,804.0,2015,Unspecified,Unspecified,1.0,nan,,0.0,0,0,0,0.0,0,0.0,0.0,0.0,1270.0,0.0,0.0,0.0,738.0,0.0
1990,Minnesota,Wilkin,804.0,2016,Unspecified,Unspecified,1.0,nan,,0.0,0,0,0,0.0,0,0.0,0.0,0.0,1265.0,0.0,0.0,0.0,734.0,0.0
1991,Minnesota,Wilkin,804.0,2017,Unspecified,Unspecified,1.0,nan,,0.0,0,0,0,0.0,0,0.0,0.0,0.0,1768.0,0.0,0.0,0.0,948.0,0.0
1992,Minnesota,Wilkin,804.0,2018,Unspecified,Unspecified,1.0,nan,,0.0,0,0,0,0.0,0,0.0,0.0,0.0,2659.0,0.0,0.0,0.0,866.0,0.0
1993,Minnesota,Wilkin,804.0,2019,Unspecified,Unspecified,1.0,nan,,0.0,0,0,0,0.0,0,0.0,0.0,0.0,3033.0,0.0,0.0,0.0,742.0,0.0
1994,Minnesota,Wilkin,804.0,2020,Unspecified,Unspecified,1.0,nan,,0.0,0,0,0,0.0,0,0.0,0.0,0.0,2607.0,0.0,0.0,0.0,677.0,0.0
1995,Minnesota,Wilkin,804.0,2021,Unspecified,Unspecified,1.0,nan,,0.0,0,0,0,0.0,0,0.0,0.0,0.0,2561.0,0.0,0.0,0.0,706.0,0.0
1996,Minnesota,Wilkin,804.0,2022,Unspecified,Unspecified,1.0,nan,,0.0,0,0,0,0.0,0,0.0,0.0,0.0,2464.0,0.0,0.0,0.0,795.0,0.0
1997,Minnesota,Winona,804.0,2000,Unspecified,Unspecified,1.0,nan,,0.0,0,0,0,0.0,0,0.0,0.0,0.0,20090.0,0.0,0.0,0.0,12584.0,0.0
1998,Minnesota,Winona,804.0,2001,Unspecified,Unspecified,1.0,nan,,0.0,0,0,0,0.0,0,0.0,0.0,0.0,19092.0,0.0,0.0,0.0,13856.0,0.0
1999,Minnesota,Winona,804.0,2002,Unspecified,Unspecified,1.0,nan,,0.0,0,0,0,0.0,0,0.0,0.0,0.0,25758.0,0.0,0.0,0.0,14552.0,0.0
2000,Minnesota,Winona,804.0,2003,Unspecified,Unspecified,1.0,nan,,0.0,0,0,0,0.0,0,0.0,0.0,0.0,29604.0,0.0,0.0,0.0,17373.0,0.0
2001,Minnesota,Winona,804.0,2004,Unspecified,Unspecified,1.0,nan,,0.0,0,0,0,0.0,0,0.0,0.0,0.0,33591.0,0.0,0.0,0.0,19047.0,0.0
2002,Minnesota,Winona,804.0,2005,Unspecified,Unspecified,1.0,nan,,0.0,0,0,0,0.0,0,0.0,0.0,0.0,26929.0,0.0,0.0,0.0,19941.0,49.0
2003,Minnesota,Winona,804.0,2006,Unspecified,Unspecified,1.0,nan,,0.0,0,0,0,0.0,0,0.0,0.0,0.0,25891.0,0.0,0.0,0.0,23153.0,0.0
2004,Minnesota,Winona,804.0,2007,Unspecified,Unspecified,1.0,nan,,0.0,0,0,0,0.0,0,0.0,0.0,0.0,31639.0,0.0,0.0,0.0,27931.0,0.0
2005,Minnesota,Winona,804.0,2008,Unspecified,Unspecified,1.0,nan,,0.0,0,0,0,0.0,0,0.0,0.0,0.0,27950.0,0.0,0.0,0.0,29438.0,415.0
2006,Minnesota,Winona,804.0,2009,Unspecified,Unspecified,1.0,nan,,0.0,0,0,0,0.0,0,0.0,0.0,0.0,25117.0,0.0,0.0,0.0,31374.0,348.0
2007,Minnesota,Winona,804.0,2010,Unspecified,Unspecified,1.0,nan,,0.0,0,0,0,0.0,0,0.0,0.0,0.0,28512.0,0.0,0.0,0.0,27983.0,402.0
2008,Minnesota,Winona,804.0,2011,Unspecified,Unspecified,1.0,nan,,0.0,0,0,0,0.0,0,0.0,0.0,0.0,28689.0,0.0,0.0,0.0,24642.0,347.0
2009,Minnesota,Winona,804.0,2012,Unspecified,Unspecified,1.0,nan,,0.0,0,0,0,0.0,0,0.0,0.0,0.0,27021.0,0.0,0.0,0.0,20493.0,0.0
2010,Minnesota,Winona,804.0,2013,Unspecified,Unspecified,1.0,nan,,0.0,0,0,0,0.0,0,0.0,0.0,0.0,25038.0,0.0,0.0,0.0,24052.0,1683.0
2011,Minnesota,Winona,804.0,2014,Unspecified,Unspecified,1.0,nan,,0.0,0,0,0,0.0,0,0.0,0.0,0.0,24193.0,0.0,0.0,0.0,24321.0,1647.0
2012,Minnesota,Winona,804.0,2015,Unspecified,Unspecified,1.0,nan,,0.0,0,0,0,0.0,0,0.0,0.0,0.0,28029.0,0.0,0.0,0.0,26967.0,1620.0
2013,Minnesota,Winona,804.0,2016,Unspecified,Unspecified,1.0,nan,,0.0,0,0,0,0.0,0,0.0,0.0,0.0,23046.0,0.0,0.0,0.0,20109.0,4061.0
2014,Minnesota,Winona,804.0,2017,Unspecified,Unspecified,1.0,nan,,0.0,0,0,0,0.0,0,0.0,0.0,0.0,24607.0,0.0,0.0,0.0,20883.0,2420.0
2015,Minnesota,Winona,804.0,2018,Unspecified,Unspecified,1.0,nan,,0.0,0,0,0,0.0,0,0.0,0.0,0.0,24665.0,0.0,0.0,0.0,19887.0,2154.0
2016,Minnesota,Winona,804.0,2019,Unspecified,Unspecified,1.0,nan,,0.0,0,0,0,0.0,0,0.0,0.0,0.0,25088.0,0.0,0.0,0.0,20905.0,1354.0
2017,Minnesota,Winona,804.0,2020,Unspecified,Unspecified,1.0,nan,,0.0,0,0,0,0.0,0,0.0,0.0,0.0,25729.0,0.0,0.0,0.0,18479.0,1393.0
2018,Minnesota,Winona,804.0,2021,Unspecified,Unspecified,1.0,nan,,0.0,0,0,0,0.0,0,0.0,0.0,0.0,25602.0,0.0,0.0,0.0,19347.0,1386.0
2019,Minnesota,Winona,804.0,2022,Unspecified,Unspecified,1.0,nan,,0.0,0,0,0,0.0,0,0.0,0.0,0.0,20390.0,0.0,0.0,0.0,21949.0,1949.0
2020,Minnesota,Wright,804.0,2000,Unspecified,Unspecified,1.0,nan,,0.0,0,0,0,0.0,0,0.0,0.0,0.0,37050.0,0.0,0.0,0.0,8715.0,0.0
2021,Minnesota,Wright,804.0,2001,Unspecified,Unspecified,1.0,nan,,0.0,0,0,0,0.0,0,0.0,0.0,0.0,39735.0,0.0,0.0,0.0,9254.0,0.0
2022,Minnesota,Wright,804.0,2002,Unspecified,Unspecified,1.0,nan,,0.0,0,0,0,0.0,0,0.0,0.0,0.0,42914.0,0.0,0.0,0.0,7328.0,0.0
2023,Minnesota,Wright,804.0,2003,Unspecified,Unspecified,1.0,nan,,0.0,0,0,0,0.0,0,0.0,0.0,0.0,46217.0,0.0,0.0,0.0,8885.0,0.0
2024,Minnesota,Wright,804.0,2004,Unspecified,Unspecified,1.0,nan,,0.0,0,0,0,0.0,0,0.0,0.0,0.0,46930.0,0.0,0.0,0.0,15664.0,0.0
2025,Minnesota,Wright,804.0,2005,Unspecified,Unspecified,1.0,nan,,0.0,0,0,0,0.0,0,0.0,0.0,0.0,48000.0,0.0,0.0,0.0,16788.0,0.0
2026,Minnesota,Wright,804.0,2006,Unspecified,Unspecified,1.0,nan,,0.0,0,0,0,0.0,0,0.0,0.0,0.0,50400.0,0.0,0.0,0.0,15392.0,0.0
2027,Minnesota,Wright,804.0,2007,Unspecified,Unspecified,1.0,nan,,0.0,0,0,0,0.0,0,0.0,0.0,0.0,52920.0,0.0,0.0,0.0,8252.0,0.0
2028,Minnesota,Wright,804.0,2008,Unspecified,Unspecified,1.0,nan,,0.0,0,0,0,0.0,0,0.0,0.0,0.0,53980.0,0.0,0.0,0.0,8593.0,5.0
2029,Minnesota,Wright,804.0,2009,Unspecified,Unspecified,1.0,nan,,0.0,0,0,0,0.0,0,0.0,0.0,0.0,72059.0,0.0,0.0,0.0,13380.0,0.0
2030,Minnesota,Wright,804.0,2010,Unspecified,Unspecified,1.0,nan,,0.0,0,0,0,0.0,0,0.0,0.0,0.0,75650.0,0.0,0.0,0.0,10045.0,0.0
2031,Minnesota,Wright,804.0,2011,Unspecified,Unspecified,1.0,nan,,0.0,0,0,0,0.0,0,0.0,0.0,0.0,75700.0,0.0,0.0,0.0,10377.0,0.0
2032,Minnesota,Wright,804.0,2012,Unspecified,Unspecified,1.0,nan,,0.0,0,0,0,0.0,0,0.0,0.0,0.0,72084.0,0.0,0.0,0.0,11992.0,0.0
2033,Minnesota,Wright,804.0,2013,Unspecified,Unspecified,1.0,nan,,0.0,0,0,0,0.0,0,0.0,0.0,0.0,68925.0,0.0,0.0,0.0,13099.0,0.0
2034,Minnesota,Wright,804.0,2014,Unspecified,Unspecified,1.0,nan,,0.0,0,0,0,0.0,0,0.0,0.0,0.0,83502.0,0.0,0.0,0.0,11337.0,0.0
2035,Minnesota,Wright,804.0,2015,Unspecified,Unspecified,1.0,nan,,0.0,0,0,0,0.0,0,0.0,0.0,0.0,84134.0,0.0,0.0,0.0,12663.0,0.0
2036,Minnesota,Wright,804.0,2016,Unspecified,Unspecified,1.0,nan,,0.0,0,0,0,0.0,0,0.0,0.0,0.0,92406.0,0.0,0.0,0.0,11648.0,0.0
2037,Minnesota,Wright,804.0,2017,Unspecified,Unspecified,1.0,nan,,0.0,0,0,0,0.0,0,0.0,0.0,0.0,93846.0,0.0,0.0,0.0,15639.0,3292.0
2038,Minnesota,Wright,804.0,2018,Unspecified,Unspecified,1.0,nan,,0.0,0,0,0,0.0,0,0.0,0.0,0.0,94247.0,0.0,0.0,0.0,14542.0,6324.0
2039,Minnesota,Wright,804.0,2019,Unspecified,Unspecified,1.0,nan,,0.0,0,0,0,0.0,0,0.0,0.0,0.0,93599.0,0.0,0.0,0.0,13486.0,131.0
2040,Minnesota,Wright,804.0,2020,Unspecified,Unspecified,1.0,nan,,0.0,0,0,0,0.0,0,0.0,0.0,0.0,112091.0,0.0,0.0,0.0,11445.0,0.0
2041,Minnesota,Wright,804.0,2021,Unspecified,Unspecified,1.0,nan,,0.0,0,0,0,0.0,0,0.0,0.0,0.0,106486.0,0.0,0.0,0.0,10821.0,0.0
2042,Minnesota,Wright,804.0,2022,Unspecified,Unspecified,1.0,nan,,0.0,0,0,0,0.0,0,0.0,0.0,0.0,91149.0,0.0,0.0,0.0,15813.0,0.0
2043,Minnesota,Yellow medicine,804.0,2000,Unspecified,Unspecified,1.0,nan,,0.0,0,0,0,0.0,0,0.0,0.0,0.0,3245.0,0.0,0.0,0.0,1536.0,0.0
2044,Minnesota,Yellow medicine,804.0,2001,Unspecified,Unspecified,1.0,nan,,0.0,0,0,0,0.0,0,0.0,0.0,0.0,3236.0,0.0,0.0,0.0,1871.0,0.0
2045,Minnesota,Yellow medicine,804.0,2002,Unspecified,Unspecified,1.0,nan,,0.0,0,0,0,0.0,0,0.0,0.0,0.0,4559.0,0.0,0.0,0.0,1292.0,0.0
2046,Minnesota,Yellow medicine,804.0,2003,Unspecified,Unspecified,1.0,nan,,0.0,0,0,0,0.0,0,0.0,0.0,0.0,3975.0,0.0,0.0,0.0,1365.0,0.0
2047,Minnesota,Yellow medicine,804.0,2004,Unspecified,Unspecified,1.0,nan,,0.0,0,0,0,0.0,0,0.0,0.0,0.0,4305.0,0.0,0.0,0.0,1258.0,0.0
2048,Minnesota,Yellow medicine,804.0,2005,Unspecified,Unspecified,1.0,nan,,0.0,0,0,0,0.0,0,0.0,0.0,0.0,4904.0,0.0,0.0,0.0,1429.0,0.0
2049,Minnesota,Yellow medicine,804.0,2006,Unspecified,Unspecified,1.0,nan,,0.0,0,0,0,0.0,0,0.0,0.0,0.0,4956.0,0.0,0.0,0.0,1590.0,0.0
2050,Minnesota,Yellow medicine,804.0,2007,Unspecified,Unspecified,1.0,nan,,0.0,0,0,0,0.0,0,0.0,0.0,0.0,4897.0,0.0,0.0,0.0,1927.0,0.0
2051,Minnesota,Yellow medicine,804.0,2008,Unspecified,Unspecified,1.0,nan,,0.0,0,0,0,0.0,0,0.0,0.0,0.0,4261.0,0.0,0.0,0.0,1956.0,0.0
2052,Minnesota,Yellow medicine,804.0,2009,Unspecified,Unspecified,1.0,nan,,0.0,0,0,0,0.0,0,0.0,0.0,0.0,4477.0,0.0,0.0,0.0,1821.0,0.0
2053,Minnesota,Yellow medicine,804.0,2010,Unspecified,Unspecified,1.0,nan,,0.0,0,0,0,0.0,0,0.0,0.0,0.0,3582.0,0.0,0.0,0.0,1953.0,0.0
2054,Minnesota,Yellow medicine,804.0,2011,Unspecified,Unspecified,1.0,nan,,0.0,0,0,0,0.0,0,0.0,0.0,0.0,4391.0,0.0,0.0,0.0,4398.0,0.0
2055,Minnesota,Yellow medicine,804.0,2012,Unspecified,Unspecified,1.0,nan,,0.0,0,0,0,0.0,0,0.0,0.0,0.0,3751.0,0.0,0.0,0.0,4386.0,0.0
2056,Minnesota,Yellow medicine,804.0,2013,Unspecified,Unspecified,1.0,nan,,0.0,0,0,0,0.0,0,0.0,0.0,0.0,3914.0,0.0,0.0,0.0,4136.0,0.0
2057,Minnesota,Yellow medicine,804.0,2014,Unspecified,Unspecified,1.0,nan,,0.0,0,0,0,0.0,0,0.0,0.0,0.0,3773.0,0.0,0.0,0.0,4306.0,0.0
2058,Minnesota,Yellow medicine,804.0,2015,Unspecified,Unspecified,1.0,nan,,0.0,0,0,0,0.0,0,0.0,0.0,0.0,4448.0,0.0,0.0,0.0,1017.0,0.0
2059,Minnesota,Yellow medicine,804.0,2016,Unspecified,Unspecified,1.0,nan,,0.0,0,0,0,0.0,0,0.0,0.0,0.0,4372.0,0.0,0.0,0.0,1034.0,0.0
2060,Minnesota,Yellow medicine,804.0,2017,Unspecified,Unspecified,1.0,nan,,0.0,0,0,0,0.0,0,0.0,0.0,0.0,4407.0,0.0,0.0,0.0,1458.0,0.0
2061,Minnesota,Yellow medicine,804.0,2018,Unspecified,Unspecified,1.0,nan,,0.0,0,0,0,0.0,0,0.0,0.0,0.0,4393.0,0.0,0.0,0.0,1113.0,0.0
2062,Minnesota,Yellow medicine,804.0,2019,Unspecified,Unspecified,1.0,nan,,0.0,0,0,0,0.0,0,0.0,0.0,0.0,4472.0,0.0,0.0,0.0,1372.0,0.0
2063,Minnesota,Yellow medicine,804.0,2020,Unspecified,Unspecified,1.0,nan,,0.0,0,0,0,0.0,0,0.0,0.0,0.0,3585.0,0.0,0.0,0.0,1748.0,0.0
2064,Minnesota,Yellow medicine,804.0,2021,Unspecified,Unspecified,1.0,nan,,0.0,0,0,0,0.0,0,0.0,0.0,0.0,4725.0,0.0,0.0,0.0,3140.0,0.0
2065,Minnesota,Yellow medicine,804.0,2022,Unspecified,Unspecified,1.0,nan,,0.0,0,0,0,0.0,0,0.0,0.0,0.0,4719.0,0.0,0.0,0.0,2261.0,0.0
2066,Minnesota,,392.0,2010,Unspecified,Unspecified,2.0,nan,N,0.0,0,0,0,0.0,0,242739.0,380479.0,0.0,1638977.0,0.0,0.0,0.0,784832.0,2606460.0
2067,Minnesota,,392.0,2013,Unspecified,Unspecified,2.0,nan,N,0.0,0,0,0,0.0,0,343778.0,315145.0,0.0,1446917.0,0.0,0.0,0.0,733060.0,0.0
2068,Mississippi,Adams,164.0,2007,Unspecified,Landfill,2.0,nan,U,0.0,0,0,0,0.0,0,0.0,0.0,0.0,29427.0,0.0,0.0,0.0,0.0,0.0
2069,Mississippi,Adams,165.0,2008,Unspecified,Landfill,2.0,nan,U,0.0,0,0,0,0.0,0,0.0,0.0,0.0,29273.0,0.0,0.0,0.0,0.0,0.0
2070,Mississippi,Adams,166.0,2006,Unspecified,Landfill,2.0,nan,U,0.0,0,0,0,0.0,0,0.0,0.0,0.0,27361.0,0.0,0.0,0.0,0.0,0.0
2071,Mississippi,Adams,167.0,2003,Unspecified,Landfill,2.0,nan,U,0.0,0,0,0,0.0,0,0.0,0.0,0.0,26992.0,0.0,0.0,0.0,0.0,0.0
2072,Mississippi,Adams,168.0,2004,Unspecified,Landfill,2.0,nan,U,0.0,0,0,0,0.0,0,0.0,0.0,0.0,27115.0,0.0,0.0,0.0,0.0,0.0
2073,Mississippi,Adams,666.0,2000,Unspecified,Landfill,2.0,nan,U,0.0,0,0,0,0.0,0,0.0,0.0,0.0,33549.0,0.0,0.0,0.0,0.0,0.0
2074,Mississippi,Adams,667.0,2001,Unspecified,Landfill,2.0,nan,U,0.0,0,0,0,0.0,0,0.0,0.0,0.0,41539.0,0.0,0.0,0.0,0.0,0.0
2075,Mississippi,Adams,668.0,2002,Unspecified,Landfill,2.0,nan,U,0.0,0,0,0,0.0,0,0.0,0.0,0.0,37200.0,0.0,0.0,0.0,0.0,0.0
2076,Mississippi,Adams,669.0,2005,Unspecified,Landfill,2.0,nan,U,0.0,0,0,0,0.0,0,0.0,0.0,0.0,28049.0,0.0,0.0,0.0,0.0,0.0
2077,Mississippi,Alcorn,164.0,2007,Unspecified,Landfill,2.0,nan,U,0.0,0,0,0,0.0,0,0.0,0.0,0.0,50845.0,0.0,0.0,0.0,0.0,0.0
2078,Mississippi,Alcorn,165.0,2008,Unspecified,Landfill,2.0,nan,U,0.0,0,0,0,0.0,0,0.0,0.0,0.0,39739.0,0.0,0.0,0.0,0.0,0.0
2079,Mississippi,Alcorn,166.0,2006,Unspecified,Landfill,2.0,nan,U,0.0,0,0,0,0.0,0,0.0,0.0,0.0,44825.0,0.0,0.0,0.0,0.0,0.0
2080,Mississippi,Alcorn,167.0,2003,Unspecified,Landfill,2.0,nan,U,0.0,0,0,0,0.0,0,0.0,0.0,0.0,51256.0,0.0,0.0,0.0,0.0,0.0
2081,Mississippi,Alcorn,168.0,2004,Unspecified,Landfill,2.0,nan,U,0.0,0,0,0,0.0,0,0.0,0.0,0.0,51814.0,0.0,0.0,0.0,0.0,0.0
2082,Mississippi,Alcorn,666.0,2000,Unspecified,Landfill,2.0,nan,U,0.0,0,0,0,0.0,0,0.0,0.0,0.0,33996.0,0.0,0.0,0.0,0.0,0.0
2083,Mississippi,Alcorn,667.0,2001,Unspecified,Landfill,2.0,nan,U,0.0,0,0,0,0.0,0,0.0,0.0,0.0,41817.0,0.0,0.0,0.0,0.0,0.0
2084,Mississippi,Alcorn,668.0,2002,Unspecified,Landfill,2.0,nan,U,0.0,0,0,0,0.0,0,0.0,0.0,0.0,41439.0,0.0,0.0,0.0,0.0,0.0
2085,Mississippi,Alcorn,669.0,2005,Unspecified,Landfill,2.0,nan,U,0.0,0,0,0,0.0,0,0.0,0.0,0.0,54294.0,0.0,0.0,0.0,0.0,0.0
2086,Mississippi,Amite,164.0,2007,Unspecified,Landfill,2.0,nan,U,0.0,0,0,0,0.0,0,0.0,0.0,0.0,7632.0,0.0,0.0,0.0,0.0,0.0
2087,Mississippi,Amite,165.0,2008,Unspecified,Landfill,2.0,nan,U,0.0,0,0,0,0.0,0,0.0,0.0,0.0,10830.0,0.0,0.0,0.0,0.0,0.0
2088,Mississippi,Amite,166.0,2006,Unspecified,Landfill,2.0,nan,U,0.0,0,0,0,0.0,0,0.0,0.0,0.0,7633.0,0.0,0.0,0.0,0.0,0.0
2089,Mississippi,Amite,167.0,2003,Unspecified,Landfill,2.0,nan,U,0.0,0,0,0,0.0,0,0.0,0.0,0.0,4943.0,0.0,0.0,0.0,0.0,0.0
2090,Mississippi,Amite,168.0,2004,Unspecified,Landfill,2.0,nan,U,0.0,0,0,0,0.0,0,0.0,0.0,0.0,5631.0,0.0,0.0,0.0,0.0,0.0
2091,Mississippi,Amite,666.0,2000,Unspecified,Landfill,2.0,nan,U,0.0,0,0,0,0.0,0,0.0,0.0,0.0,4835.0,0.0,0.0,0.0,0.0,0.0
2092,Mississippi,Amite,667.0,2001,Unspecified,Landfill,2.0,nan,U,0.0,0,0,0,0.0,0,0.0,0.0,0.0,5924.0,0.0,0.0,0.0,0.0,0.0
2093,Mississippi,Amite,668.0,2002,Unspecified,Landfill,2.0,nan,U,0.0,0,0,0,0.0,0,0.0,0.0,0.0,6852.0,0.0,0.0,0.0,0.0,0.0
2094,Mississippi,Amite,669.0,2005,Unspecified,Landfill,2.0,nan,U,0.0,0,0,0,0.0,0,0.0,0.0,0.0,5428.0,0.0,0.0,0.0,0.0,0.0
2095,Mississippi,Attala,164.0,2007,Unspecified,Landfill,2.0,nan,U,0.0,0,0,0,0.0,0,0.0,0.0,0.0,29903.0,0.0,0.0,0.0,0.0,0.0
2096,Mississippi,Attala,165.0,2008,Unspecified,Landfill,2.0,nan,U,0.0,0,0,0,0.0,0,0.0,0.0,0.0,17187.0,0.0,0.0,0.0,0.0,0.0
2097,Mississippi,Attala,166.0,2006,Unspecified,Landfill,2.0,nan,U,0.0,0,0,0,0.0,0,0.0,0.0,0.0,19035.0,0.0,0.0,0.0,0.0,0.0
2098,Mississippi,Attala,167.0,2003,Unspecified,Landfill,2.0,nan,U,0.0,0,0,0,0.0,0,0.0,0.0,0.0,24961.0,0.0,0.0,0.0,0.0,0.0
2099,Mississippi,Attala,168.0,2004,Unspecified,Landfill,2.0,nan,U,0.0,0,0,0,0.0,0,0.0,0.0,0.0,28142.0,0.0,0.0,0.0,0.0,0.0
2100,Mississippi,Attala,666.0,2000,Unspecified,Landfill,2.0,nan,U,0.0,0,0,0,0.0,0,0.0,0.0,0.0,12644.0,0.0,0.0,0.0,0.0,0.0
2101,Mississippi,Attala,667.0,2001,Unspecified,Landfill,2.0,nan,U,0.0,0,0,0,0.0,0,0.0,0.0,0.0,22364.0,0.0,0.0,0.0,0.0,0.0
2102,Mississippi,Attala,668.0,2002,Unspecified,Landfill,2.0,nan,U,0.0,0,0,0,0.0,0,0.0,0.0,0.0,26472.0,0.0,0.0,0.0,0.0,0.0
2103,Mississippi,Attala,669.0,2005,Unspecified,Landfill,2.0,nan,U,0.0,0,0,0,0.0,0,0.0,0.0,0.0,25970.0,0.0,0.0,0.0,0.0,0.0
2104,Mississippi,Benton,164.0,2007,Unspecified,Landfill,2.0,nan,U,0.0,0,0,0,0.0,0,0.0,0.0,0.0,7561.0,0.0,0.0,0.0,0.0,0.0
2105,Mississippi,Benton,165.0,2008,Unspecified,Landfill,2.0,nan,U,0.0,0,0,0,0.0,0,0.0,0.0,0.0,6103.0,0.0,0.0,0.0,0.0,0.0
2106,Mississippi,Benton,166.0,2006,Unspecified,Landfill,2.0,nan,U,0.0,0,0,0,0.0,0,0.0,0.0,0.0,6309.0,0.0,0.0,0.0,0.0,0.0
2107,Mississippi,Benton,167.0,2003,Unspecified,Landfill,2.0,nan,U,0.0,0,0,0,0.0,0,0.0,0.0,0.0,6502.0,0.0,0.0,0.0,0.0,0.0
2108,Mississippi,Benton,168.0,2004,Unspecified,Landfill,2.0,nan,U,0.0,0,0,0,0.0,0,0.0,0.0,0.0,5649.0,0.0,0.0,0.0,0.0,0.0
2109,Mississippi,Benton,666.0,2000,Unspecified,Landfill,2.0,nan,U,0.0,0,0,0,0.0,0,0.0,0.0,0.0,3591.0,0.0,0.0,0.0,0.0,0.0
2110,Mississippi,Benton,667.0,2001,Unspecified,Landfill,2.0,nan,U,0.0,0,0,0,0.0,0,0.0,0.0,0.0,4131.0,0.0,0.0,0.0,0.0,0.0
2111,Mississippi,Benton,668.0,2002,Unspecified,Landfill,2.0,nan,U,0.0,0,0,0,0.0,0,0.0,0.0,0.0,5115.0,0.0,0.0,0.0,0.0,0.0
2112,Mississippi,Benton,669.0,2005,Unspecified,Landfill,2.0,nan,U,0.0,0,0,0,0.0,0,0.0,0.0,0.0,5688.0,0.0,0.0,0.0,0.0,0.0
2113,Mississippi,Bolivar,164.0,2007,Unspecified,Landfill,2.0,nan,U,0.0,0,0,0,0.0,0,0.0,0.0,0.0,26832.0,0.0,0.0,0.0,0.0,0.0
2114,Mississippi,Bolivar,165.0,2008,Unspecified,Landfill,2.0,nan,U,0.0,0,0,0,0.0,0,0.0,0.0,0.0,25115.0,0.0,0.0,0.0,0.0,0.0
2115,Mississippi,Bolivar,166.0,2006,Unspecified,Landfill,2.0,nan,U,0.0,0,0,0,0.0,0,0.0,0.0,0.0,28150.0,0.0,0.0,0.0,0.0,0.0
2116,Mississippi,Bolivar,167.0,2003,Unspecified,Landfill,2.0,nan,U,0.0,0,0,0,0.0,0,0.0,0.0,0.0,22790.0,0.0,0.0,0.0,0.0,0.0
2117,Mississippi,Bolivar,168.0,2004,Unspecified,Landfill,2.0,nan,U,0.0,0,0,0,0.0,0,0.0,0.0,0.0,22290.0,0.0,0.0,0.0,0.0,0.0
2118,Mississippi,Bolivar,666.0,2000,Unspecified,Landfill,2.0,nan,U,0.0,0,0,0,0.0,0,0.0,0.0,0.0,23179.0,0.0,0.0,0.0,0.0,0.0
2119,Mississippi,Bolivar,667.0,2001,Unspecified,Landfill,2.0,nan,U,0.0,0,0,0,0.0,0,0.0,0.0,0.0,23722.0,0.0,0.0,0.0,0.0,0.0
2120,Mississippi,Bolivar,668.0,2002,Unspecified,Landfill,2.0,nan,U,0.0,0,0,0,0.0,0,0.0,0.0,0.0,25273.0,0.0,0.0,0.0,0.0,0.0
2121,Mississippi,Bolivar,669.0,2005,Unspecified,Landfill,2.0,nan,U,0.0,0,0,0,0.0,0,0.0,0.0,0.0,23630.0,0.0,0.0,0.0,0.0,0.0
2122,Mississippi,Calhoun,164.0,2007,Unspecified,Landfill,2.0,nan,U,0.0,0,0,0,0.0,0,0.0,0.0,0.0,8936.0,0.0,0.0,0.0,0.0,0.0
2123,Mississippi,Calhoun,165.0,2008,Unspecified,Landfill,2.0,nan,U,0.0,0,0,0,0.0,0,0.0,0.0,0.0,7597.0,0.0,0.0,0.0,0.0,0.0
2124,Mississippi,Calhoun,166.0,2006,Unspecified,Landfill,2.0,nan,U,0.0,0,0,0,0.0,0,0.0,0.0,0.0,9603.0,0.0,0.0,0.0,0.0,0.0
2125,Mississippi,Calhoun,167.0,2003,Unspecified,Landfill,2.0,nan,U,0.0,0,0,0,0.0,0,0.0,0.0,0.0,8407.0,0.0,0.0,0.0,0.0,0.0
2126,Mississippi,Calhoun,168.0,2004,Unspecified,Landfill,2.0,nan,U,0.0,0,0,0,0.0,0,0.0,0.0,0.0,8304.0,0.0,0.0,0.0,0.0,0.0
2127,Mississippi,Calhoun,666.0,2000,Unspecified,Landfill,2.0,nan,U,0.0,0,0,0,0.0,0,0.0,0.0,0.0,10948.0,0.0,0.0,0.0,0.0,0.0
2128,Mississippi,Calhoun,667.0,2001,Unspecified,Landfill,2.0,nan,U,0.0,0,0,0,0.0,0,0.0,0.0,0.0,3567.0,0.0,0.0,0.0,0.0,0.0
2129,Mississippi,Calhoun,668.0,2002,Unspecified,Landfill,2.0,nan,U,0.0,0,0,0,0.0,0,0.0,0.0,0.0,9402.0,0.0,0.0,0.0,0.0,0.0
2130,Mississippi,Calhoun,669.0,2005,Unspecified,Landfill,2.0,nan,U,0.0,0,0,0,0.0,0,0.0,0.0,0.0,8204.0,0.0,0.0,0.0,0.0,0.0
2131,Mississippi,Carroll,164.0,2007,Unspecified,Landfill,2.0,nan,U,0.0,0,0,0,0.0,0,0.0,0.0,0.0,3402.0,0.0,0.0,0.0,0.0,0.0
2132,Mississippi,Carroll,165.0,2008,Unspecified,Landfill,2.0,nan,U,0.0,0,0,0,0.0,0,0.0,0.0,0.0,6227.0,0.0,0.0,0.0,0.0,0.0
2133,Mississippi,Carroll,166.0,2006,Unspecified,Landfill,2.0,nan,U,0.0,0,0,0,0.0,0,0.0,0.0,0.0,3263.0,0.0,0.0,0.0,0.0,0.0
2134,Mississippi,Carroll,167.0,2003,Unspecified,Landfill,2.0,nan,U,0.0,0,0,0,0.0,0,0.0,0.0,0.0,1486.0,0.0,0.0,0.0,0.0,0.0
2135,Mississippi,Carroll,168.0,2004,Unspecified,Landfill,2.0,nan,U,0.0,0,0,0,0.0,0,0.0,0.0,0.0,1674.0,0.0,0.0,0.0,0.0,0.0
2136,Mississippi,Carroll,666.0,2000,Unspecified,Landfill,2.0,nan,U,0.0,0,0,0,0.0,0,0.0,0.0,0.0,4556.0,0.0,0.0,0.0,0.0,0.0
2137,Mississippi,Carroll,667.0,2001,Unspecified,Landfill,2.0,nan,U,0.0,0,0,0,0.0,0,0.0,0.0,0.0,3210.0,0.0,0.0,0.0,0.0,0.0
2138,Mississippi,Carroll,668.0,2002,Unspecified,Landfill,2.0,nan,U,0.0,0,0,0,0.0,0,0.0,0.0,0.0,1390.0,0.0,0.0,0.0,0.0,0.0
2139,Mississippi,Carroll,669.0,2005,Unspecified,Landfill,2.0,nan,U,0.0,0,0,0,0.0,0,0.0,0.0,0.0,2050.0,0.0,0.0,0.0,0.0,0.0
2140,Mississippi,Chickasaw,164.0,2007,Unspecified,Landfill,2.0,nan,U,0.0,0,0,0,0.0,0,0.0,0.0,0.0,15941.0,0.0,0.0,0.0,0.0,0.0
2141,Mississippi,Chickasaw,165.0,2008,Unspecified,Landfill,2.0,nan,U,0.0,0,0,0,0.0,0,0.0,0.0,0.0,14986.0,0.0,0.0,0.0,0.0,0.0
2142,Mississippi,Chickasaw,166.0,2006,Unspecified,Landfill,2.0,nan,U,0.0,0,0,0,0.0,0,0.0,0.0,0.0,18964.0,0.0,0.0,0.0,0.0,0.0
2143,Mississippi,Chickasaw,167.0,2003,Unspecified,Landfill,2.0,nan,U,0.0,0,0,0,0.0,0,0.0,0.0,0.0,18551.0,0.0,0.0,0.0,0.0,0.0
2144,Mississippi,Chickasaw,168.0,2004,Unspecified,Landfill,2.0,nan,U,0.0,0,0,0,0.0,0,0.0,0.0,0.0,20485.0,0.0,0.0,0.0,0.0,0.0
2145,Mississippi,Chickasaw,666.0,2000,Unspecified,Landfill,2.0,nan,U,0.0,0,0,0,0.0,0,0.0,0.0,0.0,17236.0,0.0,0.0,0.0,0.0,0.0
2146,Mississippi,Chickasaw,667.0,2001,Unspecified,Landfill,2.0,nan,U,0.0,0,0,0,0.0,0,0.0,0.0,0.0,14974.0,0.0,0.0,0.0,0.0,0.0
2147,Mississippi,Chickasaw,668.0,2002,Unspecified,Landfill,2.0,nan,U,0.0,0,0,0,0.0,0,0.0,0.0,0.0,16397.0,0.0,0.0,0.0,0.0,0.0
2148,Mississippi,Chickasaw,669.0,2005,Unspecified,Landfill,2.0,nan,U,0.0,0,0,0,0.0,0,0.0,0.0,0.0,18745.0,0.0,0.0,0.0,0.0,0.0
2149,Mississippi,Choctaw,164.0,2007,Unspecified,Landfill,2.0,nan,U,0.0,0,0,0,0.0,0,0.0,0.0,0.0,7427.0,0.0,0.0,0.0,0.0,0.0
2150,Mississippi,Choctaw,165.0,2008,Unspecified,Landfill,2.0,nan,U,0.0,0,0,0,0.0,0,0.0,0.0,0.0,7463.0,0.0,0.0,0.0,0.0,0.0
2151,Mississippi,Choctaw,166.0,2006,Unspecified,Landfill,2.0,nan,U,0.0,0,0,0,0.0,0,0.0,0.0,0.0,6727.0,0.0,0.0,0.0,0.0,0.0
2152,Mississippi,Choctaw,167.0,2003,Unspecified,Landfill,2.0,nan,U,0.0,0,0,0,0.0,0,0.0,0.0,0.0,5598.0,0.0,0.0,0.0,0.0,0.0
2153,Mississippi,Choctaw,168.0,2004,Unspecified,Landfill,2.0,nan,U,0.0,0,0,0,0.0,0,0.0,0.0,0.0,4737.0,0.0,0.0,0.0,0.0,0.0
2154,Mississippi,Choctaw,666.0,2000,Unspecified,Landfill,2.0,nan,U,0.0,0,0,0,0.0,0,0.0,0.0,0.0,16182.0,0.0,0.0,0.0,0.0,0.0
2155,Mississippi,Choctaw,667.0,2001,Unspecified,Landfill,2.0,nan,U,0.0,0,0,0,0.0,0,0.0,0.0,0.0,9190.0,0.0,0.0,0.0,0.0,0.0
2156,Mississippi,Choctaw,668.0,2002,Unspecified,Landfill,2.0,nan,U,0.0,0,0,0,0.0,0,0.0,0.0,0.0,7865.0,0.0,0.0,0.0,0.0,0.0
2157,Mississippi,Choctaw,669.0,2005,Unspecified,Landfill,2.0,nan,U,0.0,0,0,0,0.0,0,0.0,0.0,0.0,4623.0,0.0,0.0,0.0,0.0,0.0
2158,Mississippi,Claiborne,164.0,2007,Unspecified,Landfill,2.0,nan,U,0.0,0,0,0,0.0,0,0.0,0.0,0.0,4018.0,0.0,0.0,0.0,0.0,0.0
2159,Mississippi,Claiborne,165.0,2008,Unspecified,Landfill,2.0,nan,U,0.0,0,0,0,0.0,0,0.0,0.0,0.0,4584.0,0.0,0.0,0.0,0.0,0.0
2160,Mississippi,Claiborne,166.0,2006,Unspecified,Landfill,2.0,nan,U,0.0,0,0,0,0.0,0,0.0,0.0,0.0,3076.0,0.0,0.0,0.0,0.0,0.0
2161,Mississippi,Claiborne,167.0,2003,Unspecified,Landfill,2.0,nan,U,0.0,0,0,0,0.0,0,0.0,0.0,0.0,3200.0,0.0,0.0,0.0,0.0,0.0
2162,Mississippi,Claiborne,168.0,2004,Unspecified,Landfill,2.0,nan,U,0.0,0,0,0,0.0,0,0.0,0.0,0.0,3366.0,0.0,0.0,0.0,0.0,0.0
2163,Mississippi,Claiborne,666.0,2000,Unspecified,Landfill,2.0,nan,U,0.0,0,0,0,0.0,0,0.0,0.0,0.0,4433.0,0.0,0.0,0.0,0.0,0.0
2164,Mississippi,Claiborne,667.0,2001,Unspecified,Landfill,2.0,nan,U,0.0,0,0,0,0.0,0,0.0,0.0,0.0,3059.0,0.0,0.0,0.0,0.0,0.0
2165,Mississippi,Claiborne,668.0,2002,Unspecified,Landfill,2.0,nan,U,0.0,0,0,0,0.0,0,0.0,0.0,0.0,2293.0,0.0,0.0,0.0,0.0,0.0
2166,Mississippi,Claiborne,669.0,2005,Unspecified,Landfill,2.0,nan,U,0.0,0,0,0,0.0,0,0.0,0.0,0.0,2934.0,0.0,0.0,0.0,0.0,0.0
2167,Mississippi,Clarke,164.0,2007,Unspecified,Landfill,2.0,nan,U,0.0,0,0,0,0.0,0,0.0,0.0,0.0,5965.0,0.0,0.0,0.0,0.0,0.0
2168,Mississippi,Clarke,165.0,2008,Unspecified,Landfill,2.0,nan,U,0.0,0,0,0,0.0,0,0.0,0.0,0.0,6224.0,0.0,0.0,0.0,0.0,0.0
2169,Mississippi,Clarke,166.0,2006,Unspecified,Landfill,2.0,nan,U,0.0,0,0,0,0.0,0,0.0,0.0,0.0,5698.0,0.0,0.0,0.0,0.0,0.0
2170,Mississippi,Clarke,167.0,2003,Unspecified,Landfill,2.0,nan,U,0.0,0,0,0,0.0,0,0.0,0.0,0.0,5627.0,0.0,0.0,0.0,0.0,0.0
2171,Mississippi,Clarke,168.0,2004,Unspecified,Landfill,2.0,nan,U,0.0,0,0,0,0.0,0,0.0,0.0,0.0,6997.0,0.0,0.0,0.0,0.0,0.0
2172,Mississippi,Clarke,666.0,2000,Unspecified,Landfill,2.0,nan,U,0.0,0,0,0,0.0,0,0.0,0.0,0.0,7991.0,0.0,0.0,0.0,0.0,0.0
2173,Mississippi,Clarke,667.0,2001,Unspecified,Landfill,2.0,nan,U,0.0,0,0,0,0.0,0,0.0,0.0,0.0,7792.0,0.0,0.0,0.0,0.0,0.0
2174,Mississippi,Clarke,668.0,2002,Unspecified,Landfill,2.0,nan,U,0.0,0,0,0,0.0,0,0.0,0.0,0.0,6968.0,0.0,0.0,0.0,0.0,0.0
2175,Mississippi,Clarke,669.0,2005,Unspecified,Landfill,2.0,nan,U,0.0,0,0,0,0.0,0,0.0,0.0,0.0,7868.0,0.0,0.0,0.0,0.0,0.0
2176,Mississippi,Clay,164.0,2007,Unspecified,Landfill,2.0,nan,U,0.0,0,0,0,0.0,0,0.0,0.0,0.0,19895.0,0.0,0.0,0.0,0.0,0.0
2177,Mississippi,Clay,165.0,2008,Unspecified,Landfill,2.0,nan,U,0.0,0,0,0,0.0,0,0.0,0.0,0.0,22091.0,0.0,0.0,0.0,0.0,0.0
2178,Mississippi,Clay,166.0,2006,Unspecified,Landfill,2.0,nan,U,0.0,0,0,0,0.0,0,0.0,0.0,0.0,21135.0,0.0,0.0,0.0,0.0,0.0
2179,Mississippi,Clay,167.0,2003,Unspecified,Landfill,2.0,nan,U,0.0,0,0,0,0.0,0,0.0,0.0,0.0,21905.0,0.0,0.0,0.0,0.0,0.0
2180,Mississippi,Clay,168.0,2004,Unspecified,Landfill,2.0,nan,U,0.0,0,0,0,0.0,0,0.0,0.0,0.0,22677.0,0.0,0.0,0.0,0.0,0.0
2181,Mississippi,Clay,666.0,2000,Unspecified,Landfill,2.0,nan,U,0.0,0,0,0,0.0,0,0.0,0.0,0.0,21315.0,0.0,0.0,0.0,0.0,0.0
2182,Mississippi,Clay,667.0,2001,Unspecified,Landfill,2.0,nan,U,0.0,0,0,0,0.0,0,0.0,0.0,0.0,23558.0,0.0,0.0,0.0,0.0,0.0
2183,Mississippi,Clay,668.0,2002,Unspecified,Landfill,2.0,nan,U,0.0,0,0,0,0.0,0,0.0,0.0,0.0,22866.0,0.0,0.0,0.0,0.0,0.0
2184,Mississippi,Clay,669.0,2005,Unspecified,Landfill,2.0,nan,U,0.0,0,0,0,0.0,0,0.0,0.0,0.0,22735.0,0.0,0.0,0.0,0.0,0.0
2185,Mississippi,Coahoma,164.0,2007,Unspecified,Landfill,2.0,nan,U,0.0,0,0,0,0.0,0,0.0,0.0,0.0,5506.0,0.0,0.0,0.0,0.0,0.0
2186,Mississippi,Coahoma,165.0,2008,Unspecified,Landfill,2.0,nan,U,0.0,0,0,0,0.0,0,0.0,0.0,0.0,6337.0,0.0,0.0,0.0,0.0,0.0
2187,Mississippi,Coahoma,166.0,2006,Unspecified,Landfill,2.0,nan,U,0.0,0,0,0,0.0,0,0.0,0.0,0.0,7983.0,0.0,0.0,0.0,0.0,0.0
2188,Mississippi,Coahoma,167.0,2003,Unspecified,Landfill,2.0,nan,U,0.0,0,0,0,0.0,0,0.0,0.0,0.0,4395.0,0.0,0.0,0.0,0.0,0.0
2189,Mississippi,Coahoma,168.0,2004,Unspecified,Landfill,2.0,nan,U,0.0,0,0,0,0.0,0,0.0,0.0,0.0,7939.0,0.0,0.0,0.0,0.0,0.0
2190,Mississippi,Coahoma,666.0,2000,Unspecified,Landfill,2.0,nan,U,0.0,0,0,0,0.0,0,0.0,0.0,0.0,7811.0,0.0,0.0,0.0,0.0,0.0
2191,Mississippi,Coahoma,667.0,2001,Unspecified,Landfill,2.0,nan,U,0.0,0,0,0,0.0,0,0.0,0.0,0.0,10822.0,0.0,0.0,0.0,0.0,0.0
2192,Mississippi,Coahoma,668.0,2002,Unspecified,Landfill,2.0,nan,U,0.0,0,0,0,0.0,0,0.0,0.0,0.0,14944.0,0.0,0.0,0.0,0.0,0.0
2193,Mississippi,Coahoma,669.0,2005,Unspecified,Landfill,2.0,nan,U,0.0,0,0,0,0.0,0,0.0,0.0,0.0,22841.0,0.0,0.0,0.0,0.0,0.0
2194,Mississippi,Copiah,164.0,2007,Unspecified,Landfill,2.0,nan,U,0.0,0,0,0,0.0,0,0.0,0.0,0.0,33732.0,0.0,0.0,0.0,0.0,0.0
2195,Mississippi,Copiah,165.0,2008,Unspecified,Landfill,2.0,nan,U,0.0,0,0,0,0.0,0,0.0,0.0,0.0,36596.0,0.0,0.0,0.0,0.0,0.0
2196,Mississippi,Copiah,166.0,2006,Unspecified,Landfill,2.0,nan,U,0.0,0,0,0,0.0,0,0.0,0.0,0.0,29842.0,0.0,0.0,0.0,0.0,0.0
2197,Mississippi,Copiah,167.0,2003,Unspecified,Landfill,2.0,nan,U,0.0,0,0,0,0.0,0,0.0,0.0,0.0,17448.0,0.0,0.0,0.0,0.0,0.0
2198,Mississippi,Copiah,168.0,2004,Unspecified,Landfill,2.0,nan,U,0.0,0,0,0,0.0,0,0.0,0.0,0.0,18247.0,0.0,0.0,0.0,0.0,0.0
2199,Mississippi,Copiah,666.0,2000,Unspecified,Landfill,2.0,nan,U,0.0,0,0,0,0.0,0,0.0,0.0,0.0,1082.0,0.0,0.0,0.0,0.0,0.0
2200,Mississippi,Copiah,667.0,2001,Unspecified,Landfill,2.0,nan,U,0.0,0,0,0,0.0,0,0.0,0.0,0.0,11385.0,0.0,0.0,0.0,0.0,0.0
2201,Mississippi,Copiah,668.0,2002,Unspecified,Landfill,2.0,nan,U,0.0,0,0,0,0.0,0,0.0,0.0,0.0,9472.0,0.0,0.0,0.0,0.0,0.0
2202,Mississippi,Copiah,669.0,2005,Unspecified,Landfill,2.0,nan,U,0.0,0,0,0,0.0,0,0.0,0.0,0.0,20592.0,0.0,0.0,0.0,0.0,0.0
2203,Mississippi,Covington,164.0,2007,Unspecified,Landfill,2.0,nan,U,0.0,0,0,0,0.0,0,0.0,0.0,0.0,9572.0,0.0,0.0,0.0,0.0,0.0
2204,Mississippi,Covington,165.0,2008,Unspecified,Landfill,2.0,nan,U,0.0,0,0,0,0.0,0,0.0,0.0,0.0,9481.0,0.0,0.0,0.0,0.0,0.0
2205,Mississippi,Covington,166.0,2006,Unspecified,Landfill,2.0,nan,U,0.0,0,0,0,0.0,0,0.0,0.0,0.0,9576.0,0.0,0.0,0.0,0.0,0.0
2206,Mississippi,Covington,167.0,2003,Unspecified,Landfill,2.0,nan,U,0.0,0,0,0,0.0,0,0.0,0.0,0.0,4924.0,0.0,0.0,0.0,0.0,0.0
2207,Mississippi,Covington,168.0,2004,Unspecified,Landfill,2.0,nan,U,0.0,0,0,0,0.0,0,0.0,0.0,0.0,5067.0,0.0,0.0,0.0,0.0,0.0
2208,Mississippi,Covington,666.0,2000,Unspecified,Landfill,2.0,nan,U,0.0,0,0,0,0.0,0,0.0,0.0,0.0,7675.0,0.0,0.0,0.0,0.0,0.0
2209,Mississippi,Covington,667.0,2001,Unspecified,Landfill,2.0,nan,U,0.0,0,0,0,0.0,0,0.0,0.0,0.0,4413.0,0.0,0.0,0.0,0.0,0.0
2210,Mississippi,Covington,668.0,2002,Unspecified,Landfill,2.0,nan,U,0.0,0,0,0,0.0,0,0.0,0.0,0.0,8067.0,0.0,0.0,0.0,0.0,0.0
2211,Mississippi,Covington,669.0,2005,Unspecified,Landfill,2.0,nan,U,0.0,0,0,0,0.0,0,0.0,0.0,0.0,7696.0,0.0,0.0,0.0,0.0,0.0
2212,Mississippi,Desoto,164.0,2007,Unspecified,Landfill,2.0,nan,U,0.0,0,0,0,0.0,0,0.0,0.0,0.0,54263.0,0.0,0.0,0.0,0.0,0.0
2213,Mississippi,Desoto,165.0,2008,Unspecified,Landfill,2.0,nan,U,0.0,0,0,0,0.0,0,0.0,0.0,0.0,57519.0,0.0,0.0,0.0,0.0,0.0
2214,Mississippi,Desoto,166.0,2006,Unspecified,Landfill,2.0,nan,U,0.0,0,0,0,0.0,0,0.0,0.0,0.0,65882.0,0.0,0.0,0.0,0.0,0.0
2215,Mississippi,Desoto,167.0,2003,Unspecified,Landfill,2.0,nan,U,0.0,0,0,0,0.0,0,0.0,0.0,0.0,16225.0,0.0,0.0,0.0,0.0,0.0
2216,Mississippi,Desoto,168.0,2004,Unspecified,Landfill,2.0,nan,U,0.0,0,0,0,0.0,0,0.0,0.0,0.0,16956.0,0.0,0.0,0.0,0.0,0.0
2217,Mississippi,Desoto,666.0,2000,Unspecified,Landfill,2.0,nan,U,0.0,0,0,0,0.0,0,0.0,0.0,0.0,13939.0,0.0,0.0,0.0,0.0,0.0
2218,Mississippi,Desoto,667.0,2001,Unspecified,Landfill,2.0,nan,U,0.0,0,0,0,0.0,0,0.0,0.0,0.0,16692.0,0.0,0.0,0.0,0.0,0.0
2219,Mississippi,Desoto,668.0,2002,Unspecified,Landfill,2.0,nan,U,0.0,0,0,0,0.0,0,0.0,0.0,0.0,13904.0,0.0,0.0,0.0,0.0,0.0
2220,Mississippi,Desoto,669.0,2005,Unspecified,Landfill,2.0,nan,U,0.0,0,0,0,0.0,0,0.0,0.0,0.0,64821.0,0.0,0.0,0.0,0.0,0.0
2221,Mississippi,Forrest,164.0,2007,Unspecified,Landfill,2.0,nan,U,0.0,0,0,0,0.0,0,0.0,0.0,0.0,90354.0,0.0,0.0,0.0,0.0,0.0
2222,Mississippi,Forrest,165.0,2008,Unspecified,Landfill,2.0,nan,U,0.0,0,0,0,0.0,0,0.0,0.0,0.0,87584.0,0.0,0.0,0.0,0.0,0.0
2223,Mississippi,Forrest,166.0,2006,Unspecified,Landfill,2.0,nan,U,0.0,0,0,0,0.0,0,0.0,0.0,0.0,88354.0,0.0,0.0,0.0,0.0,0.0
2224,Mississippi,Forrest,167.0,2003,Unspecified,Landfill,2.0,nan,U,0.0,0,0,0,0.0,0,0.0,0.0,0.0,71680.0,0.0,0.0,0.0,0.0,0.0
2225,Mississippi,Forrest,168.0,2004,Unspecified,Landfill,2.0,nan,U,0.0,0,0,0,0.0,0,0.0,0.0,0.0,34583.0,0.0,0.0,0.0,0.0,0.0
2226,Mississippi,Forrest,666.0,2000,Unspecified,Landfill,2.0,nan,U,0.0,0,0,0,0.0,0,0.0,0.0,0.0,69841.0,0.0,0.0,0.0,0.0,0.0
2227,Mississippi,Forrest,667.0,2001,Unspecified,Landfill,2.0,nan,U,0.0,0,0,0,0.0,0,0.0,0.0,0.0,64511.0,0.0,0.0,0.0,0.0,0.0
2228,Mississippi,Forrest,668.0,2002,Unspecified,Landfill,2.0,nan,U,0.0,0,0,0,0.0,0,0.0,0.0,0.0,70227.0,0.0,0.0,0.0,0.0,0.0
2229,Mississippi,Forrest,669.0,2005,Unspecified,Landfill,2.0,nan,U,0.0,0,0,0,0.0,0,0.0,0.0,0.0,67473.0,0.0,0.0,0.0,0.0,0.0
2230,Mississippi,Franklin,164.0,2007,Unspecified,Landfill,2.0,nan,U,0.0,0,0,0,0.0,0,0.0,0.0,0.0,3586.0,0.0,0.0,0.0,0.0,0.0
2231,Mississippi,Franklin,165.0,2008,Unspecified,Landfill,2.0,nan,U,0.0,0,0,0,0.0,0,0.0,0.0,0.0,3692.0,0.0,0.0,0.0,0.0,0.0
2232,Mississippi,Franklin,166.0,2006,Unspecified,Landfill,2.0,nan,U,0.0,0,0,0,0.0,0,0.0,0.0,0.0,3785.0,0.0,0.0,0.0,0.0,0.0
2233,Mississippi,Franklin,167.0,2003,Unspecified,Landfill,2.0,nan,U,0.0,0,0,0,0.0,0,0.0,0.0,0.0,3627.0,0.0,0.0,0.0,0.0,0.0
2234,Mississippi,Franklin,168.0,2004,Unspecified,Landfill,2.0,nan,U,0.0,0,0,0,0.0,0,0.0,0.0,0.0,3568.0,0.0,0.0,0.0,0.0,0.0
2235,Mississippi,Franklin,666.0,2000,Unspecified,Landfill,2.0,nan,U,0.0,0,0,0,0.0,0,0.0,0.0,0.0,3416.0,0.0,0.0,0.0,0.0,0.0
2236,Mississippi,Franklin,667.0,2001,Unspecified,Landfill,2.0,nan,U,0.0,0,0,0,0.0,0,0.0,0.0,0.0,3633.0,0.0,0.0,0.0,0.0,0.0
2237,Mississippi,Franklin,668.0,2002,Unspecified,Landfill,2.0,nan,U,0.0,0,0,0,0.0,0,0.0,0.0,0.0,3403.0,0.0,0.0,0.0,0.0,0.0
2238,Mississippi,Franklin,669.0,2005,Unspecified,Landfill,2.0,nan,U,0.0,0,0,0,0.0,0,0.0,0.0,0.0,3890.0,0.0,0.0,0.0,0.0,0.0
2239,Mississippi,George,164.0,2007,Unspecified,Landfill,2.0,nan,U,0.0,0,0,0,0.0,0,0.0,0.0,0.0,1935.0,0.0,0.0,0.0,0.0,0.0
2240,Mississippi,George,165.0,2008,Unspecified,Landfill,2.0,nan,U,0.0,0,0,0,0.0,0,0.0,0.0,0.0,949.0,0.0,0.0,0.0,0.0,0.0
2241,Mississippi,George,166.0,2006,Unspecified,Landfill,2.0,nan,U,0.0,0,0,0,0.0,0,0.0,0.0,0.0,5921.0,0.0,0.0,0.0,0.0,0.0
2242,Mississippi,George,167.0,2003,Unspecified,Landfill,2.0,nan,U,0.0,0,0,0,0.0,0,0.0,0.0,0.0,3473.0,0.0,0.0,0.0,0.0,0.0
2243,Mississippi,George,168.0,2004,Unspecified,Landfill,2.0,nan,U,0.0,0,0,0,0.0,0,0.0,0.0,0.0,26.0,0.0,0.0,0.0,0.0,0.0
2244,Mississippi,George,666.0,2000,Unspecified,Landfill,2.0,nan,U,0.0,0,0,0,0.0,0,0.0,0.0,0.0,6402.0,0.0,0.0,0.0,0.0,0.0
2245,Mississippi,George,667.0,2001,Unspecified,Landfill,2.0,nan,U,0.0,0,0,0,0.0,0,0.0,0.0,0.0,3403.0,0.0,0.0,0.0,0.0,0.0
2246,Mississippi,George,668.0,2002,Unspecified,Landfill,2.0,nan,U,0.0,0,0,0,0.0,0,0.0,0.0,0.0,6887.0,0.0,0.0,0.0,0.0,0.0
2247,Mississippi,George,669.0,2005,Unspecified,Landfill,2.0,nan,U,0.0,0,0,0,0.0,0,0.0,0.0,0.0,10.0,0.0,0.0,0.0,0.0,0.0
2248,Mississippi,Greene,164.0,2007,Unspecified,Landfill,2.0,nan,U,0.0,0,0,0,0.0,0,0.0,0.0,0.0,5023.0,0.0,0.0,0.0,0.0,0.0
2249,Mississippi,Greene,165.0,2008,Unspecified,Landfill,2.0,nan,U,0.0,0,0,0,0.0,0,0.0,0.0,0.0,5074.0,0.0,0.0,0.0,0.0,0.0
2250,Mississippi,Greene,166.0,2006,Unspecified,Landfill,2.0,nan,U,0.0,0,0,0,0.0,0,0.0,0.0,0.0,4681.0,0.0,0.0,0.0,0.0,0.0
2251,Mississippi,Greene,167.0,2003,Unspecified,Landfill,2.0,nan,U,0.0,0,0,0,0.0,0,0.0,0.0,0.0,2847.0,0.0,0.0,0.0,0.0,0.0
2252,Mississippi,Greene,168.0,2004,Unspecified,Landfill,2.0,nan,U,0.0,0,0,0,0.0,0,0.0,0.0,0.0,2974.0,0.0,0.0,0.0,0.0,0.0
2253,Mississippi,Greene,666.0,2000,Unspecified,Landfill,2.0,nan,U,0.0,0,0,0,0.0,0,0.0,0.0,0.0,3556.0,0.0,0.0,0.0,0.0,0.0
2254,Mississippi,Greene,667.0,2001,Unspecified,Landfill,2.0,nan,U,0.0,0,0,0,0.0,0,0.0,0.0,0.0,3139.0,0.0,0.0,0.0,0.0,0.0
2255,Mississippi,Greene,668.0,2002,Unspecified,Landfill,2.0,nan,U,0.0,0,0,0,0.0,0,0.0,0.0,0.0,2789.0,0.0,0.0,0.0,0.0,0.0
2256,Mississippi,Greene,669.0,2005,Unspecified,Landfill,2.0,nan,U,0.0,0,0,0,0.0,0,0.0,0.0,0.0,3134.0,0.0,0.0,0.0,0.0,0.0
2257,Mississippi,Grenada,164.0,2007,Unspecified,Landfill,2.0,nan,U,0.0,0,0,0,0.0,0,0.0,0.0,0.0,25870.0,0.0,0.0,0.0,0.0,0.0
2258,Mississippi,Grenada,165.0,2008,Unspecified,Landfill,2.0,nan,U,0.0,0,0,0,0.0,0,0.0,0.0,0.0,41735.0,0.0,0.0,0.0,0.0,0.0
2259,Mississippi,Grenada,166.0,2006,Unspecified,Landfill,2.0,nan,U,0.0,0,0,0,0.0,0,0.0,0.0,0.0,33817.0,0.0,0.0,0.0,0.0,0.0
2260,Mississippi,Grenada,167.0,2003,Unspecified,Landfill,2.0,nan,U,0.0,0,0,0,0.0,0,0.0,0.0,0.0,55519.0,0.0,0.0,0.0,0.0,0.0
2261,Mississippi,Grenada,168.0,2004,Unspecified,Landfill,2.0,nan,U,0.0,0,0,0,0.0,0,0.0,0.0,0.0,51902.0,0.0,0.0,0.0,0.0,0.0
2262,Mississippi,Grenada,666.0,2000,Unspecified,Landfill,2.0,nan,U,0.0,0,0,0,0.0,0,0.0,0.0,0.0,42834.0,0.0,0.0,0.0,0.0,0.0
2263,Mississippi,Grenada,667.0,2001,Unspecified,Landfill,2.0,nan,U,0.0,0,0,0,0.0,0,0.0,0.0,0.0,41412.0,0.0,0.0,0.0,0.0,0.0
2264,Mississippi,Grenada,668.0,2002,Unspecified,Landfill,2.0,nan,U,0.0,0,0,0,0.0,0,0.0,0.0,0.0,46036.0,0.0,0.0,0.0,0.0,0.0
2265,Mississippi,Grenada,669.0,2005,Unspecified,Landfill,2.0,nan,U,0.0,0,0,0,0.0,0,0.0,0.0,0.0,48694.0,0.0,0.0,0.0,0.0,0.0
2266,Mississippi,Hancock,164.0,2007,Unspecified,Landfill,2.0,nan,U,0.0,0,0,0,0.0,0,0.0,0.0,0.0,50903.0,0.0,0.0,0.0,0.0,0.0
2267,Mississippi,Hancock,165.0,2008,Unspecified,Landfill,2.0,nan,U,0.0,0,0,0,0.0,0,0.0,0.0,0.0,56597.0,0.0,0.0,0.0,0.0,0.0
2268,Mississippi,Hancock,166.0,2006,Unspecified,Landfill,2.0,nan,U,0.0,0,0,0,0.0,0,0.0,0.0,0.0,116822.0,0.0,0.0,0.0,0.0,0.0
2269,Mississippi,Hancock,167.0,2003,Unspecified,Landfill,2.0,nan,U,0.0,0,0,0,0.0,0,0.0,0.0,0.0,50279.0,0.0,0.0,0.0,0.0,0.0
2270,Mississippi,Hancock,168.0,2004,Unspecified,Landfill,2.0,nan,U,0.0,0,0,0,0.0,0,0.0,0.0,0.0,53317.0,0.0,0.0,0.0,0.0,0.0
2271,Mississippi,Hancock,666.0,2000,Unspecified,Landfill,2.0,nan,U,0.0,0,0,0,0.0,0,0.0,0.0,0.0,32499.0,0.0,0.0,0.0,0.0,0.0
2272,Mississippi,Hancock,667.0,2001,Unspecified,Landfill,2.0,nan,U,0.0,0,0,0,0.0,0,0.0,0.0,0.0,41660.0,0.0,0.0,0.0,0.0,0.0
2273,Mississippi,Hancock,668.0,2002,Unspecified,Landfill,2.0,nan,U,0.0,0,0,0,0.0,0,0.0,0.0,0.0,45067.0,0.0,0.0,0.0,0.0,0.0
2274,Mississippi,Hancock,669.0,2005,Unspecified,Landfill,2.0,nan,U,0.0,0,0,0,0.0,0,0.0,0.0,0.0,68573.0,0.0,0.0,0.0,0.0,0.0
2275,Mississippi,Harrison,164.0,2007,Unspecified,Landfill,2.0,nan,U,0.0,0,0,0,0.0,0,0.0,0.0,0.0,184951.0,0.0,0.0,0.0,0.0,0.0
2276,Mississippi,Harrison,165.0,2008,Unspecified,Landfill,2.0,nan,U,0.0,0,0,0,0.0,0,0.0,0.0,0.0,174698.0,0.0,0.0,0.0,0.0,0.0
2277,Mississippi,Harrison,166.0,2006,Unspecified,Landfill,2.0,nan,U,0.0,0,0,0,0.0,0,0.0,0.0,0.0,356140.0,0.0,0.0,0.0,0.0,0.0
2278,Mississippi,Harrison,167.0,2003,Unspecified,Landfill,2.0,nan,U,0.0,0,0,0,0.0,0,0.0,0.0,0.0,170439.0,0.0,0.0,0.0,0.0,0.0
2279,Mississippi,Harrison,168.0,2004,Unspecified,Landfill,2.0,nan,U,0.0,0,0,0,0.0,0,0.0,0.0,0.0,185527.0,0.0,0.0,0.0,0.0,0.0
2280,Mississippi,Harrison,666.0,2000,Unspecified,Landfill,2.0,nan,U,0.0,0,0,0,0.0,0,0.0,0.0,0.0,179713.0,0.0,0.0,0.0,0.0,0.0
2281,Mississippi,Harrison,667.0,2001,Unspecified,Landfill,2.0,nan,U,0.0,0,0,0,0.0,0,0.0,0.0,0.0,158577.0,0.0,0.0,0.0,0.0,0.0
2282,Mississippi,Harrison,668.0,2002,Unspecified,Landfill,2.0,nan,U,0.0,0,0,0,0.0,0,0.0,0.0,0.0,163954.0,0.0,0.0,0.0,0.0,0.0
2283,Mississippi,Harrison,669.0,2005,Unspecified,Landfill,2.0,nan,U,0.0,0,0,0,0.0,0,0.0,0.0,0.0,252813.0,0.0,0.0,0.0,0.0,0.0
2284,Mississippi,Hinds,164.0,2007,Unspecified,Landfill,2.0,nan,U,0.0,0,0,0,0.0,0,0.0,0.0,0.0,240933.0,0.0,0.0,0.0,0.0,0.0
2285,Mississippi,Hinds,165.0,2008,Unspecified,Landfill,2.0,nan,U,0.0,0,0,0,0.0,0,0.0,0.0,0.0,224461.0,0.0,0.0,0.0,0.0,0.0
2286,Mississippi,Hinds,166.0,2006,Unspecified,Landfill,2.0,nan,U,0.0,0,0,0,0.0,0,0.0,0.0,0.0,284741.0,0.0,0.0,0.0,0.0,0.0
2287,Mississippi,Hinds,167.0,2003,Unspecified,Landfill,2.0,nan,U,0.0,0,0,0,0.0,0,0.0,0.0,0.0,356543.0,0.0,0.0,0.0,0.0,0.0
2288,Mississippi,Hinds,168.0,2004,Unspecified,Landfill,2.0,nan,U,0.0,0,0,0,0.0,0,0.0,0.0,0.0,337953.0,0.0,0.0,0.0,0.0,0.0
2289,Mississippi,Hinds,666.0,2000,Unspecified,Landfill,2.0,nan,U,0.0,0,0,0,0.0,0,0.0,0.0,0.0,392230.0,0.0,0.0,0.0,0.0,0.0
2290,Mississippi,Hinds,667.0,2001,Unspecified,Landfill,2.0,nan,U,0.0,0,0,0,0.0,0,0.0,0.0,0.0,391874.0,0.0,0.0,0.0,0.0,0.0
2291,Mississippi,Hinds,668.0,2002,Unspecified,Landfill,2.0,nan,U,0.0,0,0,0,0.0,0,0.0,0.0,0.0,375289.0,0.0,0.0,0.0,0.0,0.0
2292,Mississippi,Hinds,669.0,2005,Unspecified,Landfill,2.0,nan,U,0.0,0,0,0,0.0,0,0.0,0.0,0.0,365221.0,0.0,0.0,0.0,0.0,0.0
2293,Mississippi,Holmes,164.0,2007,Unspecified,Landfill,2.0,nan,U,0.0,0,0,0,0.0,0,0.0,0.0,0.0,12742.0,0.0,0.0,0.0,0.0,0.0
2294,Mississippi,Holmes,165.0,2008,Unspecified,Landfill,2.0,nan,U,0.0,0,0,0,0.0,0,0.0,0.0,0.0,11818.0,0.0,0.0,0.0,0.0,0.0
2295,Mississippi,Holmes,166.0,2006,Unspecified,Landfill,2.0,nan,U,0.0,0,0,0,0.0,0,0.0,0.0,0.0,13878.0,0.0,0.0,0.0,0.0,0.0
2296,Mississippi,Holmes,167.0,2003,Unspecified,Landfill,2.0,nan,U,0.0,0,0,0,0.0,0,0.0,0.0,0.0,7667.0,0.0,0.0,0.0,0.0,0.0
2297,Mississippi,Holmes,168.0,2004,Unspecified,Landfill,2.0,nan,U,0.0,0,0,0,0.0,0,0.0,0.0,0.0,7516.0,0.0,0.0,0.0,0.0,0.0
2298,Mississippi,Holmes,666.0,2000,Unspecified,Landfill,2.0,nan,U,0.0,0,0,0,0.0,0,0.0,0.0,0.0,15618.0,0.0,0.0,0.0,0.0,0.0
2299,Mississippi,Holmes,667.0,2001,Unspecified,Landfill,2.0,nan,U,0.0,0,0,0,0.0,0,0.0,0.0,0.0,7931.0,0.0,0.0,0.0,0.0,0.0
2300,Mississippi,Holmes,668.0,2002,Unspecified,Landfill,2.0,nan,U,0.0,0,0,0,0.0,0,0.0,0.0,0.0,6863.0,0.0,0.0,0.0,0.0,0.0
2301,Mississippi,Holmes,669.0,2005,Unspecified,Landfill,2.0,nan,U,0.0,0,0,0,0.0,0,0.0,0.0,0.0,8168.0,0.0,0.0,0.0,0.0,0.0
2302,Mississippi,Humphreys,164.0,2007,Unspecified,Landfill,2.0,nan,U,0.0,0,0,0,0.0,0,0.0,0.0,0.0,8182.0,0.0,0.0,0.0,0.0,0.0
2303,Mississippi,Humphreys,165.0,2008,Unspecified,Landfill,2.0,nan,U,0.0,0,0,0,0.0,0,0.0,0.0,0.0,7268.0,0.0,0.0,0.0,0.0,0.0
2304,Mississippi,Humphreys,166.0,2006,Unspecified,Landfill,2.0,nan,U,0.0,0,0,0,0.0,0,0.0,0.0,0.0,7674.0,0.0,0.0,0.0,0.0,0.0
2305,Mississippi,Humphreys,167.0,2003,Unspecified,Landfill,2.0,nan,U,0.0,0,0,0,0.0,0,0.0,0.0,0.0,6756.0,0.0,0.0,0.0,0.0,0.0
2306,Mississippi,Humphreys,168.0,2004,Unspecified,Landfill,2.0,nan,U,0.0,0,0,0,0.0,0,0.0,0.0,0.0,8621.0,0.0,0.0,0.0,0.0,0.0
2307,Mississippi,Humphreys,666.0,2000,Unspecified,Landfill,2.0,nan,U,0.0,0,0,0,0.0,0,0.0,0.0,0.0,6437.0,0.0,0.0,0.0,0.0,0.0
2308,Mississippi,Humphreys,667.0,2001,Unspecified,Landfill,2.0,nan,U,0.0,0,0,0,0.0,0,0.0,0.0,0.0,7543.0,0.0,0.0,0.0,0.0,0.0
2309,Mississippi,Humphreys,668.0,2002,Unspecified,Landfill,2.0,nan,U,0.0,0,0,0,0.0,0,0.0,0.0,0.0,7650.0,0.0,0.0,0.0,0.0,0.0
2310,Mississippi,Humphreys,669.0,2005,Unspecified,Landfill,2.0,nan,U,0.0,0,0,0,0.0,0,0.0,0.0,0.0,9980.0,0.0,0.0,0.0,0.0,0.0
2311,Mississippi,Issaquena,164.0,2007,Unspecified,Landfill,2.0,nan,U,0.0,0,0,0,0.0,0,0.0,0.0,0.0,55.0,0.0,0.0,0.0,0.0,0.0
2312,Mississippi,Issaquena,165.0,2008,Unspecified,Landfill,2.0,nan,U,0.0,0,0,0,0.0,0,0.0,0.0,0.0,96.0,0.0,0.0,0.0,0.0,0.0
2313,Mississippi,Issaquena,166.0,2006,Unspecified,Landfill,2.0,nan,U,0.0,0,0,0,0.0,0,0.0,0.0,0.0,945.0,0.0,0.0,0.0,0.0,0.0
2314,Mississippi,Issaquena,167.0,2003,Unspecified,Landfill,2.0,nan,U,0.0,0,0,0,0.0,0,0.0,0.0,0.0,23.0,0.0,0.0,0.0,0.0,0.0
2315,Mississippi,Issaquena,168.0,2004,Unspecified,Landfill,2.0,nan,U,0.0,0,0,0,0.0,0,0.0,0.0,0.0,13.0,0.0,0.0,0.0,0.0,0.0
2316,Mississippi,Issaquena,666.0,2000,Unspecified,Landfill,2.0,nan,U,0.0,0,0,0,0.0,0,0.0,0.0,0.0,237.0,0.0,0.0,0.0,0.0,0.0
2317,Mississippi,Issaquena,667.0,2001,Unspecified,Landfill,2.0,nan,U,0.0,0,0,0,0.0,0,0.0,0.0,0.0,0.0,0.0,0.0,0.0,0.0,0.0
2318,Mississippi,Issaquena,668.0,2002,Unspecified,Landfill,2.0,nan,U,0.0,0,0,0,0.0,0,0.0,0.0,0.0,11.0,0.0,0.0,0.0,0.0,0.0
2319,Mississippi,Issaquena,669.0,2005,Unspecified,Landfill,2.0,nan,U,0.0,0,0,0,0.0,0,0.0,0.0,0.0,63.0,0.0,0.0,0.0,0.0,0.0
2320,Mississippi,Itawamba,164.0,2007,Unspecified,Landfill,2.0,nan,U,0.0,0,0,0,0.0,0,0.0,0.0,0.0,5499.0,0.0,0.0,0.0,0.0,0.0
2321,Mississippi,Itawamba,165.0,2008,Unspecified,Landfill,2.0,nan,U,0.0,0,0,0,0.0,0,0.0,0.0,0.0,15834.0,0.0,0.0,0.0,0.0,0.0
2322,Mississippi,Itawamba,166.0,2006,Unspecified,Landfill,2.0,nan,U,0.0,0,0,0,0.0,0,0.0,0.0,0.0,11262.0,0.0,0.0,0.0,0.0,0.0
2323,Mississippi,Itawamba,167.0,2003,Unspecified,Landfill,2.0,nan,U,0.0,0,0,0,0.0,0,0.0,0.0,0.0,18308.0,0.0,0.0,0.0,0.0,0.0
2324,Mississippi,Itawamba,168.0,2004,Unspecified,Landfill,2.0,nan,U,0.0,0,0,0,0.0,0,0.0,0.0,0.0,15344.0,0.0,0.0,0.0,0.0,0.0
2325,Mississippi,Itawamba,666.0,2000,Unspecified,Landfill,2.0,nan,U,0.0,0,0,0,0.0,0,0.0,0.0,0.0,6677.0,0.0,0.0,0.0,0.0,0.0
2326,Mississippi,Itawamba,667.0,2001,Unspecified,Landfill,2.0,nan,U,0.0,0,0,0,0.0,0,0.0,0.0,0.0,10633.0,0.0,0.0,0.0,0.0,0.0
2327,Mississippi,Itawamba,668.0,2002,Unspecified,Landfill,2.0,nan,U,0.0,0,0,0,0.0,0,0.0,0.0,0.0,17189.0,0.0,0.0,0.0,0.0,0.0
2328,Mississippi,Itawamba,669.0,2005,Unspecified,Landfill,2.0,nan,U,0.0,0,0,0,0.0,0,0.0,0.0,0.0,11840.0,0.0,0.0,0.0,0.0,0.0
2329,Mississippi,Jackson,164.0,2007,Unspecified,Landfill,2.0,nan,U,0.0,0,0,0,0.0,0,0.0,0.0,0.0,110287.0,0.0,0.0,0.0,0.0,0.0
2330,Mississippi,Jackson,165.0,2008,Unspecified,Landfill,2.0,nan,U,0.0,0,0,0,0.0,0,0.0,0.0,0.0,173675.0,0.0,0.0,0.0,0.0,0.0
2331,Mississippi,Jackson,166.0,2006,Unspecified,Landfill,2.0,nan,U,0.0,0,0,0,0.0,0,0.0,0.0,0.0,126501.0,0.0,0.0,0.0,0.0,0.0
2332,Mississippi,Jackson,167.0,2003,Unspecified,Landfill,2.0,nan,U,0.0,0,0,0,0.0,0,0.0,0.0,0.0,41610.0,0.0,0.0,0.0,0.0,0.0
2333,Mississippi,Jackson,168.0,2004,Unspecified,Landfill,2.0,nan,U,0.0,0,0,0,0.0,0,0.0,0.0,0.0,46690.0,0.0,0.0,0.0,0.0,0.0
2334,Mississippi,Jackson,666.0,2000,Unspecified,Landfill,2.0,nan,U,0.0,0,0,0,0.0,0,0.0,0.0,0.0,87694.0,0.0,0.0,0.0,0.0,0.0
2335,Mississippi,Jackson,667.0,2001,Unspecified,Landfill,2.0,nan,U,0.0,0,0,0,0.0,0,0.0,0.0,0.0,71458.0,0.0,0.0,0.0,0.0,0.0
2336,Mississippi,Jackson,668.0,2002,Unspecified,Landfill,2.0,nan,U,0.0,0,0,0,0.0,0,0.0,0.0,0.0,55322.0,0.0,0.0,0.0,0.0,0.0
2337,Mississippi,Jackson,669.0,2005,Unspecified,Landfill,2.0,nan,U,0.0,0,0,0,0.0,0,0.0,0.0,0.0,76774.0,0.0,0.0,0.0,0.0,0.0
2338,Mississippi,Jasper,164.0,2007,Unspecified,Landfill,2.0,nan,U,0.0,0,0,0,0.0,0,0.0,0.0,0.0,9912.0,0.0,0.0,0.0,0.0,0.0
2339,Mississippi,Jasper,165.0,2008,Unspecified,Landfill,2.0,nan,U,0.0,0,0,0,0.0,0,0.0,0.0,0.0,13604.0,0.0,0.0,0.0,0.0,0.0
2340,Mississippi,Jasper,166.0,2006,Unspecified,Landfill,2.0,nan,U,0.0,0,0,0,0.0,0,0.0,0.0,0.0,10310.0,0.0,0.0,0.0,0.0,0.0
2341,Mississippi,Jasper,167.0,2003,Unspecified,Landfill,2.0,nan,U,0.0,0,0,0,0.0,0,0.0,0.0,0.0,9043.0,0.0,0.0,0.0,0.0,0.0
2342,Mississippi,Jasper,168.0,2004,Unspecified,Landfill,2.0,nan,U,0.0,0,0,0,0.0,0,0.0,0.0,0.0,8961.0,0.0,0.0,0.0,0.0,0.0
2343,Mississippi,Jasper,666.0,2000,Unspecified,Landfill,2.0,nan,U,0.0,0,0,0,0.0,0,0.0,0.0,0.0,8309.0,0.0,0.0,0.0,0.0,0.0
2344,Mississippi,Jasper,667.0,2001,Unspecified,Landfill,2.0,nan,U,0.0,0,0,0,0.0,0,0.0,0.0,0.0,7879.0,0.0,0.0,0.0,0.0,0.0
2345,Mississippi,Jasper,668.0,2002,Unspecified,Landfill,2.0,nan,U,0.0,0,0,0,0.0,0,0.0,0.0,0.0,9155.0,0.0,0.0,0.0,0.0,0.0
2346,Mississippi,Jasper,669.0,2005,Unspecified,Landfill,2.0,nan,U,0.0,0,0,0,0.0,0,0.0,0.0,0.0,10652.0,0.0,0.0,0.0,0.0,0.0
2347,Mississippi,Jefferson,164.0,2007,Unspecified,Landfill,2.0,nan,U,0.0,0,0,0,0.0,0,0.0,0.0,0.0,3372.0,0.0,0.0,0.0,0.0,0.0
2348,Mississippi,Jefferson,165.0,2008,Unspecified,Landfill,2.0,nan,U,0.0,0,0,0,0.0,0,0.0,0.0,0.0,2822.0,0.0,0.0,0.0,0.0,0.0
2349,Mississippi,Jefferson,166.0,2006,Unspecified,Landfill,2.0,nan,U,0.0,0,0,0,0.0,0,0.0,0.0,0.0,3233.0,0.0,0.0,0.0,0.0,0.0
2350,Mississippi,Jefferson,167.0,2003,Unspecified,Landfill,2.0,nan,U,0.0,0,0,0,0.0,0,0.0,0.0,0.0,3318.0,0.0,0.0,0.0,0.0,0.0
2351,Mississippi,Jefferson,168.0,2004,Unspecified,Landfill,2.0,nan,U,0.0,0,0,0,0.0,0,0.0,0.0,0.0,3281.0,0.0,0.0,0.0,0.0,0.0
2352,Mississippi,Jefferson,666.0,2000,Unspecified,Landfill,2.0,nan,U,0.0,0,0,0,0.0,0,0.0,0.0,0.0,4013.0,0.0,0.0,0.0,0.0,0.0
2353,Mississippi,Jefferson,667.0,2001,Unspecified,Landfill,2.0,nan,U,0.0,0,0,0,0.0,0,0.0,0.0,0.0,3646.0,0.0,0.0,0.0,0.0,0.0
2354,Mississippi,Jefferson,668.0,2002,Unspecified,Landfill,2.0,nan,U,0.0,0,0,0,0.0,0,0.0,0.0,0.0,4708.0,0.0,0.0,0.0,0.0,0.0
2355,Mississippi,Jefferson,669.0,2005,Unspecified,Landfill,2.0,nan,U,0.0,0,0,0,0.0,0,0.0,0.0,0.0,2750.0,0.0,0.0,0.0,0.0,0.0
2356,Mississippi,Jefferson davis,164.0,2007,Unspecified,Landfill,2.0,nan,U,0.0,0,0,0,0.0,0,0.0,0.0,0.0,4211.0,0.0,0.0,0.0,0.0,0.0
2357,Mississippi,Jefferson davis,165.0,2008,Unspecified,Landfill,2.0,nan,U,0.0,0,0,0,0.0,0,0.0,0.0,0.0,8111.0,0.0,0.0,0.0,0.0,0.0
2358,Mississippi,Jefferson davis,166.0,2006,Unspecified,Landfill,2.0,nan,U,0.0,0,0,0,0.0,0,0.0,0.0,0.0,5184.0,0.0,0.0,0.0,0.0,0.0
2359,Mississippi,Jefferson davis,167.0,2003,Unspecified,Landfill,2.0,nan,U,0.0,0,0,0,0.0,0,0.0,0.0,0.0,906.0,0.0,0.0,0.0,0.0,0.0
2360,Mississippi,Jefferson davis,168.0,2004,Unspecified,Landfill,2.0,nan,U,0.0,0,0,0,0.0,0,0.0,0.0,0.0,2966.0,0.0,0.0,0.0,0.0,0.0
2361,Mississippi,Jefferson davis,666.0,2000,Unspecified,Landfill,2.0,nan,U,0.0,0,0,0,0.0,0,0.0,0.0,0.0,98.0,0.0,0.0,0.0,0.0,0.0
2362,Mississippi,Jefferson davis,667.0,2001,Unspecified,Landfill,2.0,nan,U,0.0,0,0,0,0.0,0,0.0,0.0,0.0,19.0,0.0,0.0,0.0,0.0,0.0
2363,Mississippi,Jefferson davis,668.0,2002,Unspecified,Landfill,2.0,nan,U,0.0,0,0,0,0.0,0,0.0,0.0,0.0,16.0,0.0,0.0,0.0,0.0,0.0
2364,Mississippi,Jefferson davis,669.0,2005,Unspecified,Landfill,2.0,nan,U,0.0,0,0,0,0.0,0,0.0,0.0,0.0,2863.0,0.0,0.0,0.0,0.0,0.0
2365,Mississippi,Jones,164.0,2007,Unspecified,Landfill,2.0,nan,U,0.0,0,0,0,0.0,0,0.0,0.0,0.0,64611.0,0.0,0.0,0.0,0.0,0.0
2366,Mississippi,Jones,165.0,2008,Unspecified,Landfill,2.0,nan,U,0.0,0,0,0,0.0,0,0.0,0.0,0.0,72912.0,0.0,0.0,0.0,0.0,0.0
2367,Mississippi,Jones,166.0,2006,Unspecified,Landfill,2.0,nan,U,0.0,0,0,0,0.0,0,0.0,0.0,0.0,61350.0,0.0,0.0,0.0,0.0,0.0
2368,Mississippi,Jones,167.0,2003,Unspecified,Landfill,2.0,nan,U,0.0,0,0,0,0.0,0,0.0,0.0,0.0,57607.0,0.0,0.0,0.0,0.0,0.0
2369,Mississippi,Jones,168.0,2004,Unspecified,Landfill,2.0,nan,U,0.0,0,0,0,0.0,0,0.0,0.0,0.0,45945.0,0.0,0.0,0.0,0.0,0.0
2370,Mississippi,Jones,666.0,2000,Unspecified,Landfill,2.0,nan,U,0.0,0,0,0,0.0,0,0.0,0.0,0.0,56688.0,0.0,0.0,0.0,0.0,0.0
2371,Mississippi,Jones,667.0,2001,Unspecified,Landfill,2.0,nan,U,0.0,0,0,0,0.0,0,0.0,0.0,0.0,39161.0,0.0,0.0,0.0,0.0,0.0
2372,Mississippi,Jones,668.0,2002,Unspecified,Landfill,2.0,nan,U,0.0,0,0,0,0.0,0,0.0,0.0,0.0,46579.0,0.0,0.0,0.0,0.0,0.0
2373,Mississippi,Jones,669.0,2005,Unspecified,Landfill,2.0,nan,U,0.0,0,0,0,0.0,0,0.0,0.0,0.0,76186.0,0.0,0.0,0.0,0.0,0.0
2374,Mississippi,Kemper,164.0,2007,Unspecified,Landfill,2.0,nan,U,0.0,0,0,0,0.0,0,0.0,0.0,0.0,3510.0,0.0,0.0,0.0,0.0,0.0
2375,Mississippi,Kemper,165.0,2008,Unspecified,Landfill,2.0,nan,U,0.0,0,0,0,0.0,0,0.0,0.0,0.0,4301.0,0.0,0.0,0.0,0.0,0.0
2376,Mississippi,Kemper,166.0,2006,Unspecified,Landfill,2.0,nan,U,0.0,0,0,0,0.0,0,0.0,0.0,0.0,3780.0,0.0,0.0,0.0,0.0,0.0
2377,Mississippi,Kemper,167.0,2003,Unspecified,Landfill,2.0,nan,U,0.0,0,0,0,0.0,0,0.0,0.0,0.0,5576.0,0.0,0.0,0.0,0.0,0.0
2378,Mississippi,Kemper,168.0,2004,Unspecified,Landfill,2.0,nan,U,0.0,0,0,0,0.0,0,0.0,0.0,0.0,4059.0,0.0,0.0,0.0,0.0,0.0
2379,Mississippi,Kemper,666.0,2000,Unspecified,Landfill,2.0,nan,U,0.0,0,0,0,0.0,0,0.0,0.0,0.0,3477.0,0.0,0.0,0.0,0.0,0.0
2380,Mississippi,Kemper,667.0,2001,Unspecified,Landfill,2.0,nan,U,0.0,0,0,0,0.0,0,0.0,0.0,0.0,3848.0,0.0,0.0,0.0,0.0,0.0
2381,Mississippi,Kemper,668.0,2002,Unspecified,Landfill,2.0,nan,U,0.0,0,0,0,0.0,0,0.0,0.0,0.0,4798.0,0.0,0.0,0.0,0.0,0.0
2382,Mississippi,Kemper,669.0,2005,Unspecified,Landfill,2.0,nan,U,0.0,0,0,0,0.0,0,0.0,0.0,0.0,4429.0,0.0,0.0,0.0,0.0,0.0
2383,Mississippi,Lafayette,164.0,2007,Unspecified,Landfill,2.0,nan,U,0.0,0,0,0,0.0,0,0.0,0.0,0.0,37044.0,0.0,0.0,0.0,0.0,0.0
2384,Mississippi,Lafayette,165.0,2008,Unspecified,Landfill,2.0,nan,U,0.0,0,0,0,0.0,0,0.0,0.0,0.0,37267.0,0.0,0.0,0.0,0.0,0.0
2385,Mississippi,Lafayette,166.0,2006,Unspecified,Landfill,2.0,nan,U,0.0,0,0,0,0.0,0,0.0,0.0,0.0,34575.0,0.0,0.0,0.0,0.0,0.0
2386,Mississippi,Lafayette,167.0,2003,Unspecified,Landfill,2.0,nan,U,0.0,0,0,0,0.0,0,0.0,0.0,0.0,34325.0,0.0,0.0,0.0,0.0,0.0
2387,Mississippi,Lafayette,168.0,2004,Unspecified,Landfill,2.0,nan,U,0.0,0,0,0,0.0,0,0.0,0.0,0.0,35718.0,0.0,0.0,0.0,0.0,0.0
2388,Mississippi,Lafayette,666.0,2000,Unspecified,Landfill,2.0,nan,U,0.0,0,0,0,0.0,0,0.0,0.0,0.0,27928.0,0.0,0.0,0.0,0.0,0.0
2389,Mississippi,Lafayette,667.0,2001,Unspecified,Landfill,2.0,nan,U,0.0,0,0,0,0.0,0,0.0,0.0,0.0,28694.0,0.0,0.0,0.0,0.0,0.0
2390,Mississippi,Lafayette,668.0,2002,Unspecified,Landfill,2.0,nan,U,0.0,0,0,0,0.0,0,0.0,0.0,0.0,29610.0,0.0,0.0,0.0,0.0,0.0
2391,Mississippi,Lafayette,669.0,2005,Unspecified,Landfill,2.0,nan,U,0.0,0,0,0,0.0,0,0.0,0.0,0.0,32913.0,0.0,0.0,0.0,0.0,0.0
2392,Mississippi,Lamar,164.0,2007,Unspecified,Landfill,2.0,nan,U,0.0,0,0,0,0.0,0,0.0,0.0,0.0,36384.0,0.0,0.0,0.0,0.0,0.0
2393,Mississippi,Lamar,165.0,2008,Unspecified,Landfill,2.0,nan,U,0.0,0,0,0,0.0,0,0.0,0.0,0.0,27556.0,0.0,0.0,0.0,0.0,0.0
2394,Mississippi,Lamar,166.0,2006,Unspecified,Landfill,2.0,nan,U,0.0,0,0,0,0.0,0,0.0,0.0,0.0,28732.0,0.0,0.0,0.0,0.0,0.0
2395,Mississippi,Lamar,167.0,2003,Unspecified,Landfill,2.0,nan,U,0.0,0,0,0,0.0,0,0.0,0.0,0.0,68513.0,0.0,0.0,0.0,0.0,0.0
2396,Mississippi,Lamar,168.0,2004,Unspecified,Landfill,2.0,nan,U,0.0,0,0,0,0.0,0,0.0,0.0,0.0,84559.0,0.0,0.0,0.0,0.0,0.0
2397,Mississippi,Lamar,666.0,2000,Unspecified,Landfill,2.0,nan,U,0.0,0,0,0,0.0,0,0.0,0.0,0.0,10982.0,0.0,0.0,0.0,0.0,0.0
2398,Mississippi,Lamar,667.0,2001,Unspecified,Landfill,2.0,nan,U,0.0,0,0,0,0.0,0,0.0,0.0,0.0,48703.0,0.0,0.0,0.0,0.0,0.0
2399,Mississippi,Lamar,668.0,2002,Unspecified,Landfill,2.0,nan,U,0.0,0,0,0,0.0,0,0.0,0.0,0.0,52849.0,0.0,0.0,0.0,0.0,0.0
2400,Mississippi,Lamar,669.0,2005,Unspecified,Landfill,2.0,nan,U,0.0,0,0,0,0.0,0,0.0,0.0,0.0,52295.0,0.0,0.0,0.0,0.0,0.0
2401,Mississippi,Lauderdale,164.0,2007,Unspecified,Landfill,2.0,nan,U,0.0,0,0,0,0.0,0,0.0,0.0,0.0,82121.0,0.0,0.0,0.0,0.0,0.0
2402,Mississippi,Lauderdale,165.0,2008,Unspecified,Landfill,2.0,nan,U,0.0,0,0,0,0.0,0,0.0,0.0,0.0,81904.0,0.0,0.0,0.0,0.0,0.0
2403,Mississippi,Lauderdale,166.0,2006,Unspecified,Landfill,2.0,nan,U,0.0,0,0,0,0.0,0,0.0,0.0,0.0,95696.0,0.0,0.0,0.0,0.0,0.0
2404,Mississippi,Lauderdale,167.0,2003,Unspecified,Landfill,2.0,nan,U,0.0,0,0,0,0.0,0,0.0,0.0,0.0,87949.0,0.0,0.0,0.0,0.0,0.0
2405,Mississippi,Lauderdale,168.0,2004,Unspecified,Landfill,2.0,nan,U,0.0,0,0,0,0.0,0,0.0,0.0,0.0,88496.0,0.0,0.0,0.0,0.0,0.0
2406,Mississippi,Lauderdale,666.0,2000,Unspecified,Landfill,2.0,nan,U,0.0,0,0,0,0.0,0,0.0,0.0,0.0,75524.0,0.0,0.0,0.0,0.0,0.0
2407,Mississippi,Lauderdale,667.0,2001,Unspecified,Landfill,2.0,nan,U,0.0,0,0,0,0.0,0,0.0,0.0,0.0,80371.0,0.0,0.0,0.0,0.0,0.0
2408,Mississippi,Lauderdale,668.0,2002,Unspecified,Landfill,2.0,nan,U,0.0,0,0,0,0.0,0,0.0,0.0,0.0,86585.0,0.0,0.0,0.0,0.0,0.0
2409,Mississippi,Lauderdale,669.0,2005,Unspecified,Landfill,2.0,nan,U,0.0,0,0,0,0.0,0,0.0,0.0,0.0,101959.0,0.0,0.0,0.0,0.0,0.0
2410,Mississippi,Lawrence,164.0,2007,Unspecified,Landfill,2.0,nan,U,0.0,0,0,0,0.0,0,0.0,0.0,0.0,47.0,0.0,0.0,0.0,0.0,0.0
2411,Mississippi,Lawrence,165.0,2008,Unspecified,Landfill,2.0,nan,U,0.0,0,0,0,0.0,0,0.0,0.0,0.0,3439.0,0.0,0.0,0.0,0.0,0.0
2412,Mississippi,Lawrence,166.0,2006,Unspecified,Landfill,2.0,nan,U,0.0,0,0,0,0.0,0,0.0,0.0,0.0,3656.0,0.0,0.0,0.0,0.0,0.0
2413,Mississippi,Lawrence,167.0,2003,Unspecified,Landfill,2.0,nan,U,0.0,0,0,0,0.0,0,0.0,0.0,0.0,344.0,0.0,0.0,0.0,0.0,0.0
2414,Mississippi,Lawrence,168.0,2004,Unspecified,Landfill,2.0,nan,U,0.0,0,0,0,0.0,0,0.0,0.0,0.0,64.0,0.0,0.0,0.0,0.0,0.0
2415,Mississippi,Lawrence,666.0,2000,Unspecified,Landfill,2.0,nan,U,0.0,0,0,0,0.0,0,0.0,0.0,0.0,236.0,0.0,0.0,0.0,0.0,0.0
2416,Mississippi,Lawrence,667.0,2001,Unspecified,Landfill,2.0,nan,U,0.0,0,0,0,0.0,0,0.0,0.0,0.0,34.0,0.0,0.0,0.0,0.0,0.0
2417,Mississippi,Lawrence,668.0,2002,Unspecified,Landfill,2.0,nan,U,0.0,0,0,0,0.0,0,0.0,0.0,0.0,379.0,0.0,0.0,0.0,0.0,0.0
2418,Mississippi,Lawrence,669.0,2005,Unspecified,Landfill,2.0,nan,U,0.0,0,0,0,0.0,0,0.0,0.0,0.0,240.0,0.0,0.0,0.0,0.0,0.0
2419,Mississippi,Leake,164.0,2007,Unspecified,Landfill,2.0,nan,U,0.0,0,0,0,0.0,0,0.0,0.0,0.0,8301.0,0.0,0.0,0.0,0.0,0.0
2420,Mississippi,Leake,165.0,2008,Unspecified,Landfill,2.0,nan,U,0.0,0,0,0,0.0,0,0.0,0.0,0.0,9182.0,0.0,0.0,0.0,0.0,0.0
2421,Mississippi,Leake,166.0,2006,Unspecified,Landfill,2.0,nan,U,0.0,0,0,0,0.0,0,0.0,0.0,0.0,14200.0,0.0,0.0,0.0,0.0,0.0
2422,Mississippi,Leake,167.0,2003,Unspecified,Landfill,2.0,nan,U,0.0,0,0,0,0.0,0,0.0,0.0,0.0,11285.0,0.0,0.0,0.0,0.0,0.0
2423,Mississippi,Leake,168.0,2004,Unspecified,Landfill,2.0,nan,U,0.0,0,0,0,0.0,0,0.0,0.0,0.0,12981.0,0.0,0.0,0.0,0.0,0.0
2424,Mississippi,Leake,666.0,2000,Unspecified,Landfill,2.0,nan,U,0.0,0,0,0,0.0,0,0.0,0.0,0.0,7765.0,0.0,0.0,0.0,0.0,0.0
2425,Mississippi,Leake,667.0,2001,Unspecified,Landfill,2.0,nan,U,0.0,0,0,0,0.0,0,0.0,0.0,0.0,6347.0,0.0,0.0,0.0,0.0,0.0
2426,Mississippi,Leake,668.0,2002,Unspecified,Landfill,2.0,nan,U,0.0,0,0,0,0.0,0,0.0,0.0,0.0,10617.0,0.0,0.0,0.0,0.0,0.0
2427,Mississippi,Leake,669.0,2005,Unspecified,Landfill,2.0,nan,U,0.0,0,0,0,0.0,0,0.0,0.0,0.0,14066.0,0.0,0.0,0.0,0.0,0.0
2428,Mississippi,Lee,164.0,2007,Unspecified,Landfill,2.0,nan,U,0.0,0,0,0,0.0,0,0.0,0.0,0.0,100347.0,0.0,0.0,0.0,0.0,0.0
2429,Mississippi,Lee,165.0,2008,Unspecified,Landfill,2.0,nan,U,0.0,0,0,0,0.0,0,0.0,0.0,0.0,91241.0,0.0,0.0,0.0,0.0,0.0
2430,Mississippi,Lee,166.0,2006,Unspecified,Landfill,2.0,nan,U,0.0,0,0,0,0.0,0,0.0,0.0,0.0,102134.0,0.0,0.0,0.0,0.0,0.0
2431,Mississippi,Lee,167.0,2003,Unspecified,Landfill,2.0,nan,U,0.0,0,0,0,0.0,0,0.0,0.0,0.0,109098.0,0.0,0.0,0.0,0.0,0.0
2432,Mississippi,Lee,168.0,2004,Unspecified,Landfill,2.0,nan,U,0.0,0,0,0,0.0,0,0.0,0.0,0.0,103180.0,0.0,0.0,0.0,0.0,0.0
2433,Mississippi,Lee,666.0,2000,Unspecified,Landfill,2.0,nan,U,0.0,0,0,0,0.0,0,0.0,0.0,0.0,103266.0,0.0,0.0,0.0,0.0,0.0
2434,Mississippi,Lee,667.0,2001,Unspecified,Landfill,2.0,nan,U,0.0,0,0,0,0.0,0,0.0,0.0,0.0,106712.0,0.0,0.0,0.0,0.0,0.0
2435,Mississippi,Lee,668.0,2002,Unspecified,Landfill,2.0,nan,U,0.0,0,0,0,0.0,0,0.0,0.0,0.0,106337.0,0.0,0.0,0.0,0.0,0.0
2436,Mississippi,Lee,669.0,2005,Unspecified,Landfill,2.0,nan,U,0.0,0,0,0,0.0,0,0.0,0.0,0.0,102046.0,0.0,0.0,0.0,0.0,0.0
2437,Mississippi,Leflore,164.0,2007,Unspecified,Landfill,2.0,nan,U,0.0,0,0,0,0.0,0,0.0,0.0,0.0,41994.0,0.0,0.0,0.0,0.0,0.0
2438,Mississippi,Leflore,165.0,2008,Unspecified,Landfill,2.0,nan,U,0.0,0,0,0,0.0,0,0.0,0.0,0.0,42094.0,0.0,0.0,0.0,0.0,0.0
2439,Mississippi,Leflore,166.0,2006,Unspecified,Landfill,2.0,nan,U,0.0,0,0,0,0.0,0,0.0,0.0,0.0,44697.0,0.0,0.0,0.0,0.0,0.0
2440,Mississippi,Leflore,167.0,2003,Unspecified,Landfill,2.0,nan,U,0.0,0,0,0,0.0,0,0.0,0.0,0.0,42433.0,0.0,0.0,0.0,0.0,0.0
2441,Mississippi,Leflore,168.0,2004,Unspecified,Landfill,2.0,nan,U,0.0,0,0,0,0.0,0,0.0,0.0,0.0,44167.0,0.0,0.0,0.0,0.0,0.0
2442,Mississippi,Leflore,666.0,2000,Unspecified,Landfill,2.0,nan,U,0.0,0,0,0,0.0,0,0.0,0.0,0.0,46269.0,0.0,0.0,0.0,0.0,0.0
2443,Mississippi,Leflore,667.0,2001,Unspecified,Landfill,2.0,nan,U,0.0,0,0,0,0.0,0,0.0,0.0,0.0,51809.0,0.0,0.0,0.0,0.0,0.0
2444,Mississippi,Leflore,668.0,2002,Unspecified,Landfill,2.0,nan,U,0.0,0,0,0,0.0,0,0.0,0.0,0.0,45999.0,0.0,0.0,0.0,0.0,0.0
2445,Mississippi,Leflore,669.0,2005,Unspecified,Landfill,2.0,nan,U,0.0,0,0,0,0.0,0,0.0,0.0,0.0,44074.0,0.0,0.0,0.0,0.0,0.0
2446,Mississippi,Lincoln,164.0,2007,Unspecified,Landfill,2.0,nan,U,0.0,0,0,0,0.0,0,0.0,0.0,0.0,43062.0,0.0,0.0,0.0,0.0,0.0
2447,Mississippi,Lincoln,165.0,2008,Unspecified,Landfill,2.0,nan,U,0.0,0,0,0,0.0,0,0.0,0.0,0.0,39500.0,0.0,0.0,0.0,0.0,0.0
2448,Mississippi,Lincoln,166.0,2006,Unspecified,Landfill,2.0,nan,U,0.0,0,0,0,0.0,0,0.0,0.0,0.0,31629.0,0.0,0.0,0.0,0.0,0.0
2449,Mississippi,Lincoln,167.0,2003,Unspecified,Landfill,2.0,nan,U,0.0,0,0,0,0.0,0,0.0,0.0,0.0,36416.0,0.0,0.0,0.0,0.0,0.0
2450,Mississippi,Lincoln,168.0,2004,Unspecified,Landfill,2.0,nan,U,0.0,0,0,0,0.0,0,0.0,0.0,0.0,45887.0,0.0,0.0,0.0,0.0,0.0
2451,Mississippi,Lincoln,666.0,2000,Unspecified,Landfill,2.0,nan,U,0.0,0,0,0,0.0,0,0.0,0.0,0.0,20803.0,0.0,0.0,0.0,0.0,0.0
2452,Mississippi,Lincoln,667.0,2001,Unspecified,Landfill,2.0,nan,U,0.0,0,0,0,0.0,0,0.0,0.0,0.0,32717.0,0.0,0.0,0.0,0.0,0.0
2453,Mississippi,Lincoln,668.0,2002,Unspecified,Landfill,2.0,nan,U,0.0,0,0,0,0.0,0,0.0,0.0,0.0,34169.0,0.0,0.0,0.0,0.0,0.0
2454,Mississippi,Lincoln,669.0,2005,Unspecified,Landfill,2.0,nan,U,0.0,0,0,0,0.0,0,0.0,0.0,0.0,42308.0,0.0,0.0,0.0,0.0,0.0
2455,Mississippi,Lowndes,164.0,2007,Unspecified,Landfill,2.0,nan,U,0.0,0,0,0,0.0,0,0.0,0.0,0.0,73292.0,0.0,0.0,0.0,0.0,0.0
2456,Mississippi,Lowndes,165.0,2008,Unspecified,Landfill,2.0,nan,U,0.0,0,0,0,0.0,0,0.0,0.0,0.0,92385.0,0.0,0.0,0.0,0.0,0.0
2457,Mississippi,Lowndes,166.0,2006,Unspecified,Landfill,2.0,nan,U,0.0,0,0,0,0.0,0,0.0,0.0,0.0,56365.0,0.0,0.0,0.0,0.0,0.0
2458,Mississippi,Lowndes,167.0,2003,Unspecified,Landfill,2.0,nan,U,0.0,0,0,0,0.0,0,0.0,0.0,0.0,66946.0,0.0,0.0,0.0,0.0,0.0
2459,Mississippi,Lowndes,168.0,2004,Unspecified,Landfill,2.0,nan,U,0.0,0,0,0,0.0,0,0.0,0.0,0.0,65672.0,0.0,0.0,0.0,0.0,0.0
2460,Mississippi,Lowndes,666.0,2000,Unspecified,Landfill,2.0,nan,U,0.0,0,0,0,0.0,0,0.0,0.0,0.0,60061.0,0.0,0.0,0.0,0.0,0.0
2461,Mississippi,Lowndes,667.0,2001,Unspecified,Landfill,2.0,nan,U,0.0,0,0,0,0.0,0,0.0,0.0,0.0,61238.0,0.0,0.0,0.0,0.0,0.0
2462,Mississippi,Lowndes,668.0,2002,Unspecified,Landfill,2.0,nan,U,0.0,0,0,0,0.0,0,0.0,0.0,0.0,60538.0,0.0,0.0,0.0,0.0,0.0
2463,Mississippi,Lowndes,669.0,2005,Unspecified,Landfill,2.0,nan,U,0.0,0,0,0,0.0,0,0.0,0.0,0.0,53921.0,0.0,0.0,0.0,0.0,0.0
2464,Mississippi,Madison,164.0,2007,Unspecified,Landfill,2.0,nan,U,0.0,0,0,0,0.0,0,0.0,0.0,0.0,97064.0,0.0,0.0,0.0,0.0,0.0
2465,Mississippi,Madison,165.0,2008,Unspecified,Landfill,2.0,nan,U,0.0,0,0,0,0.0,0,0.0,0.0,0.0,109980.0,0.0,0.0,0.0,0.0,0.0
2466,Mississippi,Madison,166.0,2006,Unspecified,Landfill,2.0,nan,U,0.0,0,0,0,0.0,0,0.0,0.0,0.0,113263.0,0.0,0.0,0.0,0.0,0.0
2467,Mississippi,Madison,167.0,2003,Unspecified,Landfill,2.0,nan,U,0.0,0,0,0,0.0,0,0.0,0.0,0.0,77046.0,0.0,0.0,0.0,0.0,0.0
2468,Mississippi,Madison,168.0,2004,Unspecified,Landfill,2.0,nan,U,0.0,0,0,0,0.0,0,0.0,0.0,0.0,91566.0,0.0,0.0,0.0,0.0,0.0
2469,Mississippi,Madison,666.0,2000,Unspecified,Landfill,2.0,nan,U,0.0,0,0,0,0.0,0,0.0,0.0,0.0,68060.25,0.0,0.0,0.0,0.0,0.0
2470,Mississippi,Madison,667.0,2001,Unspecified,Landfill,2.0,nan,U,0.0,0,0,0,0.0,0,0.0,0.0,0.0,77744.0,0.0,0.0,0.0,0.0,0.0
2471,Mississippi,Madison,668.0,2002,Unspecified,Landfill,2.0,nan,U,0.0,0,0,0,0.0,0,0.0,0.0,0.0,75043.0,0.0,0.0,0.0,0.0,0.0
2472,Mississippi,Madison,669.0,2005,Unspecified,Landfill,2.0,nan,U,0.0,0,0,0,0.0,0,0.0,0.0,0.0,92227.0,0.0,0.0,0.0,0.0,0.0
2473,Mississippi,Marion,164.0,2007,Unspecified,Landfill,2.0,nan,U,0.0,0,0,0,0.0,0,0.0,0.0,0.0,12592.0,0.0,0.0,0.0,0.0,0.0
2474,Mississippi,Marion,165.0,2008,Unspecified,Landfill,2.0,nan,U,0.0,0,0,0,0.0,0,0.0,0.0,0.0,11536.0,0.0,0.0,0.0,0.0,0.0
2475,Mississippi,Marion,166.0,2006,Unspecified,Landfill,2.0,nan,U,0.0,0,0,0,0.0,0,0.0,0.0,0.0,11502.0,0.0,0.0,0.0,0.0,0.0
2476,Mississippi,Marion,167.0,2003,Unspecified,Landfill,2.0,nan,U,0.0,0,0,0,0.0,0,0.0,0.0,0.0,10271.0,0.0,0.0,0.0,0.0,0.0
2477,Mississippi,Marion,168.0,2004,Unspecified,Landfill,2.0,nan,U,0.0,0,0,0,0.0,0,0.0,0.0,0.0,9879.0,0.0,0.0,0.0,0.0,0.0
2478,Mississippi,Marion,666.0,2000,Unspecified,Landfill,2.0,nan,U,0.0,0,0,0,0.0,0,0.0,0.0,0.0,9548.0,0.0,0.0,0.0,0.0,0.0
2479,Mississippi,Marion,667.0,2001,Unspecified,Landfill,2.0,nan,U,0.0,0,0,0,0.0,0,0.0,0.0,0.0,10025.0,0.0,0.0,0.0,0.0,0.0
2480,Mississippi,Marion,668.0,2002,Unspecified,Landfill,2.0,nan,U,0.0,0,0,0,0.0,0,0.0,0.0,0.0,10545.0,0.0,0.0,0.0,0.0,0.0
2481,Mississippi,Marion,669.0,2005,Unspecified,Landfill,2.0,nan,U,0.0,0,0,0,0.0,0,0.0,0.0,0.0,12612.0,0.0,0.0,0.0,0.0,0.0
2482,Mississippi,Marshall,164.0,2007,Unspecified,Landfill,2.0,nan,U,0.0,0,0,0,0.0,0,0.0,0.0,0.0,10304.0,0.0,0.0,0.0,0.0,0.0
2483,Mississippi,Marshall,165.0,2008,Unspecified,Landfill,2.0,nan,U,0.0,0,0,0,0.0,0,0.0,0.0,0.0,5505.0,0.0,0.0,0.0,0.0,0.0
2484,Mississippi,Marshall,166.0,2006,Unspecified,Landfill,2.0,nan,U,0.0,0,0,0,0.0,0,0.0,0.0,0.0,7839.0,0.0,0.0,0.0,0.0,0.0
2485,Mississippi,Marshall,167.0,2003,Unspecified,Landfill,2.0,nan,U,0.0,0,0,0,0.0,0,0.0,0.0,0.0,10120.0,0.0,0.0,0.0,0.0,0.0
2486,Mississippi,Marshall,168.0,2004,Unspecified,Landfill,2.0,nan,U,0.0,0,0,0,0.0,0,0.0,0.0,0.0,11507.0,0.0,0.0,0.0,0.0,0.0
2487,Mississippi,Marshall,666.0,2000,Unspecified,Landfill,2.0,nan,U,0.0,0,0,0,0.0,0,0.0,0.0,0.0,1540.0,0.0,0.0,0.0,0.0,0.0
2488,Mississippi,Marshall,667.0,2001,Unspecified,Landfill,2.0,nan,U,0.0,0,0,0,0.0,0,0.0,0.0,0.0,7552.0,0.0,0.0,0.0,0.0,0.0
2489,Mississippi,Marshall,668.0,2002,Unspecified,Landfill,2.0,nan,U,0.0,0,0,0,0.0,0,0.0,0.0,0.0,6110.0,0.0,0.0,0.0,0.0,0.0
2490,Mississippi,Marshall,669.0,2005,Unspecified,Landfill,2.0,nan,U,0.0,0,0,0,0.0,0,0.0,0.0,0.0,8204.0,0.0,0.0,0.0,0.0,0.0
2491,Mississippi,Monroe,164.0,2007,Unspecified,Landfill,2.0,nan,U,0.0,0,0,0,0.0,0,0.0,0.0,0.0,29811.0,0.0,0.0,0.0,0.0,0.0
2492,Mississippi,Monroe,165.0,2008,Unspecified,Landfill,2.0,nan,U,0.0,0,0,0,0.0,0,0.0,0.0,0.0,28406.0,0.0,0.0,0.0,0.0,0.0
2493,Mississippi,Monroe,166.0,2006,Unspecified,Landfill,2.0,nan,U,0.0,0,0,0,0.0,0,0.0,0.0,0.0,42221.0,0.0,0.0,0.0,0.0,0.0
2494,Mississippi,Monroe,167.0,2003,Unspecified,Landfill,2.0,nan,U,0.0,0,0,0,0.0,0,0.0,0.0,0.0,33593.0,0.0,0.0,0.0,0.0,0.0
2495,Mississippi,Monroe,168.0,2004,Unspecified,Landfill,2.0,nan,U,0.0,0,0,0,0.0,0,0.0,0.0,0.0,35876.0,0.0,0.0,0.0,0.0,0.0
2496,Mississippi,Monroe,666.0,2000,Unspecified,Landfill,2.0,nan,U,0.0,0,0,0,0.0,0,0.0,0.0,0.0,28336.0,0.0,0.0,0.0,0.0,0.0
2497,Mississippi,Monroe,667.0,2001,Unspecified,Landfill,2.0,nan,U,0.0,0,0,0,0.0,0,0.0,0.0,0.0,44714.0,0.0,0.0,0.0,0.0,0.0
2498,Mississippi,Monroe,668.0,2002,Unspecified,Landfill,2.0,nan,U,0.0,0,0,0,0.0,0,0.0,0.0,0.0,34511.0,0.0,0.0,0.0,0.0,0.0
2499,Mississippi,Monroe,669.0,2005,Unspecified,Landfill,2.0,nan,U,0.0,0,0,0,0.0,0,0.0,0.0,0.0,34128.0,0.0,0.0,0.0,0.0,0.0
2500,Mississippi,Montgomery,164.0,2007,Unspecified,Landfill,2.0,nan,U,0.0,0,0,0,0.0,0,0.0,0.0,0.0,6661.0,0.0,0.0,0.0,0.0,0.0
2501,Mississippi,Montgomery,165.0,2008,Unspecified,Landfill,2.0,nan,U,0.0,0,0,0,0.0,0,0.0,0.0,0.0,6319.0,0.0,0.0,0.0,0.0,0.0
2502,Mississippi,Montgomery,166.0,2006,Unspecified,Landfill,2.0,nan,U,0.0,0,0,0,0.0,0,0.0,0.0,0.0,6416.0,0.0,0.0,0.0,0.0,0.0
2503,Mississippi,Montgomery,167.0,2003,Unspecified,Landfill,2.0,nan,U,0.0,0,0,0,0.0,0,0.0,0.0,0.0,3447.0,0.0,0.0,0.0,0.0,0.0
2504,Mississippi,Montgomery,168.0,2004,Unspecified,Landfill,2.0,nan,U,0.0,0,0,0,0.0,0,0.0,0.0,0.0,3341.0,0.0,0.0,0.0,0.0,0.0
2505,Mississippi,Montgomery,666.0,2000,Unspecified,Landfill,2.0,nan,U,0.0,0,0,0,0.0,0,0.0,0.0,0.0,3585.25,0.0,0.0,0.0,0.0,0.0
2506,Mississippi,Montgomery,667.0,2001,Unspecified,Landfill,2.0,nan,U,0.0,0,0,0,0.0,0,0.0,0.0,0.0,3204.0,0.0,0.0,0.0,0.0,0.0
2507,Mississippi,Montgomery,668.0,2002,Unspecified,Landfill,2.0,nan,U,0.0,0,0,0,0.0,0,0.0,0.0,0.0,3365.0,0.0,0.0,0.0,0.0,0.0
2508,Mississippi,Montgomery,669.0,2005,Unspecified,Landfill,2.0,nan,U,0.0,0,0,0,0.0,0,0.0,0.0,0.0,2836.0,0.0,0.0,0.0,0.0,0.0
2509,Mississippi,Neshoba,164.0,2007,Unspecified,Landfill,2.0,nan,U,0.0,0,0,0,0.0,0,0.0,0.0,0.0,23900.0,0.0,0.0,0.0,0.0,0.0
2510,Mississippi,Neshoba,165.0,2008,Unspecified,Landfill,2.0,nan,U,0.0,0,0,0,0.0,0,0.0,0.0,0.0,23034.0,0.0,0.0,0.0,0.0,0.0
2511,Mississippi,Neshoba,166.0,2006,Unspecified,Landfill,2.0,nan,U,0.0,0,0,0,0.0,0,0.0,0.0,0.0,23484.0,0.0,0.0,0.0,0.0,0.0
2512,Mississippi,Neshoba,167.0,2003,Unspecified,Landfill,2.0,nan,U,0.0,0,0,0,0.0,0,0.0,0.0,0.0,22049.0,0.0,0.0,0.0,0.0,0.0
2513,Mississippi,Neshoba,168.0,2004,Unspecified,Landfill,2.0,nan,U,0.0,0,0,0,0.0,0,0.0,0.0,0.0,22389.0,0.0,0.0,0.0,0.0,0.0
2514,Mississippi,Neshoba,666.0,2000,Unspecified,Landfill,2.0,nan,U,0.0,0,0,0,0.0,0,0.0,0.0,0.0,23308.0,0.0,0.0,0.0,0.0,0.0
2515,Mississippi,Neshoba,667.0,2001,Unspecified,Landfill,2.0,nan,U,0.0,0,0,0,0.0,0,0.0,0.0,0.0,21126.0,0.0,0.0,0.0,0.0,0.0
2516,Mississippi,Neshoba,668.0,2002,Unspecified,Landfill,2.0,nan,U,0.0,0,0,0,0.0,0,0.0,0.0,0.0,26264.0,0.0,0.0,0.0,0.0,0.0
2517,Mississippi,Neshoba,669.0,2005,Unspecified,Landfill,2.0,nan,U,0.0,0,0,0,0.0,0,0.0,0.0,0.0,22489.0,0.0,0.0,0.0,0.0,0.0
2518,Mississippi,Newton,164.0,2007,Unspecified,Landfill,2.0,nan,U,0.0,0,0,0,0.0,0,0.0,0.0,0.0,9954.0,0.0,0.0,0.0,0.0,0.0
2519,Mississippi,Newton,165.0,2008,Unspecified,Landfill,2.0,nan,U,0.0,0,0,0,0.0,0,0.0,0.0,0.0,8975.0,0.0,0.0,0.0,0.0,0.0
2520,Mississippi,Newton,166.0,2006,Unspecified,Landfill,2.0,nan,U,0.0,0,0,0,0.0,0,0.0,0.0,0.0,10285.0,0.0,0.0,0.0,0.0,0.0
2521,Mississippi,Newton,167.0,2003,Unspecified,Landfill,2.0,nan,U,0.0,0,0,0,0.0,0,0.0,0.0,0.0,10657.0,0.0,0.0,0.0,0.0,0.0
2522,Mississippi,Newton,168.0,2004,Unspecified,Landfill,2.0,nan,U,0.0,0,0,0,0.0,0,0.0,0.0,0.0,10065.0,0.0,0.0,0.0,0.0,0.0
2523,Mississippi,Newton,666.0,2000,Unspecified,Landfill,2.0,nan,U,0.0,0,0,0,0.0,0,0.0,0.0,0.0,9404.0,0.0,0.0,0.0,0.0,0.0
2524,Mississippi,Newton,667.0,2001,Unspecified,Landfill,2.0,nan,U,0.0,0,0,0,0.0,0,0.0,0.0,0.0,8516.0,0.0,0.0,0.0,0.0,0.0
2525,Mississippi,Newton,668.0,2002,Unspecified,Landfill,2.0,nan,U,0.0,0,0,0,0.0,0,0.0,0.0,0.0,13558.0,0.0,0.0,0.0,0.0,0.0
2526,Mississippi,Newton,669.0,2005,Unspecified,Landfill,2.0,nan,U,0.0,0,0,0,0.0,0,0.0,0.0,0.0,9757.0,0.0,0.0,0.0,0.0,0.0
2527,Mississippi,Noxubee,164.0,2007,Unspecified,Landfill,2.0,nan,U,0.0,0,0,0,0.0,0,0.0,0.0,0.0,8572.0,0.0,0.0,0.0,0.0,0.0
2528,Mississippi,Noxubee,165.0,2008,Unspecified,Landfill,2.0,nan,U,0.0,0,0,0,0.0,0,0.0,0.0,0.0,7744.0,0.0,0.0,0.0,0.0,0.0
2529,Mississippi,Noxubee,166.0,2006,Unspecified,Landfill,2.0,nan,U,0.0,0,0,0,0.0,0,0.0,0.0,0.0,8746.0,0.0,0.0,0.0,0.0,0.0
2530,Mississippi,Noxubee,167.0,2003,Unspecified,Landfill,2.0,nan,U,0.0,0,0,0,0.0,0,0.0,0.0,0.0,9685.0,0.0,0.0,0.0,0.0,0.0
2531,Mississippi,Noxubee,168.0,2004,Unspecified,Landfill,2.0,nan,U,0.0,0,0,0,0.0,0,0.0,0.0,0.0,11213.0,0.0,0.0,0.0,0.0,0.0
2532,Mississippi,Noxubee,666.0,2000,Unspecified,Landfill,2.0,nan,U,0.0,0,0,0,0.0,0,0.0,0.0,0.0,5601.0,0.0,0.0,0.0,0.0,0.0
2533,Mississippi,Noxubee,667.0,2001,Unspecified,Landfill,2.0,nan,U,0.0,0,0,0,0.0,0,0.0,0.0,0.0,8548.0,0.0,0.0,0.0,0.0,0.0
2534,Mississippi,Noxubee,668.0,2002,Unspecified,Landfill,2.0,nan,U,0.0,0,0,0,0.0,0,0.0,0.0,0.0,9657.0,0.0,0.0,0.0,0.0,0.0
2535,Mississippi,Noxubee,669.0,2005,Unspecified,Landfill,2.0,nan,U,0.0,0,0,0,0.0,0,0.0,0.0,0.0,10188.0,0.0,0.0,0.0,0.0,0.0
2536,Mississippi,Oktibbeha,164.0,2007,Unspecified,Landfill,2.0,nan,U,0.0,0,0,0,0.0,0,0.0,0.0,0.0,38851.0,0.0,0.0,0.0,0.0,0.0
2537,Mississippi,Oktibbeha,165.0,2008,Unspecified,Landfill,2.0,nan,U,0.0,0,0,0,0.0,0,0.0,0.0,0.0,37476.0,0.0,0.0,0.0,0.0,0.0
2538,Mississippi,Oktibbeha,166.0,2006,Unspecified,Landfill,2.0,nan,U,0.0,0,0,0,0.0,0,0.0,0.0,0.0,40661.0,0.0,0.0,0.0,0.0,0.0
2539,Mississippi,Oktibbeha,167.0,2003,Unspecified,Landfill,2.0,nan,U,0.0,0,0,0,0.0,0,0.0,0.0,0.0,43653.0,0.0,0.0,0.0,0.0,0.0
2540,Mississippi,Oktibbeha,168.0,2004,Unspecified,Landfill,2.0,nan,U,0.0,0,0,0,0.0,0,0.0,0.0,0.0,37037.0,0.0,0.0,0.0,0.0,0.0
2541,Mississippi,Oktibbeha,666.0,2000,Unspecified,Landfill,2.0,nan,U,0.0,0,0,0,0.0,0,0.0,0.0,0.0,30800.0,0.0,0.0,0.0,0.0,0.0
2542,Mississippi,Oktibbeha,667.0,2001,Unspecified,Landfill,2.0,nan,U,0.0,0,0,0,0.0,0,0.0,0.0,0.0,34508.0,0.0,0.0,0.0,0.0,0.0
2543,Mississippi,Oktibbeha,668.0,2002,Unspecified,Landfill,2.0,nan,U,0.0,0,0,0,0.0,0,0.0,0.0,0.0,34822.0,0.0,0.0,0.0,0.0,0.0
2544,Mississippi,Oktibbeha,669.0,2005,Unspecified,Landfill,2.0,nan,U,0.0,0,0,0,0.0,0,0.0,0.0,0.0,35906.0,0.0,0.0,0.0,0.0,0.0
2545,Mississippi,Panola,164.0,2007,Unspecified,Landfill,2.0,nan,U,0.0,0,0,0,0.0,0,0.0,0.0,0.0,17226.0,0.0,0.0,0.0,0.0,0.0
2546,Mississippi,Panola,165.0,2008,Unspecified,Landfill,2.0,nan,U,0.0,0,0,0,0.0,0,0.0,0.0,0.0,19756.0,0.0,0.0,0.0,0.0,0.0
2547,Mississippi,Panola,166.0,2006,Unspecified,Landfill,2.0,nan,U,0.0,0,0,0,0.0,0,0.0,0.0,0.0,13235.0,0.0,0.0,0.0,0.0,0.0
2548,Mississippi,Panola,167.0,2003,Unspecified,Landfill,2.0,nan,U,0.0,0,0,0,0.0,0,0.0,0.0,0.0,12033.0,0.0,0.0,0.0,0.0,0.0
2549,Mississippi,Panola,168.0,2004,Unspecified,Landfill,2.0,nan,U,0.0,0,0,0,0.0,0,0.0,0.0,0.0,22637.0,0.0,0.0,0.0,0.0,0.0
2550,Mississippi,Panola,666.0,2000,Unspecified,Landfill,2.0,nan,U,0.0,0,0,0,0.0,0,0.0,0.0,0.0,23639.0,0.0,0.0,0.0,0.0,0.0
2551,Mississippi,Panola,667.0,2001,Unspecified,Landfill,2.0,nan,U,0.0,0,0,0,0.0,0,0.0,0.0,0.0,45800.0,0.0,0.0,0.0,0.0,0.0
2552,Mississippi,Panola,668.0,2002,Unspecified,Landfill,2.0,nan,U,0.0,0,0,0,0.0,0,0.0,0.0,0.0,14851.0,0.0,0.0,0.0,0.0,0.0
2553,Mississippi,Panola,669.0,2005,Unspecified,Landfill,2.0,nan,U,0.0,0,0,0,0.0,0,0.0,0.0,0.0,13762.0,0.0,0.0,0.0,0.0,0.0
2554,Mississippi,Pearl river,164.0,2007,Unspecified,Landfill,2.0,nan,U,0.0,0,0,0,0.0,0,0.0,0.0,0.0,44814.0,0.0,0.0,0.0,0.0,0.0
2555,Mississippi,Pearl river,165.0,2008,Unspecified,Landfill,2.0,nan,U,0.0,0,0,0,0.0,0,0.0,0.0,0.0,40704.0,0.0,0.0,0.0,0.0,0.0
2556,Mississippi,Pearl river,166.0,2006,Unspecified,Landfill,2.0,nan,U,0.0,0,0,0,0.0,0,0.0,0.0,0.0,49276.0,0.0,0.0,0.0,0.0,0.0
2557,Mississippi,Pearl river,167.0,2003,Unspecified,Landfill,2.0,nan,U,0.0,0,0,0,0.0,0,0.0,0.0,0.0,36353.0,0.0,0.0,0.0,0.0,0.0
2558,Mississippi,Pearl river,168.0,2004,Unspecified,Landfill,2.0,nan,U,0.0,0,0,0,0.0,0,0.0,0.0,0.0,41928.0,0.0,0.0,0.0,0.0,0.0
2559,Mississippi,Pearl river,666.0,2000,Unspecified,Landfill,2.0,nan,U,0.0,0,0,0,0.0,0,0.0,0.0,0.0,58528.0,0.0,0.0,0.0,0.0,0.0
2560,Mississippi,Pearl river,667.0,2001,Unspecified,Landfill,2.0,nan,U,0.0,0,0,0,0.0,0,0.0,0.0,0.0,30870.0,0.0,0.0,0.0,0.0,0.0
2561,Mississippi,Pearl river,668.0,2002,Unspecified,Landfill,2.0,nan,U,0.0,0,0,0,0.0,0,0.0,0.0,0.0,37833.0,0.0,0.0,0.0,0.0,0.0
2562,Mississippi,Pearl river,669.0,2005,Unspecified,Landfill,2.0,nan,U,0.0,0,0,0,0.0,0,0.0,0.0,0.0,48046.0,0.0,0.0,0.0,0.0,0.0
2563,Mississippi,Perry,164.0,2007,Unspecified,Landfill,2.0,nan,U,0.0,0,0,0,0.0,0,0.0,0.0,0.0,4749.0,0.0,0.0,0.0,0.0,0.0
2564,Mississippi,Perry,165.0,2008,Unspecified,Landfill,2.0,nan,U,0.0,0,0,0,0.0,0,0.0,0.0,0.0,5969.0,0.0,0.0,0.0,0.0,0.0
2565,Mississippi,Perry,166.0,2006,Unspecified,Landfill,2.0,nan,U,0.0,0,0,0,0.0,0,0.0,0.0,0.0,8755.0,0.0,0.0,0.0,0.0,0.0
2566,Mississippi,Perry,167.0,2003,Unspecified,Landfill,2.0,nan,U,0.0,0,0,0,0.0,0,0.0,0.0,0.0,3991.0,0.0,0.0,0.0,0.0,0.0
2567,Mississippi,Perry,168.0,2004,Unspecified,Landfill,2.0,nan,U,0.0,0,0,0,0.0,0,0.0,0.0,0.0,4220.0,0.0,0.0,0.0,0.0,0.0
2568,Mississippi,Perry,666.0,2000,Unspecified,Landfill,2.0,nan,U,0.0,0,0,0,0.0,0,0.0,0.0,0.0,3619.0,0.0,0.0,0.0,0.0,0.0
2569,Mississippi,Perry,667.0,2001,Unspecified,Landfill,2.0,nan,U,0.0,0,0,0,0.0,0,0.0,0.0,0.0,3307.0,0.0,0.0,0.0,0.0,0.0
2570,Mississippi,Perry,668.0,2002,Unspecified,Landfill,2.0,nan,U,0.0,0,0,0,0.0,0,0.0,0.0,0.0,3600.0,0.0,0.0,0.0,0.0,0.0
2571,Mississippi,Perry,669.0,2005,Unspecified,Landfill,2.0,nan,U,0.0,0,0,0,0.0,0,0.0,0.0,0.0,5261.0,0.0,0.0,0.0,0.0,0.0
2572,Mississippi,Pike,164.0,2007,Unspecified,Landfill,2.0,nan,U,0.0,0,0,0,0.0,0,0.0,0.0,0.0,42796.0,0.0,0.0,0.0,0.0,0.0
2573,Mississippi,Pike,165.0,2008,Unspecified,Landfill,2.0,nan,U,0.0,0,0,0,0.0,0,0.0,0.0,0.0,38610.0,0.0,0.0,0.0,0.0,0.0
2574,Mississippi,Pike,166.0,2006,Unspecified,Landfill,2.0,nan,U,0.0,0,0,0,0.0,0,0.0,0.0,0.0,41826.0,0.0,0.0,0.0,0.0,0.0
2575,Mississippi,Pike,167.0,2003,Unspecified,Landfill,2.0,nan,U,0.0,0,0,0,0.0,0,0.0,0.0,0.0,38123.0,0.0,0.0,0.0,0.0,0.0
2576,Mississippi,Pike,168.0,2004,Unspecified,Landfill,2.0,nan,U,0.0,0,0,0,0.0,0,0.0,0.0,0.0,40152.0,0.0,0.0,0.0,0.0,0.0
2577,Mississippi,Pike,666.0,2000,Unspecified,Landfill,2.0,nan,U,0.0,0,0,0,0.0,0,0.0,0.0,0.0,39518.0,0.0,0.0,0.0,0.0,0.0
2578,Mississippi,Pike,667.0,2001,Unspecified,Landfill,2.0,nan,U,0.0,0,0,0,0.0,0,0.0,0.0,0.0,32389.0,0.0,0.0,0.0,0.0,0.0
2579,Mississippi,Pike,668.0,2002,Unspecified,Landfill,2.0,nan,U,0.0,0,0,0,0.0,0,0.0,0.0,0.0,29443.0,0.0,0.0,0.0,0.0,0.0
2580,Mississippi,Pike,669.0,2005,Unspecified,Landfill,2.0,nan,U,0.0,0,0,0,0.0,0,0.0,0.0,0.0,43438.0,0.0,0.0,0.0,0.0,0.0
2581,Mississippi,Pontotoc,164.0,2007,Unspecified,Landfill,2.0,nan,U,0.0,0,0,0,0.0,0,0.0,0.0,0.0,27233.0,0.0,0.0,0.0,0.0,0.0
2582,Mississippi,Pontotoc,165.0,2008,Unspecified,Landfill,2.0,nan,U,0.0,0,0,0,0.0,0,0.0,0.0,0.0,25471.0,0.0,0.0,0.0,0.0,0.0
2583,Mississippi,Pontotoc,166.0,2006,Unspecified,Landfill,2.0,nan,U,0.0,0,0,0,0.0,0,0.0,0.0,0.0,31535.0,0.0,0.0,0.0,0.0,0.0
2584,Mississippi,Pontotoc,167.0,2003,Unspecified,Landfill,2.0,nan,U,0.0,0,0,0,0.0,0,0.0,0.0,0.0,31772.0,0.0,0.0,0.0,0.0,0.0
2585,Mississippi,Pontotoc,168.0,2004,Unspecified,Landfill,2.0,nan,U,0.0,0,0,0,0.0,0,0.0,0.0,0.0,32422.0,0.0,0.0,0.0,0.0,0.0
2586,Mississippi,Pontotoc,666.0,2000,Unspecified,Landfill,2.0,nan,U,0.0,0,0,0,0.0,0,0.0,0.0,0.0,30779.0,0.0,0.0,0.0,0.0,0.0
2587,Mississippi,Pontotoc,667.0,2001,Unspecified,Landfill,2.0,nan,U,0.0,0,0,0,0.0,0,0.0,0.0,0.0,41497.0,0.0,0.0,0.0,0.0,0.0
2588,Mississippi,Pontotoc,668.0,2002,Unspecified,Landfill,2.0,nan,U,0.0,0,0,0,0.0,0,0.0,0.0,0.0,32848.0,0.0,0.0,0.0,0.0,0.0
2589,Mississippi,Pontotoc,669.0,2005,Unspecified,Landfill,2.0,nan,U,0.0,0,0,0,0.0,0,0.0,0.0,0.0,31111.0,0.0,0.0,0.0,0.0,0.0
2590,Mississippi,Prentiss,164.0,2007,Unspecified,Landfill,2.0,nan,U,0.0,0,0,0,0.0,0,0.0,0.0,0.0,17015.0,0.0,0.0,0.0,0.0,0.0
2591,Mississippi,Prentiss,165.0,2008,Unspecified,Landfill,2.0,nan,U,0.0,0,0,0,0.0,0,0.0,0.0,0.0,15592.0,0.0,0.0,0.0,0.0,0.0
2592,Mississippi,Prentiss,166.0,2006,Unspecified,Landfill,2.0,nan,U,0.0,0,0,0,0.0,0,0.0,0.0,0.0,18851.0,0.0,0.0,0.0,0.0,0.0
2593,Mississippi,Prentiss,167.0,2003,Unspecified,Landfill,2.0,nan,U,0.0,0,0,0,0.0,0,0.0,0.0,0.0,22621.0,0.0,0.0,0.0,0.0,0.0
2594,Mississippi,Prentiss,168.0,2004,Unspecified,Landfill,2.0,nan,U,0.0,0,0,0,0.0,0,0.0,0.0,0.0,18773.0,0.0,0.0,0.0,0.0,0.0
2595,Mississippi,Prentiss,666.0,2000,Unspecified,Landfill,2.0,nan,U,0.0,0,0,0,0.0,0,0.0,0.0,0.0,24179.0,0.0,0.0,0.0,0.0,0.0
2596,Mississippi,Prentiss,667.0,2001,Unspecified,Landfill,2.0,nan,U,0.0,0,0,0,0.0,0,0.0,0.0,0.0,19051.0,0.0,0.0,0.0,0.0,0.0
2597,Mississippi,Prentiss,668.0,2002,Unspecified,Landfill,2.0,nan,U,0.0,0,0,0,0.0,0,0.0,0.0,0.0,21577.0,0.0,0.0,0.0,0.0,0.0
2598,Mississippi,Prentiss,669.0,2005,Unspecified,Landfill,2.0,nan,U,0.0,0,0,0,0.0,0,0.0,0.0,0.0,19381.0,0.0,0.0,0.0,0.0,0.0
2599,Mississippi,Quitman,164.0,2007,Unspecified,Landfill,2.0,nan,U,0.0,0,0,0,0.0,0,0.0,0.0,0.0,12331.0,0.0,0.0,0.0,0.0,0.0
2600,Mississippi,Quitman,165.0,2008,Unspecified,Landfill,2.0,nan,U,0.0,0,0,0,0.0,0,0.0,0.0,0.0,2560.0,0.0,0.0,0.0,0.0,0.0
2601,Mississippi,Quitman,166.0,2006,Unspecified,Landfill,2.0,nan,U,0.0,0,0,0,0.0,0,0.0,0.0,0.0,5283.0,0.0,0.0,0.0,0.0,0.0
2602,Mississippi,Quitman,167.0,2003,Unspecified,Landfill,2.0,nan,U,0.0,0,0,0,0.0,0,0.0,0.0,0.0,916.0,0.0,0.0,0.0,0.0,0.0
2603,Mississippi,Quitman,168.0,2004,Unspecified,Landfill,2.0,nan,U,0.0,0,0,0,0.0,0,0.0,0.0,0.0,62.0,0.0,0.0,0.0,0.0,0.0
2604,Mississippi,Quitman,666.0,2000,Unspecified,Landfill,2.0,nan,U,0.0,0,0,0,0.0,0,0.0,0.0,0.0,38430.0,0.0,0.0,0.0,0.0,0.0
2605,Mississippi,Quitman,667.0,2001,Unspecified,Landfill,2.0,nan,U,0.0,0,0,0,0.0,0,0.0,0.0,0.0,315.0,0.0,0.0,0.0,0.0,0.0
2606,Mississippi,Quitman,668.0,2002,Unspecified,Landfill,2.0,nan,U,0.0,0,0,0,0.0,0,0.0,0.0,0.0,1194.0,0.0,0.0,0.0,0.0,0.0
2607,Mississippi,Quitman,669.0,2005,Unspecified,Landfill,2.0,nan,U,0.0,0,0,0,0.0,0,0.0,0.0,0.0,9519.0,0.0,0.0,0.0,0.0,0.0
2608,Mississippi,Rankin,164.0,2007,Unspecified,Landfill,2.0,nan,U,0.0,0,0,0,0.0,0,0.0,0.0,0.0,171484.0,0.0,0.0,0.0,0.0,0.0
2609,Mississippi,Rankin,165.0,2008,Unspecified,Landfill,2.0,nan,U,0.0,0,0,0,0.0,0,0.0,0.0,0.0,166535.0,0.0,0.0,0.0,0.0,0.0
2610,Mississippi,Rankin,166.0,2006,Unspecified,Landfill,2.0,nan,U,0.0,0,0,0,0.0,0,0.0,0.0,0.0,143233.0,0.0,0.0,0.0,0.0,0.0
2611,Mississippi,Rankin,167.0,2003,Unspecified,Landfill,2.0,nan,U,0.0,0,0,0,0.0,0,0.0,0.0,0.0,86154.0,0.0,0.0,0.0,0.0,0.0
2612,Mississippi,Rankin,168.0,2004,Unspecified,Landfill,2.0,nan,U,0.0,0,0,0,0.0,0,0.0,0.0,0.0,99176.0,0.0,0.0,0.0,0.0,0.0
2613,Mississippi,Rankin,666.0,2000,Unspecified,Landfill,2.0,nan,U,0.0,0,0,0,0.0,0,0.0,0.0,0.0,54154.0,0.0,0.0,0.0,0.0,0.0
2614,Mississippi,Rankin,667.0,2001,Unspecified,Landfill,2.0,nan,U,0.0,0,0,0,0.0,0,0.0,0.0,0.0,53227.0,0.0,0.0,0.0,0.0,0.0
2615,Mississippi,Rankin,668.0,2002,Unspecified,Landfill,2.0,nan,U,0.0,0,0,0,0.0,0,0.0,0.0,0.0,57370.0,0.0,0.0,0.0,0.0,0.0
2616,Mississippi,Rankin,669.0,2005,Unspecified,Landfill,2.0,nan,U,0.0,0,0,0,0.0,0,0.0,0.0,0.0,90020.0,0.0,0.0,0.0,0.0,0.0
2617,Mississippi,Scott,164.0,2007,Unspecified,Landfill,2.0,nan,U,0.0,0,0,0,0.0,0,0.0,0.0,0.0,33268.0,0.0,0.0,0.0,0.0,0.0
2618,Mississippi,Scott,165.0,2008,Unspecified,Landfill,2.0,nan,U,0.0,0,0,0,0.0,0,0.0,0.0,0.0,31632.0,0.0,0.0,0.0,0.0,0.0
2619,Mississippi,Scott,166.0,2006,Unspecified,Landfill,2.0,nan,U,0.0,0,0,0,0.0,0,0.0,0.0,0.0,42593.0,0.0,0.0,0.0,0.0,0.0
2620,Mississippi,Scott,167.0,2003,Unspecified,Landfill,2.0,nan,U,0.0,0,0,0,0.0,0,0.0,0.0,0.0,38569.0,0.0,0.0,0.0,0.0,0.0
2621,Mississippi,Scott,168.0,2004,Unspecified,Landfill,2.0,nan,U,0.0,0,0,0,0.0,0,0.0,0.0,0.0,45370.0,0.0,0.0,0.0,0.0,0.0
2622,Mississippi,Scott,666.0,2000,Unspecified,Landfill,2.0,nan,U,0.0,0,0,0,0.0,0,0.0,0.0,0.0,17245.0,0.0,0.0,0.0,0.0,0.0
2623,Mississippi,Scott,667.0,2001,Unspecified,Landfill,2.0,nan,U,0.0,0,0,0,0.0,0,0.0,0.0,0.0,31194.0,0.0,0.0,0.0,0.0,0.0
2624,Mississippi,Scott,668.0,2002,Unspecified,Landfill,2.0,nan,U,0.0,0,0,0,0.0,0,0.0,0.0,0.0,36450.0,0.0,0.0,0.0,0.0,0.0
2625,Mississippi,Scott,669.0,2005,Unspecified,Landfill,2.0,nan,U,0.0,0,0,0,0.0,0,0.0,0.0,0.0,49290.0,0.0,0.0,0.0,0.0,0.0
2626,Mississippi,Sharkey,164.0,2007,Unspecified,Landfill,2.0,nan,U,0.0,0,0,0,0.0,0,0.0,0.0,0.0,2328.0,0.0,0.0,0.0,0.0,0.0
2627,Mississippi,Sharkey,165.0,2008,Unspecified,Landfill,2.0,nan,U,0.0,0,0,0,0.0,0,0.0,0.0,0.0,2154.0,0.0,0.0,0.0,0.0,0.0
2628,Mississippi,Sharkey,166.0,2006,Unspecified,Landfill,2.0,nan,U,0.0,0,0,0,0.0,0,0.0,0.0,0.0,775.0,0.0,0.0,0.0,0.0,0.0
2629,Mississippi,Sharkey,167.0,2003,Unspecified,Landfill,2.0,nan,U,0.0,0,0,0,0.0,0,0.0,0.0,0.0,3008.0,0.0,0.0,0.0,0.0,0.0
2630,Mississippi,Sharkey,168.0,2004,Unspecified,Landfill,2.0,nan,U,0.0,0,0,0,0.0,0,0.0,0.0,0.0,1562.0,0.0,0.0,0.0,0.0,0.0
2631,Mississippi,Sharkey,666.0,2000,Unspecified,Landfill,2.0,nan,U,0.0,0,0,0,0.0,0,0.0,0.0,0.0,3168.0,0.0,0.0,0.0,0.0,0.0
2632,Mississippi,Sharkey,667.0,2001,Unspecified,Landfill,2.0,nan,U,0.0,0,0,0,0.0,0,0.0,0.0,0.0,2392.0,0.0,0.0,0.0,0.0,0.0
2633,Mississippi,Sharkey,668.0,2002,Unspecified,Landfill,2.0,nan,U,0.0,0,0,0,0.0,0,0.0,0.0,0.0,3460.0,0.0,0.0,0.0,0.0,0.0
2634,Mississippi,Sharkey,669.0,2005,Unspecified,Landfill,2.0,nan,U,0.0,0,0,0,0.0,0,0.0,0.0,0.0,169.0,0.0,0.0,0.0,0.0,0.0
2635,Mississippi,Simpson,164.0,2007,Unspecified,Landfill,2.0,nan,U,0.0,0,0,0,0.0,0,0.0,0.0,0.0,13245.0,0.0,0.0,0.0,0.0,0.0
2636,Mississippi,Simpson,165.0,2008,Unspecified,Landfill,2.0,nan,U,0.0,0,0,0,0.0,0,0.0,0.0,0.0,13578.0,0.0,0.0,0.0,0.0,0.0
2637,Mississippi,Simpson,166.0,2006,Unspecified,Landfill,2.0,nan,U,0.0,0,0,0,0.0,0,0.0,0.0,0.0,13872.0,0.0,0.0,0.0,0.0,0.0
2638,Mississippi,Simpson,167.0,2003,Unspecified,Landfill,2.0,nan,U,0.0,0,0,0,0.0,0,0.0,0.0,0.0,12137.0,0.0,0.0,0.0,0.0,0.0
2639,Mississippi,Simpson,168.0,2004,Unspecified,Landfill,2.0,nan,U,0.0,0,0,0,0.0,0,0.0,0.0,0.0,12594.0,0.0,0.0,0.0,0.0,0.0
2640,Mississippi,Simpson,666.0,2000,Unspecified,Landfill,2.0,nan,U,0.0,0,0,0,0.0,0,0.0,0.0,0.0,12609.0,0.0,0.0,0.0,0.0,0.0
2641,Mississippi,Simpson,667.0,2001,Unspecified,Landfill,2.0,nan,U,0.0,0,0,0,0.0,0,0.0,0.0,0.0,11444.0,0.0,0.0,0.0,0.0,0.0
2642,Mississippi,Simpson,668.0,2002,Unspecified,Landfill,2.0,nan,U,0.0,0,0,0,0.0,0,0.0,0.0,0.0,12155.0,0.0,0.0,0.0,0.0,0.0
2643,Mississippi,Simpson,669.0,2005,Unspecified,Landfill,2.0,nan,U,0.0,0,0,0,0.0,0,0.0,0.0,0.0,14207.0,0.0,0.0,0.0,0.0,0.0
2644,Mississippi,Smith,164.0,2007,Unspecified,Landfill,2.0,nan,U,0.0,0,0,0,0.0,0,0.0,0.0,0.0,6814.0,0.0,0.0,0.0,0.0,0.0
2645,Mississippi,Smith,165.0,2008,Unspecified,Landfill,2.0,nan,U,0.0,0,0,0,0.0,0,0.0,0.0,0.0,7727.0,0.0,0.0,0.0,0.0,0.0
2646,Mississippi,Smith,166.0,2006,Unspecified,Landfill,2.0,nan,U,0.0,0,0,0,0.0,0,0.0,0.0,0.0,7548.0,0.0,0.0,0.0,0.0,0.0
2647,Mississippi,Smith,167.0,2003,Unspecified,Landfill,2.0,nan,U,0.0,0,0,0,0.0,0,0.0,0.0,0.0,5883.0,0.0,0.0,0.0,0.0,0.0
2648,Mississippi,Smith,168.0,2004,Unspecified,Landfill,2.0,nan,U,0.0,0,0,0,0.0,0,0.0,0.0,0.0,6412.0,0.0,0.0,0.0,0.0,0.0
2649,Mississippi,Smith,666.0,2000,Unspecified,Landfill,2.0,nan,U,0.0,0,0,0,0.0,0,0.0,0.0,0.0,4782.0,0.0,0.0,0.0,0.0,0.0
2650,Mississippi,Smith,667.0,2001,Unspecified,Landfill,2.0,nan,U,0.0,0,0,0,0.0,0,0.0,0.0,0.0,5152.0,0.0,0.0,0.0,0.0,0.0
2651,Mississippi,Smith,668.0,2002,Unspecified,Landfill,2.0,nan,U,0.0,0,0,0,0.0,0,0.0,0.0,0.0,4994.0,0.0,0.0,0.0,0.0,0.0
2652,Mississippi,Smith,669.0,2005,Unspecified,Landfill,2.0,nan,U,0.0,0,0,0,0.0,0,0.0,0.0,0.0,8132.0,0.0,0.0,0.0,0.0,0.0
2653,Mississippi,Stone,164.0,2007,Unspecified,Landfill,2.0,nan,U,0.0,0,0,0,0.0,0,0.0,0.0,0.0,8240.0,0.0,0.0,0.0,0.0,0.0
2654,Mississippi,Stone,165.0,2008,Unspecified,Landfill,2.0,nan,U,0.0,0,0,0,0.0,0,0.0,0.0,0.0,7322.0,0.0,0.0,0.0,0.0,0.0
2655,Mississippi,Stone,166.0,2006,Unspecified,Landfill,2.0,nan,U,0.0,0,0,0,0.0,0,0.0,0.0,0.0,8564.0,0.0,0.0,0.0,0.0,0.0
2656,Mississippi,Stone,167.0,2003,Unspecified,Landfill,2.0,nan,U,0.0,0,0,0,0.0,0,0.0,0.0,0.0,6026.0,0.0,0.0,0.0,0.0,0.0
2657,Mississippi,Stone,168.0,2004,Unspecified,Landfill,2.0,nan,U,0.0,0,0,0,0.0,0,0.0,0.0,0.0,4800.0,0.0,0.0,0.0,0.0,0.0
2658,Mississippi,Stone,666.0,2000,Unspecified,Landfill,2.0,nan,U,0.0,0,0,0,0.0,0,0.0,0.0,0.0,5616.0,0.0,0.0,0.0,0.0,0.0
2659,Mississippi,Stone,667.0,2001,Unspecified,Landfill,2.0,nan,U,0.0,0,0,0,0.0,0,0.0,0.0,0.0,7093.0,0.0,0.0,0.0,0.0,0.0
2660,Mississippi,Stone,668.0,2002,Unspecified,Landfill,2.0,nan,U,0.0,0,0,0,0.0,0,0.0,0.0,0.0,6411.0,0.0,0.0,0.0,0.0,0.0
2661,Mississippi,Stone,669.0,2005,Unspecified,Landfill,2.0,nan,U,0.0,0,0,0,0.0,0,0.0,0.0,0.0,8664.0,0.0,0.0,0.0,0.0,0.0
2662,Mississippi,Sunflower,164.0,2007,Unspecified,Landfill,2.0,nan,U,0.0,0,0,0,0.0,0,0.0,0.0,0.0,20249.0,0.0,0.0,0.0,0.0,0.0
2663,Mississippi,Sunflower,165.0,2008,Unspecified,Landfill,2.0,nan,U,0.0,0,0,0,0.0,0,0.0,0.0,0.0,17927.0,0.0,0.0,0.0,0.0,0.0
2664,Mississippi,Sunflower,166.0,2006,Unspecified,Landfill,2.0,nan,U,0.0,0,0,0,0.0,0,0.0,0.0,0.0,21172.0,0.0,0.0,0.0,0.0,0.0
2665,Mississippi,Sunflower,167.0,2003,Unspecified,Landfill,2.0,nan,U,0.0,0,0,0,0.0,0,0.0,0.0,0.0,16716.0,0.0,0.0,0.0,0.0,0.0
2666,Mississippi,Sunflower,168.0,2004,Unspecified,Landfill,2.0,nan,U,0.0,0,0,0,0.0,0,0.0,0.0,0.0,15182.0,0.0,0.0,0.0,0.0,0.0
2667,Mississippi,Sunflower,666.0,2000,Unspecified,Landfill,2.0,nan,U,0.0,0,0,0,0.0,0,0.0,0.0,0.0,13345.0,0.0,0.0,0.0,0.0,0.0
2668,Mississippi,Sunflower,667.0,2001,Unspecified,Landfill,2.0,nan,U,0.0,0,0,0,0.0,0,0.0,0.0,0.0,17196.0,0.0,0.0,0.0,0.0,0.0
2669,Mississippi,Sunflower,668.0,2002,Unspecified,Landfill,2.0,nan,U,0.0,0,0,0,0.0,0,0.0,0.0,0.0,17634.0,0.0,0.0,0.0,0.0,0.0
2670,Mississippi,Sunflower,669.0,2005,Unspecified,Landfill,2.0,nan,U,0.0,0,0,0,0.0,0,0.0,0.0,0.0,14936.0,0.0,0.0,0.0,0.0,0.0
2671,Mississippi,Tallahatchie,164.0,2007,Unspecified,Landfill,2.0,nan,U,0.0,0,0,0,0.0,0,0.0,0.0,0.0,5334.0,0.0,0.0,0.0,0.0,0.0
2672,Mississippi,Tallahatchie,165.0,2008,Unspecified,Landfill,2.0,nan,U,0.0,0,0,0,0.0,0,0.0,0.0,0.0,4823.0,0.0,0.0,0.0,0.0,0.0
2673,Mississippi,Tallahatchie,166.0,2006,Unspecified,Landfill,2.0,nan,U,0.0,0,0,0,0.0,0,0.0,0.0,0.0,4350.0,0.0,0.0,0.0,0.0,0.0
2674,Mississippi,Tallahatchie,167.0,2003,Unspecified,Landfill,2.0,nan,U,0.0,0,0,0,0.0,0,0.0,0.0,0.0,2159.0,0.0,0.0,0.0,0.0,0.0
2675,Mississippi,Tallahatchie,168.0,2004,Unspecified,Landfill,2.0,nan,U,0.0,0,0,0,0.0,0,0.0,0.0,0.0,1469.0,0.0,0.0,0.0,0.0,0.0
2676,Mississippi,Tallahatchie,666.0,2000,Unspecified,Landfill,2.0,nan,U,0.0,0,0,0,0.0,0,0.0,0.0,0.0,1121.0,0.0,0.0,0.0,0.0,0.0
2677,Mississippi,Tallahatchie,667.0,2001,Unspecified,Landfill,2.0,nan,U,0.0,0,0,0,0.0,0,0.0,0.0,0.0,1433.0,0.0,0.0,0.0,0.0,0.0
2678,Mississippi,Tallahatchie,668.0,2002,Unspecified,Landfill,2.0,nan,U,0.0,0,0,0,0.0,0,0.0,0.0,0.0,3418.0,0.0,0.0,0.0,0.0,0.0
2679,Mississippi,Tallahatchie,669.0,2005,Unspecified,Landfill,2.0,nan,U,0.0,0,0,0,0.0,0,0.0,0.0,0.0,1411.0,0.0,0.0,0.0,0.0,0.0
2680,Mississippi,Tate,164.0,2007,Unspecified,Landfill,2.0,nan,U,0.0,0,0,0,0.0,0,0.0,0.0,0.0,13617.0,0.0,0.0,0.0,0.0,0.0
2681,Mississippi,Tate,165.0,2008,Unspecified,Landfill,2.0,nan,U,0.0,0,0,0,0.0,0,0.0,0.0,0.0,17674.0,0.0,0.0,0.0,0.0,0.0
2682,Mississippi,Tate,166.0,2006,Unspecified,Landfill,2.0,nan,U,0.0,0,0,0,0.0,0,0.0,0.0,0.0,17547.0,0.0,0.0,0.0,0.0,0.0
2683,Mississippi,Tate,167.0,2003,Unspecified,Landfill,2.0,nan,U,0.0,0,0,0,0.0,0,0.0,0.0,0.0,10380.0,0.0,0.0,0.0,0.0,0.0
2684,Mississippi,Tate,168.0,2004,Unspecified,Landfill,2.0,nan,U,0.0,0,0,0,0.0,0,0.0,0.0,0.0,11850.0,0.0,0.0,0.0,0.0,0.0
2685,Mississippi,Tate,666.0,2000,Unspecified,Landfill,2.0,nan,U,0.0,0,0,0,0.0,0,0.0,0.0,0.0,6730.0,0.0,0.0,0.0,0.0,0.0
2686,Mississippi,Tate,667.0,2001,Unspecified,Landfill,2.0,nan,U,0.0,0,0,0,0.0,0,0.0,0.0,0.0,12319.0,0.0,0.0,0.0,0.0,0.0
2687,Mississippi,Tate,668.0,2002,Unspecified,Landfill,2.0,nan,U,0.0,0,0,0,0.0,0,0.0,0.0,0.0,9907.0,0.0,0.0,0.0,0.0,0.0
2688,Mississippi,Tate,669.0,2005,Unspecified,Landfill,2.0,nan,U,0.0,0,0,0,0.0,0,0.0,0.0,0.0,15390.0,0.0,0.0,0.0,0.0,0.0
2689,Mississippi,Tippah,164.0,2007,Unspecified,Landfill,2.0,nan,U,0.0,0,0,0,0.0,0,0.0,0.0,0.0,16827.0,0.0,0.0,0.0,0.0,0.0
2690,Mississippi,Tippah,165.0,2008,Unspecified,Landfill,2.0,nan,U,0.0,0,0,0,0.0,0,0.0,0.0,0.0,9313.0,0.0,0.0,0.0,0.0,0.0
2691,Mississippi,Tippah,166.0,2006,Unspecified,Landfill,2.0,nan,U,0.0,0,0,0,0.0,0,0.0,0.0,0.0,15604.0,0.0,0.0,0.0,0.0,0.0
2692,Mississippi,Tippah,167.0,2003,Unspecified,Landfill,2.0,nan,U,0.0,0,0,0,0.0,0,0.0,0.0,0.0,9068.0,0.0,0.0,0.0,0.0,0.0
2693,Mississippi,Tippah,168.0,2004,Unspecified,Landfill,2.0,nan,U,0.0,0,0,0,0.0,0,0.0,0.0,0.0,8038.0,0.0,0.0,0.0,0.0,0.0
2694,Mississippi,Tippah,666.0,2000,Unspecified,Landfill,2.0,nan,U,0.0,0,0,0,0.0,0,0.0,0.0,0.0,7654.0,0.0,0.0,0.0,0.0,0.0
2695,Mississippi,Tippah,667.0,2001,Unspecified,Landfill,2.0,nan,U,0.0,0,0,0,0.0,0,0.0,0.0,0.0,8929.0,0.0,0.0,0.0,0.0,0.0
2696,Mississippi,Tippah,668.0,2002,Unspecified,Landfill,2.0,nan,U,0.0,0,0,0,0.0,0,0.0,0.0,0.0,7930.0,0.0,0.0,0.0,0.0,0.0
2697,Mississippi,Tippah,669.0,2005,Unspecified,Landfill,2.0,nan,U,0.0,0,0,0,0.0,0,0.0,0.0,0.0,9509.0,0.0,0.0,0.0,0.0,0.0
2698,Mississippi,Tishomingo,164.0,2007,Unspecified,Landfill,2.0,nan,U,0.0,0,0,0,0.0,0,0.0,0.0,0.0,14742.0,0.0,0.0,0.0,0.0,0.0
2699,Mississippi,Tishomingo,165.0,2008,Unspecified,Landfill,2.0,nan,U,0.0,0,0,0,0.0,0,0.0,0.0,0.0,13200.0,0.0,0.0,0.0,0.0,0.0
2700,Mississippi,Tishomingo,166.0,2006,Unspecified,Landfill,2.0,nan,U,0.0,0,0,0,0.0,0,0.0,0.0,0.0,12709.0,0.0,0.0,0.0,0.0,0.0
2701,Mississippi,Tishomingo,167.0,2003,Unspecified,Landfill,2.0,nan,U,0.0,0,0,0,0.0,0,0.0,0.0,0.0,12385.0,0.0,0.0,0.0,0.0,0.0
2702,Mississippi,Tishomingo,168.0,2004,Unspecified,Landfill,2.0,nan,U,0.0,0,0,0,0.0,0,0.0,0.0,0.0,12029.0,0.0,0.0,0.0,0.0,0.0
2703,Mississippi,Tishomingo,666.0,2000,Unspecified,Landfill,2.0,nan,U,0.0,0,0,0,0.0,0,0.0,0.0,0.0,9260.0,0.0,0.0,0.0,0.0,0.0
2704,Mississippi,Tishomingo,667.0,2001,Unspecified,Landfill,2.0,nan,U,0.0,0,0,0,0.0,0,0.0,0.0,0.0,12671.0,0.0,0.0,0.0,0.0,0.0
2705,Mississippi,Tishomingo,668.0,2002,Unspecified,Landfill,2.0,nan,U,0.0,0,0,0,0.0,0,0.0,0.0,0.0,10663.0,0.0,0.0,0.0,0.0,0.0
2706,Mississippi,Tishomingo,669.0,2005,Unspecified,Landfill,2.0,nan,U,0.0,0,0,0,0.0,0,0.0,0.0,0.0,11293.0,0.0,0.0,0.0,0.0,0.0
2707,Mississippi,Tunica,164.0,2007,Unspecified,Landfill,2.0,nan,U,0.0,0,0,0,0.0,0,0.0,0.0,0.0,52984.0,0.0,0.0,0.0,0.0,0.0
2708,Mississippi,Tunica,165.0,2008,Unspecified,Landfill,2.0,nan,U,0.0,0,0,0,0.0,0,0.0,0.0,0.0,43285.0,0.0,0.0,0.0,0.0,0.0
2709,Mississippi,Tunica,166.0,2006,Unspecified,Landfill,2.0,nan,U,0.0,0,0,0,0.0,0,0.0,0.0,0.0,46465.0,0.0,0.0,0.0,0.0,0.0
2710,Mississippi,Tunica,167.0,2003,Unspecified,Landfill,2.0,nan,U,0.0,0,0,0,0.0,0,0.0,0.0,0.0,76536.0,0.0,0.0,0.0,0.0,0.0
2711,Mississippi,Tunica,168.0,2004,Unspecified,Landfill,2.0,nan,U,0.0,0,0,0,0.0,0,0.0,0.0,0.0,49515.0,0.0,0.0,0.0,0.0,0.0
2712,Mississippi,Tunica,666.0,2000,Unspecified,Landfill,2.0,nan,U,0.0,0,0,0,0.0,0,0.0,0.0,0.0,58337.0,0.0,0.0,0.0,0.0,0.0
2713,Mississippi,Tunica,667.0,2001,Unspecified,Landfill,2.0,nan,U,0.0,0,0,0,0.0,0,0.0,0.0,0.0,46805.0,0.0,0.0,0.0,0.0,0.0
2714,Mississippi,Tunica,668.0,2002,Unspecified,Landfill,2.0,nan,U,0.0,0,0,0,0.0,0,0.0,0.0,0.0,52377.0,0.0,0.0,0.0,0.0,0.0
2715,Mississippi,Tunica,669.0,2005,Unspecified,Landfill,2.0,nan,U,0.0,0,0,0,0.0,0,0.0,0.0,0.0,49430.0,0.0,0.0,0.0,0.0,0.0
2716,Mississippi,Union,164.0,2007,Unspecified,Landfill,2.0,nan,U,0.0,0,0,0,0.0,0,0.0,0.0,0.0,16533.0,0.0,0.0,0.0,0.0,0.0
2717,Mississippi,Union,165.0,2008,Unspecified,Landfill,2.0,nan,U,0.0,0,0,0,0.0,0,0.0,0.0,0.0,15351.0,0.0,0.0,0.0,0.0,0.0
2718,Mississippi,Union,166.0,2006,Unspecified,Landfill,2.0,nan,U,0.0,0,0,0,0.0,0,0.0,0.0,0.0,15068.0,0.0,0.0,0.0,0.0,0.0
2719,Mississippi,Union,167.0,2003,Unspecified,Landfill,2.0,nan,U,0.0,0,0,0,0.0,0,0.0,0.0,0.0,14468.0,0.0,0.0,0.0,0.0,0.0
2720,Mississippi,Union,168.0,2004,Unspecified,Landfill,2.0,nan,U,0.0,0,0,0,0.0,0,0.0,0.0,0.0,16645.0,0.0,0.0,0.0,0.0,0.0
2721,Mississippi,Union,666.0,2000,Unspecified,Landfill,2.0,nan,U,0.0,0,0,0,0.0,0,0.0,0.0,0.0,16072.0,0.0,0.0,0.0,0.0,0.0
2722,Mississippi,Union,667.0,2001,Unspecified,Landfill,2.0,nan,U,0.0,0,0,0,0.0,0,0.0,0.0,0.0,15132.0,0.0,0.0,0.0,0.0,0.0
2723,Mississippi,Union,668.0,2002,Unspecified,Landfill,2.0,nan,U,0.0,0,0,0,0.0,0,0.0,0.0,0.0,14212.0,0.0,0.0,0.0,0.0,0.0
2724,Mississippi,Union,669.0,2005,Unspecified,Landfill,2.0,nan,U,0.0,0,0,0,0.0,0,0.0,0.0,0.0,16042.0,0.0,0.0,0.0,0.0,0.0
2725,Mississippi,Walthall,164.0,2007,Unspecified,Landfill,2.0,nan,U,0.0,0,0,0,0.0,0,0.0,0.0,0.0,31.0,0.0,0.0,0.0,0.0,0.0
2726,Mississippi,Walthall,165.0,2008,Unspecified,Landfill,2.0,nan,U,0.0,0,0,0,0.0,0,0.0,0.0,0.0,3992.0,0.0,0.0,0.0,0.0,0.0
2727,Mississippi,Walthall,166.0,2006,Unspecified,Landfill,2.0,nan,U,0.0,0,0,0,0.0,0,0.0,0.0,0.0,4636.0,0.0,0.0,0.0,0.0,0.0
2728,Mississippi,Walthall,167.0,2003,Unspecified,Landfill,2.0,nan,U,0.0,0,0,0,0.0,0,0.0,0.0,0.0,5.0,0.0,0.0,0.0,0.0,0.0
2729,Mississippi,Walthall,168.0,2004,Unspecified,Landfill,2.0,nan,U,0.0,0,0,0,0.0,0,0.0,0.0,0.0,9.0,0.0,0.0,0.0,0.0,0.0
2730,Mississippi,Walthall,666.0,2000,Unspecified,Landfill,2.0,nan,U,0.0,0,0,0,0.0,0,0.0,0.0,0.0,35.75,0.0,0.0,0.0,0.0,0.0
2731,Mississippi,Walthall,667.0,2001,Unspecified,Landfill,2.0,nan,U,0.0,0,0,0,0.0,0,0.0,0.0,0.0,43.0,0.0,0.0,0.0,0.0,0.0
2732,Mississippi,Walthall,668.0,2002,Unspecified,Landfill,2.0,nan,U,0.0,0,0,0,0.0,0,0.0,0.0,0.0,110.0,0.0,0.0,0.0,0.0,0.0
2733,Mississippi,Walthall,669.0,2005,Unspecified,Landfill,2.0,nan,U,0.0,0,0,0,0.0,0,0.0,0.0,0.0,1692.0,0.0,0.0,0.0,0.0,0.0
2734,Mississippi,Warren,164.0,2007,Unspecified,Landfill,2.0,nan,U,0.0,0,0,0,0.0,0,0.0,0.0,0.0,6603.0,0.0,0.0,0.0,0.0,0.0
2735,Mississippi,Warren,165.0,2008,Unspecified,Landfill,2.0,nan,U,0.0,0,0,0,0.0,0,0.0,0.0,0.0,11318.0,0.0,0.0,0.0,0.0,0.0
2736,Mississippi,Warren,166.0,2006,Unspecified,Landfill,2.0,nan,U,0.0,0,0,0,0.0,0,0.0,0.0,0.0,6459.0,0.0,0.0,0.0,0.0,0.0
2737,Mississippi,Warren,167.0,2003,Unspecified,Landfill,2.0,nan,U,0.0,0,0,0,0.0,0,0.0,0.0,0.0,7715.0,0.0,0.0,0.0,0.0,0.0
2738,Mississippi,Warren,168.0,2004,Unspecified,Landfill,2.0,nan,U,0.0,0,0,0,0.0,0,0.0,0.0,0.0,8751.0,0.0,0.0,0.0,0.0,0.0
2739,Mississippi,Warren,666.0,2000,Unspecified,Landfill,2.0,nan,U,0.0,0,0,0,0.0,0,0.0,0.0,0.0,39042.0,0.0,0.0,0.0,0.0,0.0
2740,Mississippi,Warren,667.0,2001,Unspecified,Landfill,2.0,nan,U,0.0,0,0,0,0.0,0,0.0,0.0,0.0,36313.0,0.0,0.0,0.0,0.0,0.0
2741,Mississippi,Warren,668.0,2002,Unspecified,Landfill,2.0,nan,U,0.0,0,0,0,0.0,0,0.0,0.0,0.0,8556.0,0.0,0.0,0.0,0.0,0.0
2742,Mississippi,Warren,669.0,2005,Unspecified,Landfill,2.0,nan,U,0.0,0,0,0,0.0,0,0.0,0.0,0.0,5462.0,0.0,0.0,0.0,0.0,0.0
2743,Mississippi,Washington,164.0,2007,Unspecified,Landfill,2.0,nan,U,0.0,0,0,0,0.0,0,0.0,0.0,0.0,103310.0,0.0,0.0,0.0,0.0,0.0
2744,Mississippi,Washington,165.0,2008,Unspecified,Landfill,2.0,nan,U,0.0,0,0,0,0.0,0,0.0,0.0,0.0,98447.0,0.0,0.0,0.0,0.0,0.0
2745,Mississippi,Washington,166.0,2006,Unspecified,Landfill,2.0,nan,U,0.0,0,0,0,0.0,0,0.0,0.0,0.0,108224.0,0.0,0.0,0.0,0.0,0.0
2746,Mississippi,Washington,167.0,2003,Unspecified,Landfill,2.0,nan,U,0.0,0,0,0,0.0,0,0.0,0.0,0.0,109871.0,0.0,0.0,0.0,0.0,0.0
2747,Mississippi,Washington,168.0,2004,Unspecified,Landfill,2.0,nan,U,0.0,0,0,0,0.0,0,0.0,0.0,0.0,116036.0,0.0,0.0,0.0,0.0,0.0
2748,Mississippi,Washington,666.0,2000,Unspecified,Landfill,2.0,nan,U,0.0,0,0,0,0.0,0,0.0,0.0,0.0,43308.0,0.0,0.0,0.0,0.0,0.0
2749,Mississippi,Washington,667.0,2001,Unspecified,Landfill,2.0,nan,U,0.0,0,0,0,0.0,0,0.0,0.0,0.0,106297.0,0.0,0.0,0.0,0.0,0.0
2750,Mississippi,Washington,668.0,2002,Unspecified,Landfill,2.0,nan,U,0.0,0,0,0,0.0,0,0.0,0.0,0.0,137323.0,0.0,0.0,0.0,0.0,0.0
2751,Mississippi,Washington,669.0,2005,Unspecified,Landfill,2.0,nan,U,0.0,0,0,0,0.0,0,0.0,0.0,0.0,109456.0,0.0,0.0,0.0,0.0,0.0
2752,Mississippi,Wayne,164.0,2007,Unspecified,Landfill,2.0,nan,U,0.0,0,0,0,0.0,0,0.0,0.0,0.0,6949.0,0.0,0.0,0.0,0.0,0.0
2753,Mississippi,Wayne,165.0,2008,Unspecified,Landfill,2.0,nan,U,0.0,0,0,0,0.0,0,0.0,0.0,0.0,9595.0,0.0,0.0,0.0,0.0,0.0
2754,Mississippi,Wayne,166.0,2006,Unspecified,Landfill,2.0,nan,U,0.0,0,0,0,0.0,0,0.0,0.0,0.0,5975.0,0.0,0.0,0.0,0.0,0.0
2755,Mississippi,Wayne,167.0,2003,Unspecified,Landfill,2.0,nan,U,0.0,0,0,0,0.0,0,0.0,0.0,0.0,8884.0,0.0,0.0,0.0,0.0,0.0
2756,Mississippi,Wayne,168.0,2004,Unspecified,Landfill,2.0,nan,U,0.0,0,0,0,0.0,0,0.0,0.0,0.0,5260.0,0.0,0.0,0.0,0.0,0.0
2757,Mississippi,Wayne,666.0,2000,Unspecified,Landfill,2.0,nan,U,0.0,0,0,0,0.0,0,0.0,0.0,0.0,9265.0,0.0,0.0,0.0,0.0,0.0
2758,Mississippi,Wayne,667.0,2001,Unspecified,Landfill,2.0,nan,U,0.0,0,0,0,0.0,0,0.0,0.0,0.0,9206.0,0.0,0.0,0.0,0.0,0.0
2759,Mississippi,Wayne,668.0,2002,Unspecified,Landfill,2.0,nan,U,0.0,0,0,0,0.0,0,0.0,0.0,0.0,8896.0,0.0,0.0,0.0,0.0,0.0
2760,Mississippi,Wayne,669.0,2005,Unspecified,Landfill,2.0,nan,U,0.0,0,0,0,0.0,0,0.0,0.0,0.0,3677.0,0.0,0.0,0.0,0.0,0.0
2761,Mississippi,Webster,164.0,2007,Unspecified,Landfill,2.0,nan,U,0.0,0,0,0,0.0,0,0.0,0.0,0.0,5817.0,0.0,0.0,0.0,0.0,0.0
2762,Mississippi,Webster,165.0,2008,Unspecified,Landfill,2.0,nan,U,0.0,0,0,0,0.0,0,0.0,0.0,0.0,5427.0,0.0,0.0,0.0,0.0,0.0
2763,Mississippi,Webster,166.0,2006,Unspecified,Landfill,2.0,nan,U,0.0,0,0,0,0.0,0,0.0,0.0,0.0,6435.0,0.0,0.0,0.0,0.0,0.0
2764,Mississippi,Webster,167.0,2003,Unspecified,Landfill,2.0,nan,U,0.0,0,0,0,0.0,0,0.0,0.0,0.0,6109.0,0.0,0.0,0.0,0.0,0.0
2765,Mississippi,Webster,168.0,2004,Unspecified,Landfill,2.0,nan,U,0.0,0,0,0,0.0,0,0.0,0.0,0.0,6162.0,0.0,0.0,0.0,0.0,0.0
2766,Mississippi,Webster,666.0,2000,Unspecified,Landfill,2.0,nan,U,0.0,0,0,0,0.0,0,0.0,0.0,0.0,4671.0,0.0,0.0,0.0,0.0,0.0
2767,Mississippi,Webster,667.0,2001,Unspecified,Landfill,2.0,nan,U,0.0,0,0,0,0.0,0,0.0,0.0,0.0,4994.0,0.0,0.0,0.0,0.0,0.0
2768,Mississippi,Webster,668.0,2002,Unspecified,Landfill,2.0,nan,U,0.0,0,0,0,0.0,0,0.0,0.0,0.0,5505.0,0.0,0.0,0.0,0.0,0.0
2769,Mississippi,Webster,669.0,2005,Unspecified,Landfill,2.0,nan,U,0.0,0,0,0,0.0,0,0.0,0.0,0.0,5748.0,0.0,0.0,0.0,0.0,0.0
2770,Mississippi,Wilkinson,164.0,2007,Unspecified,Landfill,2.0,nan,U,0.0,0,0,0,0.0,0,0.0,0.0,0.0,3792.0,0.0,0.0,0.0,0.0,0.0
2771,Mississippi,Wilkinson,165.0,2008,Unspecified,Landfill,2.0,nan,U,0.0,0,0,0,0.0,0,0.0,0.0,0.0,3015.0,0.0,0.0,0.0,0.0,0.0
2772,Mississippi,Wilkinson,166.0,2006,Unspecified,Landfill,2.0,nan,U,0.0,0,0,0,0.0,0,0.0,0.0,0.0,2558.0,0.0,0.0,0.0,0.0,0.0
2773,Mississippi,Wilkinson,167.0,2003,Unspecified,Landfill,2.0,nan,U,0.0,0,0,0,0.0,0,0.0,0.0,0.0,3238.0,0.0,0.0,0.0,0.0,0.0
2774,Mississippi,Wilkinson,168.0,2004,Unspecified,Landfill,2.0,nan,U,0.0,0,0,0,0.0,0,0.0,0.0,0.0,3150.0,0.0,0.0,0.0,0.0,0.0
2775,Mississippi,Wilkinson,666.0,2000,Unspecified,Landfill,2.0,nan,U,0.0,0,0,0,0.0,0,0.0,0.0,0.0,4458.0,0.0,0.0,0.0,0.0,0.0
2776,Mississippi,Wilkinson,667.0,2001,Unspecified,Landfill,2.0,nan,U,0.0,0,0,0,0.0,0,0.0,0.0,0.0,3664.0,0.0,0.0,0.0,0.0,0.0
2777,Mississippi,Wilkinson,668.0,2002,Unspecified,Landfill,2.0,nan,U,0.0,0,0,0,0.0,0,0.0,0.0,0.0,3693.0,0.0,0.0,0.0,0.0,0.0
2778,Mississippi,Wilkinson,669.0,2005,Unspecified,Landfill,2.0,nan,U,0.0,0,0,0,0.0,0,0.0,0.0,0.0,4032.0,0.0,0.0,0.0,0.0,0.0
2779,Mississippi,Winston,164.0,2007,Unspecified,Landfill,2.0,nan,U,0.0,0,0,0,0.0,0,0.0,0.0,0.0,12561.0,0.0,0.0,0.0,0.0,0.0
2780,Mississippi,Winston,165.0,2008,Unspecified,Landfill,2.0,nan,U,0.0,0,0,0,0.0,0,0.0,0.0,0.0,12903.0,0.0,0.0,0.0,0.0,0.0
2781,Mississippi,Winston,166.0,2006,Unspecified,Landfill,2.0,nan,U,0.0,0,0,0,0.0,0,0.0,0.0,0.0,14107.0,0.0,0.0,0.0,0.0,0.0
2782,Mississippi,Winston,167.0,2003,Unspecified,Landfill,2.0,nan,U,0.0,0,0,0,0.0,0,0.0,0.0,0.0,12704.0,0.0,0.0,0.0,0.0,0.0
2783,Mississippi,Winston,168.0,2004,Unspecified,Landfill,2.0,nan,U,0.0,0,0,0,0.0,0,0.0,0.0,0.0,13292.0,0.0,0.0,0.0,0.0,0.0
2784,Mississippi,Winston,666.0,2000,Unspecified,Landfill,2.0,nan,U,0.0,0,0,0,0.0,0,0.0,0.0,0.0,11913.0,0.0,0.0,0.0,0.0,0.0
2785,Mississippi,Winston,667.0,2001,Unspecified,Landfill,2.0,nan,U,0.0,0,0,0,0.0,0,0.0,0.0,0.0,15439.0,0.0,0.0,0.0,0.0,0.0
2786,Mississippi,Winston,668.0,2002,Unspecified,Landfill,2.0,nan,U,0.0,0,0,0,0.0,0,0.0,0.0,0.0,12013.0,0.0,0.0,0.0,0.0,0.0
2787,Mississippi,Winston,669.0,2005,Unspecified,Landfill,2.0,nan,U,0.0,0,0,0,0.0,0,0.0,0.0,0.0,13712.0,0.0,0.0,0.0,0.0,0.0
2788,Mississippi,Yalobusha,164.0,2007,Unspecified,Landfill,2.0,nan,U,0.0,0,0,0,0.0,0,0.0,0.0,0.0,6143.0,0.0,0.0,0.0,0.0,0.0
2789,Mississippi,Yalobusha,165.0,2008,Unspecified,Landfill,2.0,nan,U,0.0,0,0,0,0.0,0,0.0,0.0,0.0,5085.0,0.0,0.0,0.0,0.0,0.0
2790,Mississippi,Yalobusha,166.0,2006,Unspecified,Landfill,2.0,nan,U,0.0,0,0,0,0.0,0,0.0,0.0,0.0,6873.0,0.0,0.0,0.0,0.0,0.0
2791,Mississippi,Yalobusha,167.0,2003,Unspecified,Landfill,2.0,nan,U,0.0,0,0,0,0.0,0,0.0,0.0,0.0,4263.0,0.0,0.0,0.0,0.0,0.0
2792,Mississippi,Yalobusha,168.0,2004,Unspecified,Landfill,2.0,nan,U,0.0,0,0,0,0.0,0,0.0,0.0,0.0,5000.0,0.0,0.0,0.0,0.0,0.0
2793,Mississippi,Yalobusha,666.0,2000,Unspecified,Landfill,2.0,nan,U,0.0,0,0,0,0.0,0,0.0,0.0,0.0,2393.0,0.0,0.0,0.0,0.0,0.0
2794,Mississippi,Yalobusha,667.0,2001,Unspecified,Landfill,2.0,nan,U,0.0,0,0,0,0.0,0,0.0,0.0,0.0,3617.0,0.0,0.0,0.0,0.0,0.0
2795,Mississippi,Yalobusha,668.0,2002,Unspecified,Landfill,2.0,nan,U,0.0,0,0,0,0.0,0,0.0,0.0,0.0,4804.0,0.0,0.0,0.0,0.0,0.0
2796,Mississippi,Yalobusha,669.0,2005,Unspecified,Landfill,2.0,nan,U,0.0,0,0,0,0.0,0,0.0,0.0,0.0,5590.0,0.0,0.0,0.0,0.0,0.0
2797,Mississippi,Yazoo,164.0,2007,Unspecified,Landfill,2.0,nan,U,0.0,0,0,0,0.0,0,0.0,0.0,0.0,30378.0,0.0,0.0,0.0,0.0,0.0
2798,Mississippi,Yazoo,165.0,2008,Unspecified,Landfill,2.0,nan,U,0.0,0,0,0,0.0,0,0.0,0.0,0.0,29851.0,0.0,0.0,0.0,0.0,0.0
2799,Mississippi,Yazoo,166.0,2006,Unspecified,Landfill,2.0,nan,U,0.0,0,0,0,0.0,0,0.0,0.0,0.0,19064.0,0.0,0.0,0.0,0.0,0.0
2800,Mississippi,Yazoo,167.0,2003,Unspecified,Landfill,2.0,nan,U,0.0,0,0,0,0.0,0,0.0,0.0,0.0,18939.0,0.0,0.0,0.0,0.0,0.0
2801,Mississippi,Yazoo,168.0,2004,Unspecified,Landfill,2.0,nan,U,0.0,0,0,0,0.0,0,0.0,0.0,0.0,18746.0,0.0,0.0,0.0,0.0,0.0
2802,Mississippi,Yazoo,666.0,2000,Unspecified,Landfill,2.0,nan,U,0.0,0,0,0,0.0,0,0.0,0.0,0.0,10274.0,0.0,0.0,0.0,0.0,0.0
2803,Mississippi,Yazoo,667.0,2001,Unspecified,Landfill,2.0,nan,U,0.0,0,0,0,0.0,0,0.0,0.0,0.0,14775.0,0.0,0.0,0.0,0.0,0.0
2804,Mississippi,Yazoo,668.0,2002,Unspecified,Landfill,2.0,nan,U,0.0,0,0,0,0.0,0,0.0,0.0,0.0,17505.0,0.0,0.0,0.0,0.0,0.0
2805,Mississippi,Yazoo,669.0,2005,Unspecified,Landfill,2.0,nan,U,0.0,0,0,0,0.0,0,0.0,0.0,0.0,14942.0,0.0,0.0,0.0,0.0,0.0
2806,Mississippi,,161.0,2019,Unspecified,"Landfill, Landfill, Landfill, Landfill, Compost Facility",2.0,nan,U,0.0,0,0,0,0.0,0,30211.0,0.0,782354.0,3579091.0,0.0,1511616.0,0.0,0.0,0.0
2807,Mississippi,,162.0,2018,Unspecified,"Landfill, Landfill, Landfill, Landfill, Compost Facility",2.0,nan,U,0.0,0,0,0,0.0,0,23405.0,0.0,795212.0,3646933.0,0.0,1403563.0,0.0,0.0,0.0
2808,Mississippi,,163.0,2017,Unspecified,"Landfill, Landfill, Landfill, Landfill, Compost Facility",2.0,nan,U,0.0,0,0,0,0.0,0,27141.0,0.0,669668.0,3425569.0,0.0,1511359.0,0.0,0.0,0.0
2809,Mississippi,,164.0,2007,Unspecified,Landfill,2.0,nan,U,0.0,0,0,0,0.0,0,0.0,0.0,552251.0,3073408.0,0.0,1623784.0,0.0,0.0,0.0
2810,Mississippi,,165.0,2008,Unspecified,Landfill,2.0,nan,U,0.0,0,0,0,0.0,0,0.0,0.0,618557.0,3171796.0,0.0,1462264.0,0.0,0.0,0.0
2811,Mississippi,,166.0,2006,Unspecified,Landfill,2.0,nan,U,0.0,0,0,0,0.0,0,0.0,0.0,574599.0,3396747.0,0.0,2537395.0,0.0,0.0,0.0
2812,Mississippi,,167.0,2003,Unspecified,Landfill,2.0,nan,U,0.0,0,0,0,0.0,0,0.0,0.0,579752.0,2979490.0,0.0,754926.0,0.0,0.0,0.0
2813,Mississippi,,168.0,2004,Unspecified,Landfill,2.0,nan,U,0.0,0,0,0,0.0,0,0.0,0.0,550411.0,2955590.0,0.0,685333.0,0.0,0.0,0.0
2814,Mississippi,,392.0,2010,Unspecified,Unspecified,"2.0, 4.0, 2.0, 3.0",nan,N,0.0,0,0,0,0.0,0,21678.0,0.0,693301.0,2981391.0,0.0,0.0,0.0,109811.0,0.0
2815,Mississippi,,392.0,2013,Unspecified,Unspecified,"2.0, 4.0, 2.0, 2.0, 2.0",nan,N,0.0,0,0,0,0.0,0,21832.0,36559.0,761028.0,2993025.0,0.0,0.0,0.0,110594.0,0.0
2816,Mississippi,,666.0,2000,Unspecified,Landfill,2.0,nan,U,0.0,0,0,0,0.0,0,0.0,0.0,334365.0,2570879.0,0.0,0.0,0.0,0.0,0.0
2817,Mississippi,,667.0,2001,Unspecified,Landfill,2.0,nan,U,0.0,0,0,0,0.0,0,0.0,0.0,466399.0,2808684.0,0.0,1382373.13,0.0,0.0,0.0
2818,Mississippi,,668.0,2002,Unspecified,Landfill,2.0,nan,U,0.0,0,0,0,0.0,0,0.0,0.0,537504.0,2877376.0,0.0,880661.1200000001,0.0,0.0,0.0
2819,Mississippi,,669.0,2005,Unspecified,Landfill,2.0,nan,U,0.0,0,0,0,0.0,0,0.0,0.0,553772.0,3179844.0,0.0,1824463.0,0.0,0.0,0.0
2820,Mississippi,,670.0,2009,Unspecified,Landfill,2.0,nan,U,0.0,0,0,0,0.0,0,0.0,0.0,666600.0,3125734.0,0.0,1253740.0,0.0,0.0,0.0
2821,Mississippi,,671.0,2010,Unspecified,Landfill,2.0,nan,U,0.0,0,0,0,0.0,0,0.0,0.0,693301.0,3303079.0,0.0,1116455.0,0.0,0.0,0.0
2822,Mississippi,,672.0,2011,Unspecified,"Landfill, Landfill, Landfill, Landfill, Compost Facility",2.0,nan,U,0.0,0,0,0,0.0,0,5197.0,0.0,703548.0,3432853.0,0.0,1075333.0,0.0,0.0,0.0
2823,Mississippi,,673.0,2012,Unspecified,"Landfill, Landfill, Landfill, Landfill, Compost Facility",2.0,nan,U,0.0,0,0,0,0.0,0,13414.0,0.0,662528.0,3180139.0,0.0,1089629.0,0.0,0.0,0.0
2824,Mississippi,,674.0,2013,Unspecified,"Landfill, Landfill, Landfill, Landfill, Compost Facility",2.0,nan,U,0.0,0,0,0,0.0,0,22258.0,0.0,761028.0,3313434.0,0.0,1094801.0,0.0,0.0,0.0
2825,Mississippi,,675.0,2014,Unspecified,"Landfill, Landfill, Landfill, Landfill, Compost Facility",2.0,nan,U,0.0,0,0,0,0.0,0,24226.0,0.0,650687.0,3290438.0,0.0,1277642.0,0.0,0.0,0.0
2826,Mississippi,,676.0,2015,Unspecified,"Landfill, Landfill, Landfill, Landfill, Compost Facility",2.0,nan,U,0.0,0,0,0,0.0,0,26296.0,0.0,605647.0,3151292.0,0.0,1206435.0,0.0,0.0,0.0
2827,Mississippi,,677.0,2016,Unspecified,"Landfill, Landfill, Landfill, Landfill, Compost Facility",2.0,nan,U,0.0,0,0,0,0.0,0,19569.0,0.0,574787.0,3287523.0,0.0,1344541.0,0.0,0.0,0.0
2828,Mississippi,,807.0,2020,Unspecified,Compost,2.0,nan,N,0.0,0,0,0,0.0,0,52000.0,0.0,0.0,0.0,0.0,0.0,0.0,0.0,0.0
2829,Mississippi,,808.0,2021,Unspecified,Compost,2.0,nan,N,0.0,0,0,0,0.0,0,36000.0,0.0,0.0,0.0,0.0,0.0,0.0,0.0,0.0
2830,Mississippi,,809.0,2022,Unspecified,Compost,2.0,nan,N,0.0,0,0,0,0.0,0,60000.0,0.0,0.0,0.0,0.0,0.0,0.0,0.0,0.0
2831,Mississippi,,810.0,2023,Unspecified,Compost,2.0,nan,N,0.0,0,0,0,0.0,0,46000.0,0.0,0.0,0.0,0.0,0.0,0.0,0.0,0.0
2832,Missouri,,392.0,2010,Unspecified,Unspecified,"2.0, 4.0, 3.0",nan,N,0.0,0,0,0,0.0,0,132378.0,0.0,0.0,4188174.0,0.0,0.0,0.0,2485678.0,0.0
2833,Missouri,,392.0,2013,Unspecified,Unspecified,"2.0, 4.0, 2.0",nan,N,0.0,0,0,0,0.0,0,148138.0,0.0,0.0,3892206.0,0.0,0.0,0.0,2505621.0,0.0
2834,Missouri,,834.0,2005,Unspecified,Landfill,1.0,nan,N,0.0,0,0,0,0.0,0,0.0,0.0,0.0,4071815.0,0.0,0.0,0.0,0.0,0.0
2835,Missouri,,834.0,2006,Unspecified,Landfill,1.0,nan,N,0.0,0,0,0,0.0,0,0.0,0.0,0.0,4439631.0,0.0,0.0,0.0,0.0,0.0
2836,Missouri,,834.0,2007,Unspecified,Landfill,1.0,nan,N,0.0,0,0,0,0.0,0,0.0,0.0,0.0,4678249.0,0.0,0.0,0.0,0.0,0.0
2837,Missouri,,834.0,2008,Unspecified,Landfill,1.0,nan,N,0.0,0,0,0,0.0,0,0.0,0.0,0.0,4562338.0,0.0,0.0,0.0,0.0,0.0
2838,Missouri,,834.0,2009,Unspecified,Landfill,1.0,nan,N,0.0,0,0,0,0.0,0,0.0,0.0,0.0,3961169.0,0.0,0.0,0.0,0.0,0.0
2839,Missouri,,834.0,2010,Unspecified,Landfill,1.0,nan,N,0.0,0,0,0,0.0,0,0.0,0.0,0.0,4188174.0,0.0,0.0,0.0,0.0,0.0
2840,Missouri,,834.0,2011,Unspecified,Landfill,1.0,nan,N,0.0,0,0,0,0.0,0,0.0,0.0,0.0,4155826.0,0.0,0.0,0.0,0.0,0.0
2841,Missouri,,834.0,2012,Unspecified,Landfill,1.0,nan,N,0.0,0,0,0,0.0,0,0.0,0.0,0.0,3948058.0,0.0,0.0,0.0,0.0,0.0
2842,Missouri,,834.0,2013,Unspecified,Landfill,1.0,nan,N,0.0,0,0,0,0.0,0,0.0,0.0,0.0,3892206.0,0.0,0.0,0.0,0.0,0.0
2843,Missouri,,834.0,2014,Unspecified,Landfill,1.0,nan,N,0.0,0,0,0,0.0,0,0.0,0.0,0.0,3960119.0,0.0,0.0,0.0,0.0,0.0
2844,Missouri,,834.0,2015,Unspecified,Landfill,1.0,nan,N,0.0,0,0,0,0.0,0,0.0,0.0,0.0,4228405.0,0.0,0.0,0.0,0.0,0.0
2845,Missouri,,834.0,2016,Unspecified,Landfill,1.0,nan,N,0.0,0,0,0,0.0,0,0.0,0.0,0.0,4534679.0,0.0,0.0,0.0,0.0,0.0
2846,Missouri,,834.0,2017,Unspecified,Landfill,1.0,nan,N,0.0,0,0,0,0.0,0,0.0,0.0,0.0,4882498.0,0.0,0.0,0.0,0.0,0.0
2847,Missouri,,834.0,2018,Unspecified,Landfill,1.0,nan,N,0.0,0,0,0,0.0,0,0.0,0.0,0.0,4816165.0,0.0,0.0,0.0,0.0,0.0
2848,Missouri,,834.0,2019,Unspecified,Landfill,1.0,nan,N,0.0,0,0,0,0.0,0,0.0,0.0,0.0,5043746.0,0.0,0.0,0.0,0.0,0.0
2849,Missouri,,834.0,2020,Unspecified,Landfill,1.0,nan,N,0.0,0,0,0,0.0,0,0.0,0.0,0.0,5261294.0,0.0,0.0,0.0,0.0,0.0
2850,Missouri,,834.0,2021,Unspecified,Landfill,1.0,nan,N,0.0,0,0,0,0.0,0,0.0,0.0,0.0,5065019.0,0.0,0.0,0.0,0.0,0.0
2851,Missouri,,834.0,2022,Unspecified,Landfill,1.0,nan,N,0.0,0,0,0,0.0,0,0.0,0.0,0.0,4998684.0,0.0,0.0,0.0,0.0,0.0
2852,Missouri,,834.0,2023,Unspecified,Landfill,1.0,nan,N,0.0,0,0,0,0.0,0,0.0,0.0,0.0,5167210.0,0.0,0.0,0.0,0.0,0.0
2853,Montana,,175.0,2016,Unspecified,Landfill,2.0,nan,,0.0,0,0,0,0.0,0,0.0,0.0,0.0,1430414.0,0.0,0.0,0.0,373021.0,0.0
2854,Montana,,392.0,2010,Unspecified,Unspecified,2.0,nan,N,0.0,0,0,0,0.0,0,51865.0,0.0,0.0,908791.0,0.0,0.0,0.0,25641.0,0.0
2855,Montana,,392.0,2013,Unspecified,Unspecified,"2.0, 4.0, 2.0",nan,N,0.0,0,0,0,0.0,0,53155.0,0.0,0.0,964803.0,0.0,0.0,0.0,29272.0,0.0
2856,Nebraska,,392.0,2010,Unspecified,Unspecified,"2.0, 2.0, 3.0",nan,N,0.0,0,0,0,0.0,0,33321.0,0.0,0.0,1793493.0,0.0,0.0,0.0,207090.0,0.0
2857,Nebraska,,392.0,2013,Unspecified,Unspecified,2.0,nan,N,0.0,0,0,0,0.0,0,45697.0,0.0,0.0,1724872.0,0.0,0.0,0.0,211467.0,0.0
2858,Nebraska,,681.0,2013,Unspecified,Landfill,2.0,nan,Y,0.0,0,0,0,0.0,0,0.0,0.0,0.0,1430414.0,0.0,0.0,0.0,446492.78,0.0
2859,Nevada,,392.0,2010,Unspecified,Unspecified,"2.0, 2.0, 2.0, 3.0",nan,N,0.0,0,0,0,0.0,0,55537.0,0.0,297013.0,2433358.0,0.0,0.0,0.0,411564.0,0.0
2860,Nevada,,392.0,2013,Unspecified,Unspecified,"2.0, 4.0, 2.0, 2.0",nan,N,0.0,0,0,0,0.0,0,57322.0,0.0,213258.0,2736064.0,0.0,0.0,0.0,424795.0,0.0
2861,New hampshire,,205.0,2018,Unspecified,"Landfill, WTE",2.0,nan,N,0.0,0,0,0,0.0,0,0.0,0.0,888818.0,0.0,0.0,0.0,1980328.0,0.0,0.0
2862,New hampshire,,205.0,2019,Unspecified,"Landfill, WTE",2.0,nan,N,0.0,0,0,0,0.0,0,0.0,0.0,883830.0,0.0,0.0,0.0,2002947.0,0.0,0.0
2863,New hampshire,,205.0,2020,Unspecified,"Landfill, WTE",2.0,nan,N,0.0,0,0,0,0.0,0,0.0,0.0,913833.0,0.0,0.0,0.0,1956789.0,0.0,0.0
2864,New hampshire,,392.0,2010,Unspecified,Unspecified,"2.0, 2.0, 2.0, 4.0, 2.0, 3.0",nan,N,0.0,0,0,0,0.0,0,29067.0,0.0,427792.0,588579.0,0.0,0.0,0.0,353087.0,374855.0
2865,New hampshire,,392.0,2013,Unspecified,Unspecified,"2.0, 4.0, 2.0, 2.0, 2.0",nan,N,0.0,0,0,0,0.0,0,32437.0,11034.0,306817.0,635641.0,0.0,0.0,0.0,354923.0,0.0
2866,New hampshire,,683.0,2015,Unspecified,"Landfill, WTE",2.0,nan,N,0.0,0,0,0,0.0,0,0.0,0.0,920431.0,0.0,0.0,0.0,1973561.0,0.0,0.0
2867,New hampshire,,683.0,2016,Unspecified,"Landfill, WTE",2.0,nan,N,0.0,0,0,0,0.0,0,0.0,0.0,994518.0,0.0,0.0,0.0,2076656.0,0.0,0.0
2868,New hampshire,,683.0,2017,Unspecified,"Landfill, WTE",2.0,nan,N,0.0,0,0,0,0.0,0,0.0,0.0,1104580.0,0.0,0.0,0.0,2329946.0,0.0,0.0
2869,New hampshire,,683.0,2018,Unspecified,"Landfill, WTE",2.0,nan,N,0.0,0,0,0,0.0,0,0.0,0.0,1160058.0,0.0,0.0,0.0,2388877.0,0.0,0.0
2870,New hampshire,,814.0,2020,Unspecified,"Landfill, WTE",2.0,nan,N,0.0,0,0,0,0.0,0,0.0,0.0,913833.0,0.0,0.0,0.0,1956789.0,0.0,0.0
2871,New hampshire,,814.0,2021,Unspecified,"Landfill, WTE",2.0,nan,N,0.0,0,0,0,0.0,0,0.0,0.0,877861.0,0.0,0.0,0.0,1999123.0,0.0,0.0
2872,New hampshire,,814.0,2022,Unspecified,"Landfill, WTE",2.0,nan,N,0.0,0,0,0,0.0,0,0.0,0.0,820841.0,0.0,0.0,0.0,1923204.0,0.0,0.0
2873,New jersey,Atlantic,406.0,2000,Unspecified,Unknown,2.0,nan,U,0.0,0,0,0,0.0,0,0.0,0.0,0.0,0.0,0.0,0.0,324737.0,411849.0,0.0
2874,New jersey,Atlantic,406.0,2001,Unspecified,Unknown,2.0,nan,U,0.0,0,0,0,0.0,0,0.0,0.0,0.0,0.0,0.0,0.0,372836.0,326975.31,0.0
2875,New jersey,Atlantic,407.0,2002,Unspecified,Unknown,2.0,nan,,0.0,0,0,0,0.0,0,0.0,0.0,0.0,0.0,0.0,0.0,344023.0,537492.7,0.0
2876,New jersey,Atlantic,408.0,2003,Unspecified,Unknown,2.0,nan,U,0.0,0,0,0,0.0,0,0.0,0.0,0.0,0.0,0.0,0.0,351870.0,473786.0,0.0
2877,New jersey,Atlantic,409.0,2004,Unspecified,Unknown,2.0,nan,U,0.0,0,0,0,0.0,0,0.0,0.0,0.0,0.0,0.0,0.0,350584.0,516958.12,0.0
2878,New jersey,Atlantic,410.0,2005,Unspecified,Unknown,2.0,nan,U,0.0,0,0,0,0.0,0,0.0,0.0,0.0,0.0,0.0,0.0,391050.0,385550.96,0.0
2879,New jersey,Atlantic,411.0,2006,Unspecified,Unknown,2.0,nan,U,0.0,0,0,0,0.0,0,0.0,0.0,0.0,0.0,0.0,0.0,444674.0,475708.64,0.0
2880,New jersey,Atlantic,412.0,2007,Unspecified,Unknown,2.0,nan,U,0.0,0,0,0,0.0,0,0.0,0.0,0.0,0.0,0.0,0.0,444904.3,726580.84,0.0
2881,New jersey,Atlantic,413.0,2008,Unspecified,Unknown,2.0,nan,U,0.0,0,0,0,0.0,0,0.0,0.0,0.0,0.0,0.0,0.0,365499.26,479210.28,0.0
2882,New jersey,Atlantic,414.0,2009,Unspecified,Unknown,2.0,nan,U,0.0,0,0,0,0.0,0,0.0,0.0,0.0,0.0,0.0,0.0,336009.47,411429.56,0.0
2883,New jersey,Atlantic,415.0,2010,Unspecified,Unknown,2.0,nan,U,0.0,0,0,0,0.0,0,0.0,0.0,0.0,0.0,0.0,0.0,322927.59,367269.21,0.0
2884,New jersey,Atlantic,416.0,2011,Unspecified,Unknown,2.0,nan,U,0.0,0,0,0,0.0,0,0.0,0.0,0.0,0.0,0.0,0.0,308019.0,474033.86,0.0
2885,New jersey,Atlantic,417.0,2012,Unspecified,Unknown,2.0,nan,U,0.0,0,0,0,0.0,0,0.0,0.0,0.0,0.0,0.0,0.0,335656.0,494254.66,0.0
2886,New jersey,Atlantic,418.0,2013,Unspecified,Unknown,2.0,nan,U,0.0,0,0,0,0.0,0,0.0,0.0,0.0,0.0,0.0,0.0,321984.0,433226.87,0.0
2887,New jersey,Atlantic,419.0,2014,Unspecified,Unknown,2.0,nan,U,0.0,0,0,0,0.0,0,0.0,0.0,0.0,0.0,0.0,0.0,300300.86,381487.9,0.0
2888,New jersey,Atlantic,420.0,2015,Unspecified,Unknown,2.0,nan,U,0.0,0,0,0,0.0,0,0.0,0.0,0.0,0.0,0.0,0.0,201715.26,563635.84,0.0
2889,New jersey,Atlantic,421.0,2016,Unspecified,Unknown,2.0,nan,U,0.0,0,0,0,0.0,0,0.0,0.0,0.0,0.0,0.0,0.0,202841.84,491330.3,0.0
2890,New jersey,Atlantic,422.0,2017,Unspecified,Unknown,2.0,nan,U,0.0,0,0,0,0.0,0,0.0,0.0,0.0,0.0,0.0,0.0,201965.48,349077.25,0.0
2891,New jersey,Atlantic,424.0,2018,Unspecified,Unknown,2.0,nan,U,0.0,0,0,0,0.0,0,0.0,0.0,0.0,0.0,0.0,0.0,207906.02,314059.26,0.0
2892,New jersey,Atlantic,426.0,2019,Unspecified,Unknown,2.0,nan,U,0.0,0,0,0,0.0,0,0.0,0.0,0.0,0.0,0.0,0.0,210877.19,269498.41,0.0
2893,New jersey,Atlantic,793.0,2020,Unspecified,Unknown,2.0,nan,U,0.0,0,0,0,0.0,0,0.0,0.0,0.0,0.0,0.0,0.0,199585.47,274059.89,0.0
2894,New jersey,Atlantic,794.0,2021,Unspecified,Unknown,2.0,nan,U,0.0,0,0,0,0.0,0,0.0,0.0,0.0,0.0,0.0,0.0,213670.05,419146.08,0.0
2895,New jersey,Bergen,406.0,2000,Unspecified,Unknown,2.0,nan,U,0.0,0,0,0,0.0,0,0.0,0.0,0.0,0.0,0.0,0.0,753877.0,965893.0,0.0
2896,New jersey,Bergen,406.0,2001,Unspecified,Unknown,2.0,nan,U,0.0,0,0,0,0.0,0,0.0,0.0,0.0,0.0,0.0,0.0,862353.0,980863.72,0.0
2897,New jersey,Bergen,407.0,2002,Unspecified,Unknown,2.0,nan,,0.0,0,0,0,0.0,0,0.0,0.0,0.0,0.0,0.0,0.0,901799.0,937208.9,0.0
2898,New jersey,Bergen,408.0,2003,Unspecified,Unknown,2.0,nan,U,0.0,0,0,0,0.0,0,0.0,0.0,0.0,0.0,0.0,0.0,958532.0,1011796.0,0.0
2899,New jersey,Bergen,409.0,2004,Unspecified,Unknown,2.0,nan,U,0.0,0,0,0,0.0,0,0.0,0.0,0.0,0.0,0.0,0.0,975493.0,1024468.2,0.0
2900,New jersey,Bergen,410.0,2005,Unspecified,Unknown,2.0,nan,U,0.0,0,0,0,0.0,0,0.0,0.0,0.0,0.0,0.0,0.0,980362.0,1131731.72,0.0
2901,New jersey,Bergen,411.0,2006,Unspecified,Unknown,2.0,nan,U,0.0,0,0,0,0.0,0,0.0,0.0,0.0,0.0,0.0,0.0,997248.0,1113880.52,0.0
2902,New jersey,Bergen,412.0,2007,Unspecified,Unknown,2.0,nan,U,0.0,0,0,0,0.0,0,0.0,0.0,0.0,0.0,0.0,0.0,905501.53,1035212.7,0.0
2903,New jersey,Bergen,413.0,2008,Unspecified,Unknown,2.0,nan,U,0.0,0,0,0,0.0,0,0.0,0.0,0.0,0.0,0.0,0.0,848316.46,1138506.68,0.0
2904,New jersey,Bergen,414.0,2009,Unspecified,Unknown,2.0,nan,U,0.0,0,0,0,0.0,0,0.0,0.0,0.0,0.0,0.0,0.0,905481.22,1111800.58,0.0
2905,New jersey,Bergen,415.0,2010,Unspecified,Unknown,2.0,nan,U,0.0,0,0,0,0.0,0,0.0,0.0,0.0,0.0,0.0,0.0,921970.33,1280794.56,0.0
2906,New jersey,Bergen,416.0,2011,Unspecified,Unknown,2.0,nan,U,0.0,0,0,0,0.0,0,0.0,0.0,0.0,0.0,0.0,0.0,963087.0,1166056.98,0.0
2907,New jersey,Bergen,417.0,2012,Unspecified,Unknown,2.0,nan,U,0.0,0,0,0,0.0,0,0.0,0.0,0.0,0.0,0.0,0.0,936113.0,902614.94,0.0
2908,New jersey,Bergen,418.0,2013,Unspecified,Unknown,2.0,nan,U,0.0,0,0,0,0.0,0,0.0,0.0,0.0,0.0,0.0,0.0,939759.0,985823.43,0.0
2909,New jersey,Bergen,419.0,2014,Unspecified,Unknown,2.0,nan,U,0.0,0,0,0,0.0,0,0.0,0.0,0.0,0.0,0.0,0.0,873565.48,1147476.51,0.0
2910,New jersey,Bergen,420.0,2015,Unspecified,Unknown,2.0,nan,U,0.0,0,0,0,0.0,0,0.0,0.0,0.0,0.0,0.0,0.0,601387.82,1195988.54,0.0
2911,New jersey,Bergen,421.0,2016,Unspecified,Unknown,2.0,nan,U,0.0,0,0,0,0.0,0,0.0,0.0,0.0,0.0,0.0,0.0,547655.88,1222710.35,0.0
2912,New jersey,Bergen,422.0,2017,Unspecified,Unknown,2.0,nan,U,0.0,0,0,0,0.0,0,0.0,0.0,0.0,0.0,0.0,0.0,579384.13,1184881.51,0.0
2913,New jersey,Bergen,424.0,2018,Unspecified,Unknown,2.0,nan,U,0.0,0,0,0,0.0,0,0.0,0.0,0.0,0.0,0.0,0.0,662667.91,1243260.32,0.0
2914,New jersey,Bergen,426.0,2019,Unspecified,Unknown,2.0,nan,U,0.0,0,0,0,0.0,0,0.0,0.0,0.0,0.0,0.0,0.0,660315.45,1129624.21,0.0
2915,New jersey,Bergen,793.0,2020,Unspecified,Unknown,2.0,nan,U,0.0,0,0,0,0.0,0,0.0,0.0,0.0,0.0,0.0,0.0,664359.85,972435.87,0.0
2916,New jersey,Bergen,794.0,2021,Unspecified,Unknown,2.0,nan,U,0.0,0,0,0,0.0,0,0.0,0.0,0.0,0.0,0.0,0.0,695689.61,1135390.59,0.0
2917,New jersey,Burlington,406.0,2000,Unspecified,Unknown,2.0,nan,U,0.0,0,0,0,0.0,0,0.0,0.0,0.0,0.0,0.0,0.0,427491.0,345412.0,0.0
2918,New jersey,Burlington,406.0,2001,Unspecified,Unknown,2.0,nan,U,0.0,0,0,0,0.0,0,0.0,0.0,0.0,0.0,0.0,0.0,435652.0,553950.64,0.0
2919,New jersey,Burlington,407.0,2002,Unspecified,Unknown,2.0,nan,,0.0,0,0,0,0.0,0,0.0,0.0,0.0,0.0,0.0,0.0,440935.0,609004.9,0.0
2920,New jersey,Burlington,408.0,2003,Unspecified,Unknown,2.0,nan,U,0.0,0,0,0,0.0,0,0.0,0.0,0.0,0.0,0.0,0.0,470679.0,542728.0,0.0
2921,New jersey,Burlington,409.0,2004,Unspecified,Unknown,2.0,nan,U,0.0,0,0,0,0.0,0,0.0,0.0,0.0,0.0,0.0,0.0,498287.0,560032.6,0.0
2922,New jersey,Burlington,410.0,2005,Unspecified,Unknown,2.0,nan,U,0.0,0,0,0,0.0,0,0.0,0.0,0.0,0.0,0.0,0.0,496812.0,544596.64,0.0
2923,New jersey,Burlington,411.0,2006,Unspecified,Unknown,2.0,nan,U,0.0,0,0,0,0.0,0,0.0,0.0,0.0,0.0,0.0,0.0,486563.14,605990.53,0.0
2924,New jersey,Burlington,412.0,2007,Unspecified,Unknown,2.0,nan,U,0.0,0,0,0,0.0,0,0.0,0.0,0.0,0.0,0.0,0.0,430038.64,647424.84,0.0
2925,New jersey,Burlington,413.0,2008,Unspecified,Unknown,2.0,nan,U,0.0,0,0,0,0.0,0,0.0,0.0,0.0,0.0,0.0,0.0,451144.02,648349.31,0.0
2926,New jersey,Burlington,414.0,2009,Unspecified,Unknown,2.0,nan,U,0.0,0,0,0,0.0,0,0.0,0.0,0.0,0.0,0.0,0.0,434918.39,535498.68,0.0
2927,New jersey,Burlington,415.0,2010,Unspecified,Unknown,2.0,nan,U,0.0,0,0,0,0.0,0,0.0,0.0,0.0,0.0,0.0,0.0,403455.24,721183.99,0.0
2928,New jersey,Burlington,416.0,2011,Unspecified,Unknown,2.0,nan,U,0.0,0,0,0,0.0,0,0.0,0.0,0.0,0.0,0.0,0.0,394918.0,633785.29,0.0
2929,New jersey,Burlington,417.0,2012,Unspecified,Unknown,2.0,nan,U,0.0,0,0,0,0.0,0,0.0,0.0,0.0,0.0,0.0,0.0,386030.0,494584.94,0.0
2930,New jersey,Burlington,418.0,2013,Unspecified,Unknown,2.0,nan,U,0.0,0,0,0,0.0,0,0.0,0.0,0.0,0.0,0.0,0.0,400496.0,690045.58,0.0
2931,New jersey,Burlington,419.0,2014,Unspecified,Unknown,2.0,nan,U,0.0,0,0,0,0.0,0,0.0,0.0,0.0,0.0,0.0,0.0,410823.68,618162.28,0.0
2932,New jersey,Burlington,420.0,2015,Unspecified,Unknown,2.0,nan,U,0.0,0,0,0,0.0,0,0.0,0.0,0.0,0.0,0.0,0.0,288431.13,617413.53,0.0
2933,New jersey,Burlington,421.0,2016,Unspecified,Unknown,2.0,nan,U,0.0,0,0,0,0.0,0,0.0,0.0,0.0,0.0,0.0,0.0,279801.49,667787.13,0.0
2934,New jersey,Burlington,422.0,2017,Unspecified,Unknown,2.0,nan,U,0.0,0,0,0,0.0,0,0.0,0.0,0.0,0.0,0.0,0.0,307324.34,620937.27,0.0
2935,New jersey,Burlington,424.0,2018,Unspecified,Unknown,2.0,nan,U,0.0,0,0,0,0.0,0,0.0,0.0,0.0,0.0,0.0,0.0,321794.07,607275.96,0.0
2936,New jersey,Burlington,426.0,2019,Unspecified,Unknown,2.0,nan,U,0.0,0,0,0,0.0,0,0.0,0.0,0.0,0.0,0.0,0.0,319305.05,531455.1,0.0
2937,New jersey,Burlington,793.0,2020,Unspecified,Unknown,2.0,nan,U,0.0,0,0,0,0.0,0,0.0,0.0,0.0,0.0,0.0,0.0,322588.01,536420.72,0.0
2938,New jersey,Burlington,794.0,2021,Unspecified,Unknown,2.0,nan,U,0.0,0,0,0,0.0,0,0.0,0.0,0.0,0.0,0.0,0.0,341002.37,509920.46,0.0
2939,New jersey,Camden,406.0,2000,Unspecified,Unknown,2.0,nan,U,0.0,0,0,0,0.0,0,0.0,0.0,0.0,0.0,0.0,0.0,476649.0,424336.0,0.0
2940,New jersey,Camden,406.0,2001,Unspecified,Unknown,2.0,nan,U,0.0,0,0,0,0.0,0,0.0,0.0,0.0,0.0,0.0,0.0,471179.0,466890.8,0.0
2941,New jersey,Camden,407.0,2002,Unspecified,Unknown,2.0,nan,,0.0,0,0,0,0.0,0,0.0,0.0,0.0,0.0,0.0,0.0,480074.0,535223.5,0.0
2942,New jersey,Camden,408.0,2003,Unspecified,Unknown,2.0,nan,U,0.0,0,0,0,0.0,0,0.0,0.0,0.0,0.0,0.0,0.0,525493.0,542518.0,0.0
2943,New jersey,Camden,409.0,2004,Unspecified,Unknown,2.0,nan,U,0.0,0,0,0,0.0,0,0.0,0.0,0.0,0.0,0.0,0.0,584701.0,604897.89,0.0
2944,New jersey,Camden,410.0,2005,Unspecified,Unknown,2.0,nan,U,0.0,0,0,0,0.0,0,0.0,0.0,0.0,0.0,0.0,0.0,554341.0,452934.29,0.0
2945,New jersey,Camden,411.0,2006,Unspecified,Unknown,2.0,nan,U,0.0,0,0,0,0.0,0,0.0,0.0,0.0,0.0,0.0,0.0,551193.0,510986.03,0.0
2946,New jersey,Camden,412.0,2007,Unspecified,Unknown,2.0,nan,U,0.0,0,0,0,0.0,0,0.0,0.0,0.0,0.0,0.0,0.0,459787.02,549359.56,0.0
2947,New jersey,Camden,413.0,2008,Unspecified,Unknown,2.0,nan,U,0.0,0,0,0,0.0,0,0.0,0.0,0.0,0.0,0.0,0.0,463812.05,541482.76,0.0
2948,New jersey,Camden,414.0,2009,Unspecified,Unknown,2.0,nan,U,0.0,0,0,0,0.0,0,0.0,0.0,0.0,0.0,0.0,0.0,452302.34,542191.39,0.0
2949,New jersey,Camden,415.0,2010,Unspecified,Unknown,2.0,nan,U,0.0,0,0,0,0.0,0,0.0,0.0,0.0,0.0,0.0,0.0,630546.6,704438.7,0.0
2950,New jersey,Camden,416.0,2011,Unspecified,Unknown,2.0,nan,U,0.0,0,0,0,0.0,0,0.0,0.0,0.0,0.0,0.0,0.0,426303.0,575581.93,0.0
2951,New jersey,Camden,417.0,2012,Unspecified,Unknown,2.0,nan,U,0.0,0,0,0,0.0,0,0.0,0.0,0.0,0.0,0.0,0.0,640642.0,528970.57,0.0
2952,New jersey,Camden,418.0,2013,Unspecified,Unknown,2.0,nan,U,0.0,0,0,0,0.0,0,0.0,0.0,0.0,0.0,0.0,0.0,579442.0,561357.77,0.0
2953,New jersey,Camden,419.0,2014,Unspecified,Unknown,2.0,nan,U,0.0,0,0,0,0.0,0,0.0,0.0,0.0,0.0,0.0,0.0,438794.55,643273.58,0.0
2954,New jersey,Camden,420.0,2015,Unspecified,Unknown,2.0,nan,U,0.0,0,0,0,0.0,0,0.0,0.0,0.0,0.0,0.0,0.0,366968.36,690070.43,0.0
2955,New jersey,Camden,421.0,2016,Unspecified,Unknown,2.0,nan,U,0.0,0,0,0,0.0,0,0.0,0.0,0.0,0.0,0.0,0.0,352260.83,600604.91,0.0
2956,New jersey,Camden,422.0,2017,Unspecified,Unknown,2.0,nan,U,0.0,0,0,0,0.0,0,0.0,0.0,0.0,0.0,0.0,0.0,327710.59,662355.98,0.0
2957,New jersey,Camden,424.0,2018,Unspecified,Unknown,2.0,nan,U,0.0,0,0,0,0.0,0,0.0,0.0,0.0,0.0,0.0,0.0,354008.8,551575.0,0.0
2958,New jersey,Camden,426.0,2019,Unspecified,Unknown,2.0,nan,U,0.0,0,0,0,0.0,0,0.0,0.0,0.0,0.0,0.0,0.0,371812.99,482943.93,0.0
2959,New jersey,Camden,793.0,2020,Unspecified,Unknown,2.0,nan,U,0.0,0,0,0,0.0,0,0.0,0.0,0.0,0.0,0.0,0.0,370670.89,390226.75,0.0
2960,New jersey,Camden,794.0,2021,Unspecified,Unknown,2.0,nan,U,0.0,0,0,0,0.0,0,0.0,0.0,0.0,0.0,0.0,0.0,364788.05,396540.07,0.0
2961,New jersey,Cape may,406.0,2000,Unspecified,Unknown,2.0,nan,U,0.0,0,0,0,0.0,0,0.0,0.0,0.0,0.0,0.0,0.0,175122.0,261371.0,0.0
2962,New jersey,Cape may,406.0,2001,Unspecified,Unknown,2.0,nan,U,0.0,0,0,0,0.0,0,0.0,0.0,0.0,0.0,0.0,0.0,174383.0,309788.19,0.0
2963,New jersey,Cape may,407.0,2002,Unspecified,Unknown,2.0,nan,,0.0,0,0,0,0.0,0,0.0,0.0,0.0,0.0,0.0,0.0,195700.0,334796.9,0.0
2964,New jersey,Cape may,408.0,2003,Unspecified,Unknown,2.0,nan,U,0.0,0,0,0,0.0,0,0.0,0.0,0.0,0.0,0.0,0.0,214263.0,293269.0,0.0
2965,New jersey,Cape may,409.0,2004,Unspecified,Unknown,2.0,nan,U,0.0,0,0,0,0.0,0,0.0,0.0,0.0,0.0,0.0,0.0,239452.0,351352.17,0.0
2966,New jersey,Cape may,410.0,2005,Unspecified,Unknown,2.0,nan,U,0.0,0,0,0,0.0,0,0.0,0.0,0.0,0.0,0.0,0.0,242532.0,355661.81,0.0
2967,New jersey,Cape may,411.0,2006,Unspecified,Unknown,2.0,nan,U,0.0,0,0,0,0.0,0,0.0,0.0,0.0,0.0,0.0,0.0,220948.38,384607.05,0.0
2968,New jersey,Cape may,412.0,2007,Unspecified,Unknown,2.0,nan,U,0.0,0,0,0,0.0,0,0.0,0.0,0.0,0.0,0.0,0.0,194645.54,310098.83,0.0
2969,New jersey,Cape may,413.0,2008,Unspecified,Unknown,2.0,nan,U,0.0,0,0,0,0.0,0,0.0,0.0,0.0,0.0,0.0,0.0,176178.38,334594.98,0.0
2970,New jersey,Cape may,414.0,2009,Unspecified,Unknown,2.0,nan,U,0.0,0,0,0,0.0,0,0.0,0.0,0.0,0.0,0.0,0.0,159210.64,225814.69,0.0
2971,New jersey,Cape may,415.0,2010,Unspecified,Unknown,2.0,nan,U,0.0,0,0,0,0.0,0,0.0,0.0,0.0,0.0,0.0,0.0,171485.81,308866.61,0.0
2972,New jersey,Cape may,416.0,2011,Unspecified,Unknown,2.0,nan,U,0.0,0,0,0,0.0,0,0.0,0.0,0.0,0.0,0.0,0.0,155167.0,254201.08,0.0
2973,New jersey,Cape may,417.0,2012,Unspecified,Unknown,2.0,nan,U,0.0,0,0,0,0.0,0,0.0,0.0,0.0,0.0,0.0,0.0,175384.0,228290.17,0.0
2974,New jersey,Cape may,418.0,2013,Unspecified,Unknown,2.0,nan,U,0.0,0,0,0,0.0,0,0.0,0.0,0.0,0.0,0.0,0.0,180128.0,220838.04,0.0
2975,New jersey,Cape may,419.0,2014,Unspecified,Unknown,2.0,nan,U,0.0,0,0,0,0.0,0,0.0,0.0,0.0,0.0,0.0,0.0,158409.41,248804.76,0.0
2976,New jersey,Cape may,420.0,2015,Unspecified,Unknown,2.0,nan,U,0.0,0,0,0,0.0,0,0.0,0.0,0.0,0.0,0.0,0.0,87640.27,252401.47,0.0
2977,New jersey,Cape may,421.0,2016,Unspecified,Unknown,2.0,nan,U,0.0,0,0,0,0.0,0,0.0,0.0,0.0,0.0,0.0,0.0,94302.59,237702.06,0.0
2978,New jersey,Cape may,422.0,2017,Unspecified,Unknown,2.0,nan,U,0.0,0,0,0,0.0,0,0.0,0.0,0.0,0.0,0.0,0.0,107664.69,329578.91,0.0
2979,New jersey,Cape may,424.0,2018,Unspecified,Unknown,2.0,nan,U,0.0,0,0,0,0.0,0,0.0,0.0,0.0,0.0,0.0,0.0,90888.1,289055.58,0.0
2980,New jersey,Cape may,426.0,2019,Unspecified,Unknown,2.0,nan,U,0.0,0,0,0,0.0,0,0.0,0.0,0.0,0.0,0.0,0.0,91703.79,273732.77,0.0
2981,New jersey,Cape may,793.0,2020,Unspecified,Unknown,2.0,nan,U,0.0,0,0,0,0.0,0,0.0,0.0,0.0,0.0,0.0,0.0,93441.32,227699.03,0.0
2982,New jersey,Cape may,794.0,2021,Unspecified,Unknown,2.0,nan,U,0.0,0,0,0,0.0,0,0.0,0.0,0.0,0.0,0.0,0.0,103946.31,222208.96,0.0
2983,New jersey,Cumberland,406.0,2000,Unspecified,Unknown,2.0,nan,U,0.0,0,0,0,0.0,0,0.0,0.0,0.0,0.0,0.0,0.0,167666.0,222856.0,0.0
2984,New jersey,Cumberland,406.0,2001,Unspecified,Unknown,2.0,nan,U,0.0,0,0,0,0.0,0,0.0,0.0,0.0,0.0,0.0,0.0,184056.0,258314.96,0.0
2985,New jersey,Cumberland,407.0,2002,Unspecified,Unknown,2.0,nan,,0.0,0,0,0,0.0,0,0.0,0.0,0.0,0.0,0.0,0.0,164026.0,272636.1,0.0
2986,New jersey,Cumberland,408.0,2003,Unspecified,Unknown,2.0,nan,U,0.0,0,0,0,0.0,0,0.0,0.0,0.0,0.0,0.0,0.0,179242.0,332916.0,0.0
2987,New jersey,Cumberland,409.0,2004,Unspecified,Unknown,2.0,nan,U,0.0,0,0,0,0.0,0,0.0,0.0,0.0,0.0,0.0,0.0,179527.0,509875.58,0.0
2988,New jersey,Cumberland,410.0,2005,Unspecified,Unknown,2.0,nan,U,0.0,0,0,0,0.0,0,0.0,0.0,0.0,0.0,0.0,0.0,209952.0,328901.01,0.0
2989,New jersey,Cumberland,411.0,2006,Unspecified,Unknown,2.0,nan,U,0.0,0,0,0,0.0,0,0.0,0.0,0.0,0.0,0.0,0.0,203398.0,322861.21,0.0
2990,New jersey,Cumberland,412.0,2007,Unspecified,Unknown,2.0,nan,U,0.0,0,0,0,0.0,0,0.0,0.0,0.0,0.0,0.0,0.0,172030.43,396705.17,0.0
2991,New jersey,Cumberland,413.0,2008,Unspecified,Unknown,2.0,nan,U,0.0,0,0,0,0.0,0,0.0,0.0,0.0,0.0,0.0,0.0,174813.71,462391.68,0.0
2992,New jersey,Cumberland,414.0,2009,Unspecified,Unknown,2.0,nan,U,0.0,0,0,0,0.0,0,0.0,0.0,0.0,0.0,0.0,0.0,168101.27,370939.2,0.0
2993,New jersey,Cumberland,415.0,2010,Unspecified,Unknown,2.0,nan,U,0.0,0,0,0,0.0,0,0.0,0.0,0.0,0.0,0.0,0.0,156519.61,321649.66,0.0
2994,New jersey,Cumberland,416.0,2011,Unspecified,Unknown,2.0,nan,U,0.0,0,0,0,0.0,0,0.0,0.0,0.0,0.0,0.0,0.0,180555.0,285765.0,0.0
2995,New jersey,Cumberland,417.0,2012,Unspecified,Unknown,2.0,nan,U,0.0,0,0,0,0.0,0,0.0,0.0,0.0,0.0,0.0,0.0,155353.0,283156.29,0.0
2996,New jersey,Cumberland,418.0,2013,Unspecified,Unknown,2.0,nan,U,0.0,0,0,0,0.0,0,0.0,0.0,0.0,0.0,0.0,0.0,160796.0,272747.58,0.0
2997,New jersey,Cumberland,419.0,2014,Unspecified,Unknown,2.0,nan,U,0.0,0,0,0,0.0,0,0.0,0.0,0.0,0.0,0.0,0.0,135434.23,325934.91,0.0
2998,New jersey,Cumberland,420.0,2015,Unspecified,Unknown,2.0,nan,U,0.0,0,0,0,0.0,0,0.0,0.0,0.0,0.0,0.0,0.0,95705.51,274546.36,0.0
2999,New jersey,Cumberland,421.0,2016,Unspecified,Unknown,2.0,nan,U,0.0,0,0,0,0.0,0,0.0,0.0,0.0,0.0,0.0,0.0,88366.75,276799.37,0.0
3000,New jersey,Cumberland,422.0,2017,Unspecified,Unknown,2.0,nan,U,0.0,0,0,0,0.0,0,0.0,0.0,0.0,0.0,0.0,0.0,95915.24,339508.98,0.0
3001,New jersey,Cumberland,424.0,2018,Unspecified,Unknown,2.0,nan,U,0.0,0,0,0,0.0,0,0.0,0.0,0.0,0.0,0.0,0.0,96356.47,310923.36,0.0
3002,New jersey,Cumberland,426.0,2019,Unspecified,Unknown,2.0,nan,U,0.0,0,0,0,0.0,0,0.0,0.0,0.0,0.0,0.0,0.0,95377.43,275205.89,0.0
3003,New jersey,Cumberland,793.0,2020,Unspecified,Unknown,2.0,nan,U,0.0,0,0,0,0.0,0,0.0,0.0,0.0,0.0,0.0,0.0,99322.15,345659.7,0.0
3004,New jersey,Cumberland,794.0,2021,Unspecified,Unknown,2.0,nan,U,0.0,0,0,0,0.0,0,0.0,0.0,0.0,0.0,0.0,0.0,97952.41,233354.47,0.0
3005,New jersey,Essex,406.0,2000,Unspecified,Unknown,2.0,nan,U,0.0,0,0,0,0.0,0,0.0,0.0,0.0,0.0,0.0,0.0,730714.0,899191.0,0.0
3006,New jersey,Essex,406.0,2001,Unspecified,Unknown,2.0,nan,U,0.0,0,0,0,0.0,0,0.0,0.0,0.0,0.0,0.0,0.0,810257.0,965076.49,0.0
3007,New jersey,Essex,407.0,2002,Unspecified,Unknown,2.0,nan,,0.0,0,0,0,0.0,0,0.0,0.0,0.0,0.0,0.0,0.0,894939.0,948007.4,0.0
3008,New jersey,Essex,408.0,2003,Unspecified,Unknown,2.0,nan,U,0.0,0,0,0,0.0,0,0.0,0.0,0.0,0.0,0.0,0.0,933587.0,985814.0,0.0
3009,New jersey,Essex,409.0,2004,Unspecified,Unknown,2.0,nan,U,0.0,0,0,0,0.0,0,0.0,0.0,0.0,0.0,0.0,0.0,875426.0,1201489.73,0.0
3010,New jersey,Essex,410.0,2005,Unspecified,Unknown,2.0,nan,U,0.0,0,0,0,0.0,0,0.0,0.0,0.0,0.0,0.0,0.0,814612.0,913092.5,0.0
3011,New jersey,Essex,411.0,2006,Unspecified,Unknown,2.0,nan,U,0.0,0,0,0,0.0,0,0.0,0.0,0.0,0.0,0.0,0.0,847257.0,956483.96,0.0
3012,New jersey,Essex,412.0,2007,Unspecified,Unknown,2.0,nan,U,0.0,0,0,0,0.0,0,0.0,0.0,0.0,0.0,0.0,0.0,720381.12,850466.13,0.0
3013,New jersey,Essex,413.0,2008,Unspecified,Unknown,2.0,nan,U,0.0,0,0,0,0.0,0,0.0,0.0,0.0,0.0,0.0,0.0,684418.22,1097406.25,0.0
3014,New jersey,Essex,414.0,2009,Unspecified,Unknown,2.0,nan,U,0.0,0,0,0,0.0,0,0.0,0.0,0.0,0.0,0.0,0.0,603710.47,968375.74,0.0
3015,New jersey,Essex,415.0,2010,Unspecified,Unknown,2.0,nan,U,0.0,0,0,0,0.0,0,0.0,0.0,0.0,0.0,0.0,0.0,707301.84,1116480.33,0.0
3016,New jersey,Essex,416.0,2011,Unspecified,Unknown,2.0,nan,U,0.0,0,0,0,0.0,0,0.0,0.0,0.0,0.0,0.0,0.0,576694.0,1025253.85,0.0
3017,New jersey,Essex,417.0,2012,Unspecified,Unknown,2.0,nan,U,0.0,0,0,0,0.0,0,0.0,0.0,0.0,0.0,0.0,0.0,752717.0,879830.44,0.0
3018,New jersey,Essex,418.0,2013,Unspecified,Unknown,2.0,nan,U,0.0,0,0,0,0.0,0,0.0,0.0,0.0,0.0,0.0,0.0,531975.0,842776.06,0.0
3019,New jersey,Essex,419.0,2014,Unspecified,Unknown,2.0,nan,U,0.0,0,0,0,0.0,0,0.0,0.0,0.0,0.0,0.0,0.0,517296.65,918359.07,0.0
3020,New jersey,Essex,420.0,2015,Unspecified,Unknown,2.0,nan,U,0.0,0,0,0,0.0,0,0.0,0.0,0.0,0.0,0.0,0.0,412443.75,897671.46,0.0
3021,New jersey,Essex,421.0,2016,Unspecified,Unknown,2.0,nan,U,0.0,0,0,0,0.0,0,0.0,0.0,0.0,0.0,0.0,0.0,421613.13,874482.26,0.0
3022,New jersey,Essex,422.0,2017,Unspecified,Unknown,2.0,nan,U,0.0,0,0,0,0.0,0,0.0,0.0,0.0,0.0,0.0,0.0,425210.63,838855.37,0.0
3023,New jersey,Essex,424.0,2018,Unspecified,Unknown,2.0,nan,U,0.0,0,0,0,0.0,0,0.0,0.0,0.0,0.0,0.0,0.0,444432.67,855720.79,0.0
3024,New jersey,Essex,426.0,2019,Unspecified,Unknown,2.0,nan,U,0.0,0,0,0,0.0,0,0.0,0.0,0.0,0.0,0.0,0.0,444328.39,636777.91,0.0
3025,New jersey,Essex,793.0,2020,Unspecified,Unknown,2.0,nan,U,0.0,0,0,0,0.0,0,0.0,0.0,0.0,0.0,0.0,0.0,422880.4,686521.92,0.0
3026,New jersey,Essex,794.0,2021,Unspecified,Unknown,2.0,nan,U,0.0,0,0,0,0.0,0,0.0,0.0,0.0,0.0,0.0,0.0,467686.65,882953.49,0.0
3027,New jersey,Gloucester,406.0,2000,Unspecified,Unknown,2.0,nan,U,0.0,0,0,0,0.0,0,0.0,0.0,0.0,0.0,0.0,0.0,236711.0,427941.0,0.0
3028,New jersey,Gloucester,406.0,2001,Unspecified,Unknown,2.0,nan,U,0.0,0,0,0,0.0,0,0.0,0.0,0.0,0.0,0.0,0.0,249127.0,418474.98,0.0
3029,New jersey,Gloucester,407.0,2002,Unspecified,Unknown,2.0,nan,,0.0,0,0,0,0.0,0,0.0,0.0,0.0,0.0,0.0,0.0,252019.0,386955.2,0.0
3030,New jersey,Gloucester,408.0,2003,Unspecified,Unknown,2.0,nan,U,0.0,0,0,0,0.0,0,0.0,0.0,0.0,0.0,0.0,0.0,284355.0,296596.0,0.0
3031,New jersey,Gloucester,409.0,2004,Unspecified,Unknown,2.0,nan,U,0.0,0,0,0,0.0,0,0.0,0.0,0.0,0.0,0.0,0.0,298946.0,476165.24,0.0
3032,New jersey,Gloucester,410.0,2005,Unspecified,Unknown,2.0,nan,U,0.0,0,0,0,0.0,0,0.0,0.0,0.0,0.0,0.0,0.0,315827.0,321188.45,0.0
3033,New jersey,Gloucester,411.0,2006,Unspecified,Unknown,2.0,nan,U,0.0,0,0,0,0.0,0,0.0,0.0,0.0,0.0,0.0,0.0,317280.29,313401.36,0.0
3034,New jersey,Gloucester,412.0,2007,Unspecified,Unknown,2.0,nan,U,0.0,0,0,0,0.0,0,0.0,0.0,0.0,0.0,0.0,0.0,283775.85,342485.46,0.0
3035,New jersey,Gloucester,413.0,2008,Unspecified,Unknown,2.0,nan,U,0.0,0,0,0,0.0,0,0.0,0.0,0.0,0.0,0.0,0.0,292522.71,421850.74,0.0
3036,New jersey,Gloucester,414.0,2009,Unspecified,Unknown,2.0,nan,U,0.0,0,0,0,0.0,0,0.0,0.0,0.0,0.0,0.0,0.0,263067.53,371991.86,0.0
3037,New jersey,Gloucester,415.0,2010,Unspecified,Unknown,2.0,nan,U,0.0,0,0,0,0.0,0,0.0,0.0,0.0,0.0,0.0,0.0,317227.27,570182.24,0.0
3038,New jersey,Gloucester,416.0,2011,Unspecified,Unknown,2.0,nan,U,0.0,0,0,0,0.0,0,0.0,0.0,0.0,0.0,0.0,0.0,353298.0,540023.0,0.0
3039,New jersey,Gloucester,417.0,2012,Unspecified,Unknown,2.0,nan,U,0.0,0,0,0,0.0,0,0.0,0.0,0.0,0.0,0.0,0.0,396940.0,478588.61,0.0
3040,New jersey,Gloucester,418.0,2013,Unspecified,Unknown,2.0,nan,U,0.0,0,0,0,0.0,0,0.0,0.0,0.0,0.0,0.0,0.0,381011.0,451121.17,0.0
3041,New jersey,Gloucester,419.0,2014,Unspecified,Unknown,2.0,nan,U,0.0,0,0,0,0.0,0,0.0,0.0,0.0,0.0,0.0,0.0,234024.97,505223.76,0.0
3042,New jersey,Gloucester,420.0,2015,Unspecified,Unknown,2.0,nan,U,0.0,0,0,0,0.0,0,0.0,0.0,0.0,0.0,0.0,0.0,188560.69,488194.06,0.0
3043,New jersey,Gloucester,421.0,2016,Unspecified,Unknown,2.0,nan,U,0.0,0,0,0,0.0,0,0.0,0.0,0.0,0.0,0.0,0.0,171876.56,516449.39,0.0
3044,New jersey,Gloucester,422.0,2017,Unspecified,Unknown,2.0,nan,U,0.0,0,0,0,0.0,0,0.0,0.0,0.0,0.0,0.0,0.0,186204.96,515868.19,0.0
3045,New jersey,Gloucester,424.0,2018,Unspecified,Unknown,2.0,nan,U,0.0,0,0,0,0.0,0,0.0,0.0,0.0,0.0,0.0,0.0,200140.43,493910.5,0.0
3046,New jersey,Gloucester,426.0,2019,Unspecified,Unknown,2.0,nan,U,0.0,0,0,0,0.0,0,0.0,0.0,0.0,0.0,0.0,0.0,201596.98,412382.1,0.0
3047,New jersey,Gloucester,793.0,2020,Unspecified,Unknown,2.0,nan,U,0.0,0,0,0,0.0,0,0.0,0.0,0.0,0.0,0.0,0.0,195690.84,468397.17,0.0
3048,New jersey,Gloucester,794.0,2021,Unspecified,Unknown,2.0,nan,U,0.0,0,0,0,0.0,0,0.0,0.0,0.0,0.0,0.0,0.0,198881.03,831498.37,0.0
3049,New jersey,Hudson,406.0,2000,Unspecified,Unknown,2.0,nan,U,0.0,0,0,0,0.0,0,0.0,0.0,0.0,0.0,0.0,0.0,547215.0,492673.0,0.0
3050,New jersey,Hudson,406.0,2001,Unspecified,Unknown,2.0,nan,U,0.0,0,0,0,0.0,0,0.0,0.0,0.0,0.0,0.0,0.0,554538.0,428380.78,0.0
3051,New jersey,Hudson,407.0,2002,Unspecified,Unknown,2.0,nan,,0.0,0,0,0,0.0,0,0.0,0.0,0.0,0.0,0.0,0.0,611954.0,501319.5,0.0
3052,New jersey,Hudson,408.0,2003,Unspecified,Unknown,2.0,nan,U,0.0,0,0,0,0.0,0,0.0,0.0,0.0,0.0,0.0,0.0,614360.0,553385.0,0.0
3053,New jersey,Hudson,409.0,2004,Unspecified,Unknown,2.0,nan,U,0.0,0,0,0,0.0,0,0.0,0.0,0.0,0.0,0.0,0.0,597983.0,624775.78,0.0
3054,New jersey,Hudson,410.0,2005,Unspecified,Unknown,2.0,nan,U,0.0,0,0,0,0.0,0,0.0,0.0,0.0,0.0,0.0,0.0,662256.0,696956.8,0.0
3055,New jersey,Hudson,411.0,2006,Unspecified,Unknown,2.0,nan,U,0.0,0,0,0,0.0,0,0.0,0.0,0.0,0.0,0.0,0.0,716916.0,1017485.15,0.0
3056,New jersey,Hudson,412.0,2007,Unspecified,Unknown,2.0,nan,U,0.0,0,0,0,0.0,0,0.0,0.0,0.0,0.0,0.0,0.0,599119.98,808489.66,0.0
3057,New jersey,Hudson,413.0,2008,Unspecified,Unknown,2.0,nan,U,0.0,0,0,0,0.0,0,0.0,0.0,0.0,0.0,0.0,0.0,648314.45,1103044.88,0.0
3058,New jersey,Hudson,414.0,2009,Unspecified,Unknown,2.0,nan,U,0.0,0,0,0,0.0,0,0.0,0.0,0.0,0.0,0.0,0.0,613964.86,628953.32,0.0
3059,New jersey,Hudson,415.0,2010,Unspecified,Unknown,2.0,nan,U,0.0,0,0,0,0.0,0,0.0,0.0,0.0,0.0,0.0,0.0,573259.79,673991.36,0.0
3060,New jersey,Hudson,416.0,2011,Unspecified,Unknown,2.0,nan,U,0.0,0,0,0,0.0,0,0.0,0.0,0.0,0.0,0.0,0.0,501108.0,725414.81,0.0
3061,New jersey,Hudson,417.0,2012,Unspecified,Unknown,2.0,nan,U,0.0,0,0,0,0.0,0,0.0,0.0,0.0,0.0,0.0,0.0,499756.0,598078.29,0.0
3062,New jersey,Hudson,418.0,2013,Unspecified,Unknown,2.0,nan,U,0.0,0,0,0,0.0,0,0.0,0.0,0.0,0.0,0.0,0.0,526836.0,662845.79,0.0
3063,New jersey,Hudson,419.0,2014,Unspecified,Unknown,2.0,nan,U,0.0,0,0,0,0.0,0,0.0,0.0,0.0,0.0,0.0,0.0,446590.06,669366.1,0.0
3064,New jersey,Hudson,420.0,2015,Unspecified,Unknown,2.0,nan,U,0.0,0,0,0,0.0,0,0.0,0.0,0.0,0.0,0.0,0.0,377136.44,773285.03,0.0
3065,New jersey,Hudson,421.0,2016,Unspecified,Unknown,2.0,nan,U,0.0,0,0,0,0.0,0,0.0,0.0,0.0,0.0,0.0,0.0,371387.13,1042790.46,0.0
3066,New jersey,Hudson,422.0,2017,Unspecified,Unknown,2.0,nan,U,0.0,0,0,0,0.0,0,0.0,0.0,0.0,0.0,0.0,0.0,404222.94,769986.7,0.0
3067,New jersey,Hudson,424.0,2018,Unspecified,Unknown,2.0,nan,U,0.0,0,0,0,0.0,0,0.0,0.0,0.0,0.0,0.0,0.0,411005.71,797198.0,0.0
3068,New jersey,Hudson,426.0,2019,Unspecified,Unknown,2.0,nan,U,0.0,0,0,0,0.0,0,0.0,0.0,0.0,0.0,0.0,0.0,433890.0,525272.08,0.0
3069,New jersey,Hudson,793.0,2020,Unspecified,Unknown,2.0,nan,U,0.0,0,0,0,0.0,0,0.0,0.0,0.0,0.0,0.0,0.0,417717.8,870773.76,0.0
3070,New jersey,Hudson,794.0,2021,Unspecified,Unknown,2.0,nan,U,0.0,0,0,0,0.0,0,0.0,0.0,0.0,0.0,0.0,0.0,421350.86,463074.97,0.0
3071,New jersey,Hunterdon,406.0,2000,Unspecified,Unknown,2.0,nan,U,0.0,0,0,0,0.0,0,0.0,0.0,0.0,0.0,0.0,0.0,126503.0,46571.0,0.0
3072,New jersey,Hunterdon,406.0,2001,Unspecified,Unknown,2.0,nan,U,0.0,0,0,0,0.0,0,0.0,0.0,0.0,0.0,0.0,0.0,120310.0,65120.53,0.0
3073,New jersey,Hunterdon,407.0,2002,Unspecified,Unknown,2.0,nan,,0.0,0,0,0,0.0,0,0.0,0.0,0.0,0.0,0.0,0.0,122003.0,65598.2,0.0
3074,New jersey,Hunterdon,408.0,2003,Unspecified,Unknown,2.0,nan,U,0.0,0,0,0,0.0,0,0.0,0.0,0.0,0.0,0.0,0.0,131545.0,61685.0,0.0
3075,New jersey,Hunterdon,409.0,2004,Unspecified,Unknown,2.0,nan,U,0.0,0,0,0,0.0,0,0.0,0.0,0.0,0.0,0.0,0.0,157739.0,66165.53,0.0
3076,New jersey,Hunterdon,410.0,2005,Unspecified,Unknown,2.0,nan,U,0.0,0,0,0,0.0,0,0.0,0.0,0.0,0.0,0.0,0.0,146848.0,76371.58,0.0
3077,New jersey,Hunterdon,411.0,2006,Unspecified,Unknown,2.0,nan,U,0.0,0,0,0,0.0,0,0.0,0.0,0.0,0.0,0.0,0.0,157011.57,85684.2,0.0
3078,New jersey,Hunterdon,412.0,2007,Unspecified,Unknown,2.0,nan,U,0.0,0,0,0,0.0,0,0.0,0.0,0.0,0.0,0.0,0.0,119362.91,85976.82,0.0
3079,New jersey,Hunterdon,413.0,2008,Unspecified,Unknown,2.0,nan,U,0.0,0,0,0,0.0,0,0.0,0.0,0.0,0.0,0.0,0.0,118027.05,103879.57,0.0
3080,New jersey,Hunterdon,414.0,2009,Unspecified,Unknown,2.0,nan,U,0.0,0,0,0,0.0,0,0.0,0.0,0.0,0.0,0.0,0.0,111336.49,107545.32,0.0
3081,New jersey,Hunterdon,415.0,2010,Unspecified,Unknown,2.0,nan,U,0.0,0,0,0,0.0,0,0.0,0.0,0.0,0.0,0.0,0.0,110233.99,149283.81,0.0
3082,New jersey,Hunterdon,416.0,2011,Unspecified,Unknown,2.0,nan,U,0.0,0,0,0,0.0,0,0.0,0.0,0.0,0.0,0.0,0.0,112968.0,143706.34,0.0
3083,New jersey,Hunterdon,417.0,2012,Unspecified,Unknown,2.0,nan,U,0.0,0,0,0,0.0,0,0.0,0.0,0.0,0.0,0.0,0.0,109402.0,105839.44,0.0
3084,New jersey,Hunterdon,418.0,2013,Unspecified,Unknown,2.0,nan,U,0.0,0,0,0,0.0,0,0.0,0.0,0.0,0.0,0.0,0.0,115364.0,174837.79,0.0
3085,New jersey,Hunterdon,419.0,2014,Unspecified,Unknown,2.0,nan,U,0.0,0,0,0,0.0,0,0.0,0.0,0.0,0.0,0.0,0.0,103555.91,149484.63,0.0
3086,New jersey,Hunterdon,420.0,2015,Unspecified,Unknown,2.0,nan,U,0.0,0,0,0,0.0,0,0.0,0.0,0.0,0.0,0.0,0.0,71343.84,185817.93,0.0
3087,New jersey,Hunterdon,421.0,2016,Unspecified,Unknown,2.0,nan,U,0.0,0,0,0,0.0,0,0.0,0.0,0.0,0.0,0.0,0.0,65246.87,197127.92,0.0
3088,New jersey,Hunterdon,422.0,2017,Unspecified,Unknown,2.0,nan,U,0.0,0,0,0,0.0,0,0.0,0.0,0.0,0.0,0.0,0.0,69561.81,159268.6,0.0
3089,New jersey,Hunterdon,424.0,2018,Unspecified,Unknown,2.0,nan,U,0.0,0,0,0,0.0,0,0.0,0.0,0.0,0.0,0.0,0.0,66379.84,212120.39,0.0
3090,New jersey,Hunterdon,426.0,2019,Unspecified,Unknown,2.0,nan,U,0.0,0,0,0,0.0,0,0.0,0.0,0.0,0.0,0.0,0.0,63429.69,112712.25,0.0
3091,New jersey,Hunterdon,793.0,2020,Unspecified,Unknown,2.0,nan,U,0.0,0,0,0,0.0,0,0.0,0.0,0.0,0.0,0.0,0.0,60372.09,126180.6,0.0
3092,New jersey,Hunterdon,794.0,2021,Unspecified,Unknown,2.0,nan,U,0.0,0,0,0,0.0,0,0.0,0.0,0.0,0.0,0.0,0.0,57341.09,95348.1,0.0
3093,New jersey,Mercer,406.0,2000,Unspecified,Unknown,2.0,nan,U,0.0,0,0,0,0.0,0,0.0,0.0,0.0,0.0,0.0,0.0,365658.0,243110.0,0.0
3094,New jersey,Mercer,406.0,2001,Unspecified,Unknown,2.0,nan,U,0.0,0,0,0,0.0,0,0.0,0.0,0.0,0.0,0.0,0.0,333314.0,320172.77,0.0
3095,New jersey,Mercer,407.0,2002,Unspecified,Unknown,2.0,nan,,0.0,0,0,0,0.0,0,0.0,0.0,0.0,0.0,0.0,0.0,353350.0,336518.7,0.0
3096,New jersey,Mercer,408.0,2003,Unspecified,Unknown,2.0,nan,U,0.0,0,0,0,0.0,0,0.0,0.0,0.0,0.0,0.0,0.0,359633.0,414519.0,0.0
3097,New jersey,Mercer,409.0,2004,Unspecified,Unknown,2.0,nan,U,0.0,0,0,0,0.0,0,0.0,0.0,0.0,0.0,0.0,0.0,347585.0,542062.38,0.0
3098,New jersey,Mercer,410.0,2005,Unspecified,Unknown,2.0,nan,U,0.0,0,0,0,0.0,0,0.0,0.0,0.0,0.0,0.0,0.0,393890.0,404246.19,0.0
3099,New jersey,Mercer,411.0,2006,Unspecified,Unknown,2.0,nan,U,0.0,0,0,0,0.0,0,0.0,0.0,0.0,0.0,0.0,0.0,371203.52,577662.89,0.0
3100,New jersey,Mercer,412.0,2007,Unspecified,Unknown,2.0,nan,U,0.0,0,0,0,0.0,0,0.0,0.0,0.0,0.0,0.0,0.0,393546.55,615390.09,0.0
3101,New jersey,Mercer,413.0,2008,Unspecified,Unknown,2.0,nan,U,0.0,0,0,0,0.0,0,0.0,0.0,0.0,0.0,0.0,0.0,416707.38,551241.06,0.0
3102,New jersey,Mercer,414.0,2009,Unspecified,Unknown,2.0,nan,U,0.0,0,0,0,0.0,0,0.0,0.0,0.0,0.0,0.0,0.0,329866.14,467888.16,0.0
3103,New jersey,Mercer,415.0,2010,Unspecified,Unknown,2.0,nan,U,0.0,0,0,0,0.0,0,0.0,0.0,0.0,0.0,0.0,0.0,321056.91,617310.75,0.0
3104,New jersey,Mercer,416.0,2011,Unspecified,Unknown,2.0,nan,U,0.0,0,0,0,0.0,0,0.0,0.0,0.0,0.0,0.0,0.0,335377.0,554239.39,0.0
3105,New jersey,Mercer,417.0,2012,Unspecified,Unknown,2.0,nan,U,0.0,0,0,0,0.0,0,0.0,0.0,0.0,0.0,0.0,0.0,332463.0,433662.07,0.0
3106,New jersey,Mercer,418.0,2013,Unspecified,Unknown,2.0,nan,U,0.0,0,0,0,0.0,0,0.0,0.0,0.0,0.0,0.0,0.0,307282.0,485026.36,0.0
3107,New jersey,Mercer,419.0,2014,Unspecified,Unknown,2.0,nan,U,0.0,0,0,0,0.0,0,0.0,0.0,0.0,0.0,0.0,0.0,326878.58,639582.73,0.0
3108,New jersey,Mercer,420.0,2015,Unspecified,Unknown,2.0,nan,U,0.0,0,0,0,0.0,0,0.0,0.0,0.0,0.0,0.0,0.0,234342.07,499759.1,0.0
3109,New jersey,Mercer,421.0,2016,Unspecified,Unknown,2.0,nan,U,0.0,0,0,0,0.0,0,0.0,0.0,0.0,0.0,0.0,0.0,217767.42,599708.98,0.0
3110,New jersey,Mercer,422.0,2017,Unspecified,Unknown,2.0,nan,U,0.0,0,0,0,0.0,0,0.0,0.0,0.0,0.0,0.0,0.0,239952.68,562969.44,0.0
3111,New jersey,Mercer,424.0,2018,Unspecified,Unknown,2.0,nan,U,0.0,0,0,0,0.0,0,0.0,0.0,0.0,0.0,0.0,0.0,251066.45,628870.14,0.0
3112,New jersey,Mercer,426.0,2019,Unspecified,Unknown,2.0,nan,U,0.0,0,0,0,0.0,0,0.0,0.0,0.0,0.0,0.0,0.0,249516.06,567193.91,0.0
3113,New jersey,Mercer,793.0,2020,Unspecified,Unknown,2.0,nan,U,0.0,0,0,0,0.0,0,0.0,0.0,0.0,0.0,0.0,0.0,244995.93,483407.0,0.0
3114,New jersey,Mercer,794.0,2021,Unspecified,Unknown,2.0,nan,U,0.0,0,0,0,0.0,0,0.0,0.0,0.0,0.0,0.0,0.0,273054.93,561442.94,0.0
3115,New jersey,Middlesex,406.0,2000,Unspecified,Unknown,2.0,nan,U,0.0,0,0,0,0.0,0,0.0,0.0,0.0,0.0,0.0,0.0,794870.0,1497168.0,0.0
3116,New jersey,Middlesex,406.0,2001,Unspecified,Unknown,2.0,nan,U,0.0,0,0,0,0.0,0,0.0,0.0,0.0,0.0,0.0,0.0,796136.0,1277320.76,0.0
3117,New jersey,Middlesex,407.0,2002,Unspecified,Unknown,2.0,nan,,0.0,0,0,0,0.0,0,0.0,0.0,0.0,0.0,0.0,0.0,823549.0,1239504.1,0.0
3118,New jersey,Middlesex,408.0,2003,Unspecified,Unknown,2.0,nan,U,0.0,0,0,0,0.0,0,0.0,0.0,0.0,0.0,0.0,0.0,921516.0,1274808.0,0.0
3119,New jersey,Middlesex,409.0,2004,Unspecified,Unknown,2.0,nan,U,0.0,0,0,0,0.0,0,0.0,0.0,0.0,0.0,0.0,0.0,945374.0,1351693.53,0.0
3120,New jersey,Middlesex,410.0,2005,Unspecified,Unknown,2.0,nan,U,0.0,0,0,0,0.0,0,0.0,0.0,0.0,0.0,0.0,0.0,948122.0,1567684.4,0.0
3121,New jersey,Middlesex,411.0,2006,Unspecified,Unknown,2.0,nan,U,0.0,0,0,0,0.0,0,0.0,0.0,0.0,0.0,0.0,0.0,946161.0,1715884.9,0.0
3122,New jersey,Middlesex,412.0,2007,Unspecified,Unknown,2.0,nan,U,0.0,0,0,0,0.0,0,0.0,0.0,0.0,0.0,0.0,0.0,832362.45,1465119.93,0.0
3123,New jersey,Middlesex,413.0,2008,Unspecified,Unknown,2.0,nan,U,0.0,0,0,0,0.0,0,0.0,0.0,0.0,0.0,0.0,0.0,824183.54,1550613.49,0.0
3124,New jersey,Middlesex,414.0,2009,Unspecified,Unknown,2.0,nan,U,0.0,0,0,0,0.0,0,0.0,0.0,0.0,0.0,0.0,0.0,716565.31,1208621.94,0.0
3125,New jersey,Middlesex,415.0,2010,Unspecified,Unknown,2.0,nan,U,0.0,0,0,0,0.0,0,0.0,0.0,0.0,0.0,0.0,0.0,759467.17,1490991.28,0.0
3126,New jersey,Middlesex,416.0,2011,Unspecified,Unknown,2.0,nan,U,0.0,0,0,0,0.0,0,0.0,0.0,0.0,0.0,0.0,0.0,773476.0,1315836.69,0.0
3127,New jersey,Middlesex,417.0,2012,Unspecified,Unknown,2.0,nan,U,0.0,0,0,0,0.0,0,0.0,0.0,0.0,0.0,0.0,0.0,750449.0,1371129.02,0.0
3128,New jersey,Middlesex,418.0,2013,Unspecified,Unknown,2.0,nan,U,0.0,0,0,0,0.0,0,0.0,0.0,0.0,0.0,0.0,0.0,751759.0,1824431.13,0.0
3129,New jersey,Middlesex,419.0,2014,Unspecified,Unknown,2.0,nan,U,0.0,0,0,0,0.0,0,0.0,0.0,0.0,0.0,0.0,0.0,706439.71,1778972.33,0.0
3130,New jersey,Middlesex,420.0,2015,Unspecified,Unknown,2.0,nan,U,0.0,0,0,0,0.0,0,0.0,0.0,0.0,0.0,0.0,0.0,534183.03,3330715.83,0.0
3131,New jersey,Middlesex,421.0,2016,Unspecified,Unknown,2.0,nan,U,0.0,0,0,0,0.0,0,0.0,0.0,0.0,0.0,0.0,0.0,526831.53,1812073.91,0.0
3132,New jersey,Middlesex,422.0,2017,Unspecified,Unknown,2.0,nan,U,0.0,0,0,0,0.0,0,0.0,0.0,0.0,0.0,0.0,0.0,555361.8,2142137.88,0.0
3133,New jersey,Middlesex,424.0,2018,Unspecified,Unknown,2.0,nan,U,0.0,0,0,0,0.0,0,0.0,0.0,0.0,0.0,0.0,0.0,569272.27,1992859.65,0.0
3134,New jersey,Middlesex,426.0,2019,Unspecified,Unknown,2.0,nan,U,0.0,0,0,0,0.0,0,0.0,0.0,0.0,0.0,0.0,0.0,568942.45,2023651.07,0.0
3135,New jersey,Middlesex,793.0,2020,Unspecified,Unknown,2.0,nan,U,0.0,0,0,0,0.0,0,0.0,0.0,0.0,0.0,0.0,0.0,569987.09,1805602.18,0.0
3136,New jersey,Middlesex,794.0,2021,Unspecified,Unknown,2.0,nan,U,0.0,0,0,0,0.0,0,0.0,0.0,0.0,0.0,0.0,0.0,566072.33,1920941.63,0.0
3137,New jersey,Monmouth,406.0,2000,Unspecified,Unknown,2.0,nan,U,0.0,0,0,0,0.0,0,0.0,0.0,0.0,0.0,0.0,0.0,612351.0,678540.0,0.0
3138,New jersey,Monmouth,406.0,2001,Unspecified,Unknown,2.0,nan,U,0.0,0,0,0,0.0,0,0.0,0.0,0.0,0.0,0.0,0.0,573971.0,739538.39,0.0
3139,New jersey,Monmouth,407.0,2002,Unspecified,Unknown,2.0,nan,,0.0,0,0,0,0.0,0,0.0,0.0,0.0,0.0,0.0,0.0,625934.0,853850.8,0.0
3140,New jersey,Monmouth,408.0,2003,Unspecified,Unknown,2.0,nan,U,0.0,0,0,0,0.0,0,0.0,0.0,0.0,0.0,0.0,0.0,631607.0,689590.0,0.0
3141,New jersey,Monmouth,409.0,2004,Unspecified,Unknown,2.0,nan,U,0.0,0,0,0,0.0,0,0.0,0.0,0.0,0.0,0.0,0.0,632287.0,792060.51,0.0
3142,New jersey,Monmouth,410.0,2005,Unspecified,Unknown,2.0,nan,U,0.0,0,0,0,0.0,0,0.0,0.0,0.0,0.0,0.0,0.0,763706.0,829752.65,0.0
3143,New jersey,Monmouth,411.0,2006,Unspecified,Unknown,2.0,nan,U,0.0,0,0,0,0.0,0,0.0,0.0,0.0,0.0,0.0,0.0,777889.0,851244.27,0.0
3144,New jersey,Monmouth,412.0,2007,Unspecified,Unknown,2.0,nan,U,0.0,0,0,0,0.0,0,0.0,0.0,0.0,0.0,0.0,0.0,724031.06,936611.19,0.0
3145,New jersey,Monmouth,413.0,2008,Unspecified,Unknown,2.0,nan,U,0.0,0,0,0,0.0,0,0.0,0.0,0.0,0.0,0.0,0.0,750140.03,949723.81,0.0
3146,New jersey,Monmouth,414.0,2009,Unspecified,Unknown,2.0,nan,U,0.0,0,0,0,0.0,0,0.0,0.0,0.0,0.0,0.0,0.0,636726.23,779448.61,0.0
3147,New jersey,Monmouth,415.0,2010,Unspecified,Unknown,2.0,nan,U,0.0,0,0,0,0.0,0,0.0,0.0,0.0,0.0,0.0,0.0,637522.0,980426.21,0.0
3148,New jersey,Monmouth,416.0,2011,Unspecified,Unknown,2.0,nan,U,0.0,0,0,0,0.0,0,0.0,0.0,0.0,0.0,0.0,0.0,652375.0,924322.09,0.0
3149,New jersey,Monmouth,417.0,2012,Unspecified,Unknown,2.0,nan,U,0.0,0,0,0,0.0,0,0.0,0.0,0.0,0.0,0.0,0.0,762045.0,964275.19,0.0
3150,New jersey,Monmouth,418.0,2013,Unspecified,Unknown,2.0,nan,U,0.0,0,0,0,0.0,0,0.0,0.0,0.0,0.0,0.0,0.0,697194.0,711552.34,0.0
3151,New jersey,Monmouth,419.0,2014,Unspecified,Unknown,2.0,nan,U,0.0,0,0,0,0.0,0,0.0,0.0,0.0,0.0,0.0,0.0,648427.78,949202.32,0.0
3152,New jersey,Monmouth,420.0,2015,Unspecified,Unknown,2.0,nan,U,0.0,0,0,0,0.0,0,0.0,0.0,0.0,0.0,0.0,0.0,405500.71,967860.5,0.0
3153,New jersey,Monmouth,421.0,2016,Unspecified,Unknown,2.0,nan,U,0.0,0,0,0,0.0,0,0.0,0.0,0.0,0.0,0.0,0.0,344346.49,988804.33,0.0
3154,New jersey,Monmouth,422.0,2017,Unspecified,Unknown,2.0,nan,U,0.0,0,0,0,0.0,0,0.0,0.0,0.0,0.0,0.0,0.0,407946.01,1224316.4,0.0
3155,New jersey,Monmouth,424.0,2018,Unspecified,Unknown,2.0,nan,U,0.0,0,0,0,0.0,0,0.0,0.0,0.0,0.0,0.0,0.0,412079.01,1262949.88,0.0
3156,New jersey,Monmouth,426.0,2019,Unspecified,Unknown,2.0,nan,U,0.0,0,0,0,0.0,0,0.0,0.0,0.0,0.0,0.0,0.0,442116.86,1251703.17,0.0
3157,New jersey,Monmouth,793.0,2020,Unspecified,Unknown,2.0,nan,U,0.0,0,0,0,0.0,0,0.0,0.0,0.0,0.0,0.0,0.0,423132.38,1118254.59,0.0
3158,New jersey,Monmouth,794.0,2021,Unspecified,Unknown,2.0,nan,U,0.0,0,0,0,0.0,0,0.0,0.0,0.0,0.0,0.0,0.0,508282.07,1215186.0,0.0
3159,New jersey,Morris,406.0,2000,Unspecified,Unknown,2.0,nan,U,0.0,0,0,0,0.0,0,0.0,0.0,0.0,0.0,0.0,0.0,425712.0,440472.0,0.0
3160,New jersey,Morris,406.0,2001,Unspecified,Unknown,2.0,nan,U,0.0,0,0,0,0.0,0,0.0,0.0,0.0,0.0,0.0,0.0,470755.0,466916.37,0.0
3161,New jersey,Morris,407.0,2002,Unspecified,Unknown,2.0,nan,,0.0,0,0,0,0.0,0,0.0,0.0,0.0,0.0,0.0,0.0,481239.0,507073.9,0.0
3162,New jersey,Morris,408.0,2003,Unspecified,Unknown,2.0,nan,U,0.0,0,0,0,0.0,0,0.0,0.0,0.0,0.0,0.0,0.0,508904.0,508097.0,0.0
3163,New jersey,Morris,409.0,2004,Unspecified,Unknown,2.0,nan,U,0.0,0,0,0,0.0,0,0.0,0.0,0.0,0.0,0.0,0.0,544529.0,629593.07,0.0
3164,New jersey,Morris,410.0,2005,Unspecified,Unknown,2.0,nan,U,0.0,0,0,0,0.0,0,0.0,0.0,0.0,0.0,0.0,0.0,600298.0,644272.24,0.0
3165,New jersey,Morris,411.0,2006,Unspecified,Unknown,2.0,nan,U,0.0,0,0,0,0.0,0,0.0,0.0,0.0,0.0,0.0,0.0,581467.0,563592.56,0.0
3166,New jersey,Morris,412.0,2007,Unspecified,Unknown,2.0,nan,U,0.0,0,0,0,0.0,0,0.0,0.0,0.0,0.0,0.0,0.0,500117.49,769707.26,0.0
3167,New jersey,Morris,413.0,2008,Unspecified,Unknown,2.0,nan,U,0.0,0,0,0,0.0,0,0.0,0.0,0.0,0.0,0.0,0.0,455643.69,624903.95,0.0
3168,New jersey,Morris,414.0,2009,Unspecified,Unknown,2.0,nan,U,0.0,0,0,0,0.0,0,0.0,0.0,0.0,0.0,0.0,0.0,397399.12,658591.81,0.0
3169,New jersey,Morris,415.0,2010,Unspecified,Unknown,2.0,nan,U,0.0,0,0,0,0.0,0,0.0,0.0,0.0,0.0,0.0,0.0,390831.62,711059.45,0.0
3170,New jersey,Morris,416.0,2011,Unspecified,Unknown,2.0,nan,U,0.0,0,0,0,0.0,0,0.0,0.0,0.0,0.0,0.0,0.0,401098.0,711012.39,0.0
3171,New jersey,Morris,417.0,2012,Unspecified,Unknown,2.0,nan,U,0.0,0,0,0,0.0,0,0.0,0.0,0.0,0.0,0.0,0.0,379714.0,643591.52,0.0
3172,New jersey,Morris,418.0,2013,Unspecified,Unknown,2.0,nan,U,0.0,0,0,0,0.0,0,0.0,0.0,0.0,0.0,0.0,0.0,383332.0,746363.23,0.0
3173,New jersey,Morris,419.0,2014,Unspecified,Unknown,2.0,nan,U,0.0,0,0,0,0.0,0,0.0,0.0,0.0,0.0,0.0,0.0,390186.2,707830.64,0.0
3174,New jersey,Morris,420.0,2015,Unspecified,Unknown,2.0,nan,U,0.0,0,0,0,0.0,0,0.0,0.0,0.0,0.0,0.0,0.0,278521.68,776770.57,0.0
3175,New jersey,Morris,421.0,2016,Unspecified,Unknown,2.0,nan,U,0.0,0,0,0,0.0,0,0.0,0.0,0.0,0.0,0.0,0.0,257535.37,836153.23,0.0
3176,New jersey,Morris,422.0,2017,Unspecified,Unknown,2.0,nan,U,0.0,0,0,0,0.0,0,0.0,0.0,0.0,0.0,0.0,0.0,275270.26,835589.93,0.0
3177,New jersey,Morris,424.0,2018,Unspecified,Unknown,2.0,nan,U,0.0,0,0,0,0.0,0,0.0,0.0,0.0,0.0,0.0,0.0,293489.76,684266.57,0.0
3178,New jersey,Morris,426.0,2019,Unspecified,Unknown,2.0,nan,U,0.0,0,0,0,0.0,0,0.0,0.0,0.0,0.0,0.0,0.0,294583.67,654984.75,0.0
3179,New jersey,Morris,793.0,2020,Unspecified,Unknown,2.0,nan,U,0.0,0,0,0,0.0,0,0.0,0.0,0.0,0.0,0.0,0.0,288888.76,827633.46,0.0
3180,New jersey,Morris,794.0,2021,Unspecified,Unknown,2.0,nan,U,0.0,0,0,0,0.0,0,0.0,0.0,0.0,0.0,0.0,0.0,308292.23,684951.12,0.0
3181,New jersey,Ocean,406.0,2000,Unspecified,Unknown,2.0,nan,U,0.0,0,0,0,0.0,0,0.0,0.0,0.0,0.0,0.0,0.0,520685.0,495928.0,0.0
3182,New jersey,Ocean,406.0,2001,Unspecified,Unknown,2.0,nan,U,0.0,0,0,0,0.0,0,0.0,0.0,0.0,0.0,0.0,0.0,577373.0,516308.41,0.0
3183,New jersey,Ocean,407.0,2002,Unspecified,Unknown,2.0,nan,,0.0,0,0,0,0.0,0,0.0,0.0,0.0,0.0,0.0,0.0,594995.0,570355.2,0.0
3184,New jersey,Ocean,408.0,2003,Unspecified,Unknown,2.0,nan,U,0.0,0,0,0,0.0,0,0.0,0.0,0.0,0.0,0.0,0.0,635948.0,655762.0,0.0
3185,New jersey,Ocean,409.0,2004,Unspecified,Unknown,2.0,nan,U,0.0,0,0,0,0.0,0,0.0,0.0,0.0,0.0,0.0,0.0,670871.0,771368.29,0.0
3186,New jersey,Ocean,410.0,2005,Unspecified,Unknown,2.0,nan,U,0.0,0,0,0,0.0,0,0.0,0.0,0.0,0.0,0.0,0.0,674368.0,749805.75,0.0
3187,New jersey,Ocean,411.0,2006,Unspecified,Unknown,2.0,nan,U,0.0,0,0,0,0.0,0,0.0,0.0,0.0,0.0,0.0,0.0,660335.85,757909.36,0.0
3188,New jersey,Ocean,412.0,2007,Unspecified,Unknown,2.0,nan,U,0.0,0,0,0,0.0,0,0.0,0.0,0.0,0.0,0.0,0.0,579001.63,853259.41,0.0
3189,New jersey,Ocean,413.0,2008,Unspecified,Unknown,2.0,nan,U,0.0,0,0,0,0.0,0,0.0,0.0,0.0,0.0,0.0,0.0,598179.28,800516.15,0.0
3190,New jersey,Ocean,414.0,2009,Unspecified,Unknown,2.0,nan,U,0.0,0,0,0,0.0,0,0.0,0.0,0.0,0.0,0.0,0.0,544213.42,757300.34,0.0
3191,New jersey,Ocean,415.0,2010,Unspecified,Unknown,2.0,nan,U,0.0,0,0,0,0.0,0,0.0,0.0,0.0,0.0,0.0,0.0,544698.22,842311.42,0.0
3192,New jersey,Ocean,416.0,2011,Unspecified,Unknown,2.0,nan,U,0.0,0,0,0,0.0,0,0.0,0.0,0.0,0.0,0.0,0.0,550254.0,938651.9,0.0
3193,New jersey,Ocean,417.0,2012,Unspecified,Unknown,2.0,nan,U,0.0,0,0,0,0.0,0,0.0,0.0,0.0,0.0,0.0,0.0,767242.0,654493.63,0.0
3194,New jersey,Ocean,418.0,2013,Unspecified,Unknown,2.0,nan,U,0.0,0,0,0,0.0,0,0.0,0.0,0.0,0.0,0.0,0.0,750641.0,865318.53,0.0
3195,New jersey,Ocean,419.0,2014,Unspecified,Unknown,2.0,nan,U,0.0,0,0,0,0.0,0,0.0,0.0,0.0,0.0,0.0,0.0,600843.54,798504.99,0.0
3196,New jersey,Ocean,420.0,2015,Unspecified,Unknown,2.0,nan,U,0.0,0,0,0,0.0,0,0.0,0.0,0.0,0.0,0.0,0.0,387930.85,786692.06,0.0
3197,New jersey,Ocean,421.0,2016,Unspecified,Unknown,2.0,nan,U,0.0,0,0,0,0.0,0,0.0,0.0,0.0,0.0,0.0,0.0,363073.53,704144.61,0.0
3198,New jersey,Ocean,422.0,2017,Unspecified,Unknown,2.0,nan,U,0.0,0,0,0,0.0,0,0.0,0.0,0.0,0.0,0.0,0.0,397304.21,761893.32,0.0
3199,New jersey,Ocean,424.0,2018,Unspecified,Unknown,2.0,nan,U,0.0,0,0,0,0.0,0,0.0,0.0,0.0,0.0,0.0,0.0,418526.78,631219.58,0.0
3200,New jersey,Ocean,426.0,2019,Unspecified,Unknown,2.0,nan,U,0.0,0,0,0,0.0,0,0.0,0.0,0.0,0.0,0.0,0.0,429000.95,568497.56,0.0
3201,New jersey,Ocean,793.0,2020,Unspecified,Unknown,2.0,nan,U,0.0,0,0,0,0.0,0,0.0,0.0,0.0,0.0,0.0,0.0,455551.1,522022.69,0.0
3202,New jersey,Ocean,794.0,2021,Unspecified,Unknown,2.0,nan,U,0.0,0,0,0,0.0,0,0.0,0.0,0.0,0.0,0.0,0.0,430700.8,468319.85,0.0
3203,New jersey,Passaic,406.0,2000,Unspecified,Unknown,2.0,nan,U,0.0,0,0,0,0.0,0,0.0,0.0,0.0,0.0,0.0,0.0,427152.0,525889.0,0.0
3204,New jersey,Passaic,406.0,2001,Unspecified,Unknown,2.0,nan,U,0.0,0,0,0,0.0,0,0.0,0.0,0.0,0.0,0.0,0.0,477885.0,594498.03,0.0
3205,New jersey,Passaic,407.0,2002,Unspecified,Unknown,2.0,nan,,0.0,0,0,0,0.0,0,0.0,0.0,0.0,0.0,0.0,0.0,501906.0,635889.9,0.0
3206,New jersey,Passaic,408.0,2003,Unspecified,Unknown,2.0,nan,U,0.0,0,0,0,0.0,0,0.0,0.0,0.0,0.0,0.0,0.0,545281.0,549774.0,0.0
3207,New jersey,Passaic,409.0,2004,Unspecified,Unknown,2.0,nan,U,0.0,0,0,0,0.0,0,0.0,0.0,0.0,0.0,0.0,0.0,568567.0,638889.52,0.0
3208,New jersey,Passaic,410.0,2005,Unspecified,Unknown,2.0,nan,U,0.0,0,0,0,0.0,0,0.0,0.0,0.0,0.0,0.0,0.0,597567.0,567385.98,0.0
3209,New jersey,Passaic,411.0,2006,Unspecified,Unknown,2.0,nan,U,0.0,0,0,0,0.0,0,0.0,0.0,0.0,0.0,0.0,0.0,568296.73,604834.6,0.0
3210,New jersey,Passaic,412.0,2007,Unspecified,Unknown,2.0,nan,U,0.0,0,0,0,0.0,0,0.0,0.0,0.0,0.0,0.0,0.0,556125.46,583272.49,0.0
3211,New jersey,Passaic,413.0,2008,Unspecified,Unknown,2.0,nan,U,0.0,0,0,0,0.0,0,0.0,0.0,0.0,0.0,0.0,0.0,509398.3,592856.02,0.0
3212,New jersey,Passaic,414.0,2009,Unspecified,Unknown,2.0,nan,U,0.0,0,0,0,0.0,0,0.0,0.0,0.0,0.0,0.0,0.0,556409.86,633708.86,0.0
3213,New jersey,Passaic,415.0,2010,Unspecified,Unknown,2.0,nan,U,0.0,0,0,0,0.0,0,0.0,0.0,0.0,0.0,0.0,0.0,637958.78,638084.78,0.0
3214,New jersey,Passaic,416.0,2011,Unspecified,Unknown,2.0,nan,U,0.0,0,0,0,0.0,0,0.0,0.0,0.0,0.0,0.0,0.0,681202.0,600472.21,0.0
3215,New jersey,Passaic,417.0,2012,Unspecified,Unknown,2.0,nan,U,0.0,0,0,0,0.0,0,0.0,0.0,0.0,0.0,0.0,0.0,636821.0,509658.66,0.0
3216,New jersey,Passaic,418.0,2013,Unspecified,Unknown,2.0,nan,U,0.0,0,0,0,0.0,0,0.0,0.0,0.0,0.0,0.0,0.0,657774.0,503886.64,0.0
3217,New jersey,Passaic,419.0,2014,Unspecified,Unknown,2.0,nan,U,0.0,0,0,0,0.0,0,0.0,0.0,0.0,0.0,0.0,0.0,639655.06,653186.5,0.0
3218,New jersey,Passaic,420.0,2015,Unspecified,Unknown,2.0,nan,U,0.0,0,0,0,0.0,0,0.0,0.0,0.0,0.0,0.0,0.0,469836.65,681185.27,0.0
3219,New jersey,Passaic,421.0,2016,Unspecified,Unknown,2.0,nan,U,0.0,0,0,0,0.0,0,0.0,0.0,0.0,0.0,0.0,0.0,414934.11,938999.63,0.0
3220,New jersey,Passaic,422.0,2017,Unspecified,Unknown,2.0,nan,U,0.0,0,0,0,0.0,0,0.0,0.0,0.0,0.0,0.0,0.0,427699.81,750775.14,0.0
3221,New jersey,Passaic,424.0,2018,Unspecified,Unknown,2.0,nan,U,0.0,0,0,0,0.0,0,0.0,0.0,0.0,0.0,0.0,0.0,455985.62,625335.74,0.0
3222,New jersey,Passaic,426.0,2019,Unspecified,Unknown,2.0,nan,U,0.0,0,0,0,0.0,0,0.0,0.0,0.0,0.0,0.0,0.0,472606.36,955714.69,0.0
3223,New jersey,Passaic,793.0,2020,Unspecified,Unknown,2.0,nan,U,0.0,0,0,0,0.0,0,0.0,0.0,0.0,0.0,0.0,0.0,487084.27,453943.58,0.0
3224,New jersey,Passaic,794.0,2021,Unspecified,Unknown,2.0,nan,U,0.0,0,0,0,0.0,0,0.0,0.0,0.0,0.0,0.0,0.0,495475.12,477246.69,0.0
3225,New jersey,Salem,406.0,2000,Unspecified,Unknown,2.0,nan,U,0.0,0,0,0,0.0,0,0.0,0.0,0.0,0.0,0.0,0.0,96711.0,38477.0,0.0
3226,New jersey,Salem,406.0,2001,Unspecified,Unknown,2.0,nan,U,0.0,0,0,0,0.0,0,0.0,0.0,0.0,0.0,0.0,0.0,99515.0,654395.19,0.0
3227,New jersey,Salem,407.0,2002,Unspecified,Unknown,2.0,nan,,0.0,0,0,0,0.0,0,0.0,0.0,0.0,0.0,0.0,0.0,93150.0,128542.6,0.0
3228,New jersey,Salem,408.0,2003,Unspecified,Unknown,2.0,nan,U,0.0,0,0,0,0.0,0,0.0,0.0,0.0,0.0,0.0,0.0,88735.0,46025.0,0.0
3229,New jersey,Salem,409.0,2004,Unspecified,Unknown,2.0,nan,U,0.0,0,0,0,0.0,0,0.0,0.0,0.0,0.0,0.0,0.0,91288.0,60598.01,0.0
3230,New jersey,Salem,410.0,2005,Unspecified,Unknown,2.0,nan,U,0.0,0,0,0,0.0,0,0.0,0.0,0.0,0.0,0.0,0.0,82041.0,54945.12,0.0
3231,New jersey,Salem,411.0,2006,Unspecified,Unknown,2.0,nan,U,0.0,0,0,0,0.0,0,0.0,0.0,0.0,0.0,0.0,0.0,81658.14,51649.32,0.0
3232,New jersey,Salem,412.0,2007,Unspecified,Unknown,2.0,nan,U,0.0,0,0,0,0.0,0,0.0,0.0,0.0,0.0,0.0,0.0,72965.02,57337.39,0.0
3233,New jersey,Salem,413.0,2008,Unspecified,Unknown,2.0,nan,U,0.0,0,0,0,0.0,0,0.0,0.0,0.0,0.0,0.0,0.0,67501.13,75235.97,0.0
3234,New jersey,Salem,414.0,2009,Unspecified,Unknown,2.0,nan,U,0.0,0,0,0,0.0,0,0.0,0.0,0.0,0.0,0.0,0.0,63188.84,81041.57,0.0
3235,New jersey,Salem,415.0,2010,Unspecified,Unknown,2.0,nan,U,0.0,0,0,0,0.0,0,0.0,0.0,0.0,0.0,0.0,0.0,69453.12,152524.31,0.0
3236,New jersey,Salem,416.0,2011,Unspecified,Unknown,2.0,nan,U,0.0,0,0,0,0.0,0,0.0,0.0,0.0,0.0,0.0,0.0,64950.0,78652.32,0.0
3237,New jersey,Salem,417.0,2012,Unspecified,Unknown,2.0,nan,U,0.0,0,0,0,0.0,0,0.0,0.0,0.0,0.0,0.0,0.0,135636.0,65281.84,0.0
3238,New jersey,Salem,418.0,2013,Unspecified,Unknown,2.0,nan,U,0.0,0,0,0,0.0,0,0.0,0.0,0.0,0.0,0.0,0.0,141466.0,64884.48,0.0
3239,New jersey,Salem,419.0,2014,Unspecified,Unknown,2.0,nan,U,0.0,0,0,0,0.0,0,0.0,0.0,0.0,0.0,0.0,0.0,55225.39,78868.17,0.0
3240,New jersey,Salem,420.0,2015,Unspecified,Unknown,2.0,nan,U,0.0,0,0,0,0.0,0,0.0,0.0,0.0,0.0,0.0,0.0,36135.59,82097.46,0.0
3241,New jersey,Salem,421.0,2016,Unspecified,Unknown,2.0,nan,U,0.0,0,0,0,0.0,0,0.0,0.0,0.0,0.0,0.0,0.0,32264.41,149521.77,0.0
3242,New jersey,Salem,422.0,2017,Unspecified,Unknown,2.0,nan,U,0.0,0,0,0,0.0,0,0.0,0.0,0.0,0.0,0.0,0.0,37029.42,187183.59,0.0
3243,New jersey,Salem,424.0,2018,Unspecified,Unknown,2.0,nan,U,0.0,0,0,0,0.0,0,0.0,0.0,0.0,0.0,0.0,0.0,40040.62,240659.44,0.0
3244,New jersey,Salem,426.0,2019,Unspecified,Unknown,2.0,nan,U,0.0,0,0,0,0.0,0,0.0,0.0,0.0,0.0,0.0,0.0,39312.8,85397.17,0.0
3245,New jersey,Salem,793.0,2020,Unspecified,Unknown,2.0,nan,U,0.0,0,0,0,0.0,0,0.0,0.0,0.0,0.0,0.0,0.0,42287.51,63864.7,0.0
3246,New jersey,Salem,794.0,2021,Unspecified,Unknown,2.0,nan,U,0.0,0,0,0,0.0,0,0.0,0.0,0.0,0.0,0.0,0.0,39605.85,52928.06,0.0
3247,New jersey,Somerset,406.0,2000,Unspecified,Unknown,2.0,nan,U,0.0,0,0,0,0.0,0,0.0,0.0,0.0,0.0,0.0,0.0,336286.0,238660.0,0.0
3248,New jersey,Somerset,406.0,2001,Unspecified,Unknown,2.0,nan,U,0.0,0,0,0,0.0,0,0.0,0.0,0.0,0.0,0.0,0.0,309577.0,211807.48,0.0
3249,New jersey,Somerset,407.0,2002,Unspecified,Unknown,2.0,nan,,0.0,0,0,0,0.0,0,0.0,0.0,0.0,0.0,0.0,0.0,312254.0,241147.7,0.0
3250,New jersey,Somerset,408.0,2003,Unspecified,Unknown,2.0,nan,U,0.0,0,0,0,0.0,0,0.0,0.0,0.0,0.0,0.0,0.0,337412.0,269884.0,0.0
3251,New jersey,Somerset,409.0,2004,Unspecified,Unknown,2.0,nan,U,0.0,0,0,0,0.0,0,0.0,0.0,0.0,0.0,0.0,0.0,368547.0,299500.93,0.0
3252,New jersey,Somerset,410.0,2005,Unspecified,Unknown,2.0,nan,U,0.0,0,0,0,0.0,0,0.0,0.0,0.0,0.0,0.0,0.0,405702.0,375610.1,0.0
3253,New jersey,Somerset,411.0,2006,Unspecified,Unknown,2.0,nan,U,0.0,0,0,0,0.0,0,0.0,0.0,0.0,0.0,0.0,0.0,434865.28,371112.48,0.0
3254,New jersey,Somerset,412.0,2007,Unspecified,Unknown,2.0,nan,U,0.0,0,0,0,0.0,0,0.0,0.0,0.0,0.0,0.0,0.0,433125.99,394586.56,0.0
3255,New jersey,Somerset,413.0,2008,Unspecified,Unknown,2.0,nan,U,0.0,0,0,0,0.0,0,0.0,0.0,0.0,0.0,0.0,0.0,386550.41,385386.03,0.0
3256,New jersey,Somerset,414.0,2009,Unspecified,Unknown,2.0,nan,U,0.0,0,0,0,0.0,0,0.0,0.0,0.0,0.0,0.0,0.0,367077.57,331048.33,0.0
3257,New jersey,Somerset,415.0,2010,Unspecified,Unknown,2.0,nan,U,0.0,0,0,0,0.0,0,0.0,0.0,0.0,0.0,0.0,0.0,375422.92,411089.62,0.0
3258,New jersey,Somerset,416.0,2011,Unspecified,Unknown,2.0,nan,U,0.0,0,0,0,0.0,0,0.0,0.0,0.0,0.0,0.0,0.0,395106.0,506552.62,0.0
3259,New jersey,Somerset,417.0,2012,Unspecified,Unknown,2.0,nan,U,0.0,0,0,0,0.0,0,0.0,0.0,0.0,0.0,0.0,0.0,363631.0,430117.67,0.0
3260,New jersey,Somerset,418.0,2013,Unspecified,Unknown,2.0,nan,U,0.0,0,0,0,0.0,0,0.0,0.0,0.0,0.0,0.0,0.0,398270.0,510372.97,0.0
3261,New jersey,Somerset,419.0,2014,Unspecified,Unknown,2.0,nan,U,0.0,0,0,0,0.0,0,0.0,0.0,0.0,0.0,0.0,0.0,379693.03,481153.71,0.0
3262,New jersey,Somerset,420.0,2015,Unspecified,Unknown,2.0,nan,U,0.0,0,0,0,0.0,0,0.0,0.0,0.0,0.0,0.0,0.0,250589.6,651520.56,0.0
3263,New jersey,Somerset,421.0,2016,Unspecified,Unknown,2.0,nan,U,0.0,0,0,0,0.0,0,0.0,0.0,0.0,0.0,0.0,0.0,230717.12,434554.18,0.0
3264,New jersey,Somerset,422.0,2017,Unspecified,Unknown,2.0,nan,U,0.0,0,0,0,0.0,0,0.0,0.0,0.0,0.0,0.0,0.0,220583.24,429457.44,0.0
3265,New jersey,Somerset,424.0,2018,Unspecified,Unknown,2.0,nan,U,0.0,0,0,0,0.0,0,0.0,0.0,0.0,0.0,0.0,0.0,219957.38,397718.76,0.0
3266,New jersey,Somerset,426.0,2019,Unspecified,Unknown,2.0,nan,U,0.0,0,0,0,0.0,0,0.0,0.0,0.0,0.0,0.0,0.0,239097.74,405567.41,0.0
3267,New jersey,Somerset,793.0,2020,Unspecified,Unknown,2.0,nan,U,0.0,0,0,0,0.0,0,0.0,0.0,0.0,0.0,0.0,0.0,226416.29,368846.78,0.0
3268,New jersey,Somerset,794.0,2021,Unspecified,Unknown,2.0,nan,U,0.0,0,0,0,0.0,0,0.0,0.0,0.0,0.0,0.0,0.0,257520.58,403336.48,0.0
3269,New jersey,Sussex,406.0,2000,Unspecified,Unknown,2.0,nan,U,0.0,0,0,0,0.0,0,0.0,0.0,0.0,0.0,0.0,0.0,118956.0,78498.0,0.0
3270,New jersey,Sussex,406.0,2001,Unspecified,Unknown,2.0,nan,U,0.0,0,0,0,0.0,0,0.0,0.0,0.0,0.0,0.0,0.0,119275.0,71469.38,0.0
3271,New jersey,Sussex,407.0,2002,Unspecified,Unknown,2.0,nan,,0.0,0,0,0,0.0,0,0.0,0.0,0.0,0.0,0.0,0.0,126034.0,85318.3,0.0
3272,New jersey,Sussex,408.0,2003,Unspecified,Unknown,2.0,nan,U,0.0,0,0,0,0.0,0,0.0,0.0,0.0,0.0,0.0,0.0,136890.0,100363.0,0.0
3273,New jersey,Sussex,409.0,2004,Unspecified,Unknown,2.0,nan,U,0.0,0,0,0,0.0,0,0.0,0.0,0.0,0.0,0.0,0.0,143556.0,127906.5,0.0
3274,New jersey,Sussex,410.0,2005,Unspecified,Unknown,2.0,nan,U,0.0,0,0,0,0.0,0,0.0,0.0,0.0,0.0,0.0,0.0,143599.0,135168.96,0.0
3275,New jersey,Sussex,411.0,2006,Unspecified,Unknown,2.0,nan,U,0.0,0,0,0,0.0,0,0.0,0.0,0.0,0.0,0.0,0.0,142921.44,131847.36,0.0
3276,New jersey,Sussex,412.0,2007,Unspecified,Unknown,2.0,nan,U,0.0,0,0,0,0.0,0,0.0,0.0,0.0,0.0,0.0,0.0,127152.67,126043.31,0.0
3277,New jersey,Sussex,413.0,2008,Unspecified,Unknown,2.0,nan,U,0.0,0,0,0,0.0,0,0.0,0.0,0.0,0.0,0.0,0.0,120851.6,149787.71,0.0
3278,New jersey,Sussex,414.0,2009,Unspecified,Unknown,2.0,nan,U,0.0,0,0,0,0.0,0,0.0,0.0,0.0,0.0,0.0,0.0,107603.97,141245.26,0.0
3279,New jersey,Sussex,415.0,2010,Unspecified,Unknown,2.0,nan,U,0.0,0,0,0,0.0,0,0.0,0.0,0.0,0.0,0.0,0.0,116368.52,243478.07,0.0
3280,New jersey,Sussex,416.0,2011,Unspecified,Unknown,2.0,nan,U,0.0,0,0,0,0.0,0,0.0,0.0,0.0,0.0,0.0,0.0,112678.0,137362.05,0.0
3281,New jersey,Sussex,417.0,2012,Unspecified,Unknown,2.0,nan,U,0.0,0,0,0,0.0,0,0.0,0.0,0.0,0.0,0.0,0.0,113213.0,112486.59,0.0
3282,New jersey,Sussex,418.0,2013,Unspecified,Unknown,2.0,nan,U,0.0,0,0,0,0.0,0,0.0,0.0,0.0,0.0,0.0,0.0,104606.0,170170.22,0.0
3283,New jersey,Sussex,419.0,2014,Unspecified,Unknown,2.0,nan,U,0.0,0,0,0,0.0,0,0.0,0.0,0.0,0.0,0.0,0.0,100750.67,159276.04,0.0
3284,New jersey,Sussex,420.0,2015,Unspecified,Unknown,2.0,nan,U,0.0,0,0,0,0.0,0,0.0,0.0,0.0,0.0,0.0,0.0,71457.58,173743.16,0.0
3285,New jersey,Sussex,421.0,2016,Unspecified,Unknown,2.0,nan,U,0.0,0,0,0,0.0,0,0.0,0.0,0.0,0.0,0.0,0.0,71731.51,158746.38,0.0
3286,New jersey,Sussex,422.0,2017,Unspecified,Unknown,2.0,nan,U,0.0,0,0,0,0.0,0,0.0,0.0,0.0,0.0,0.0,0.0,71937.57,160826.4,0.0
3287,New jersey,Sussex,424.0,2018,Unspecified,Unknown,2.0,nan,U,0.0,0,0,0,0.0,0,0.0,0.0,0.0,0.0,0.0,0.0,69077.0,168980.56,0.0
3288,New jersey,Sussex,426.0,2019,Unspecified,Unknown,2.0,nan,U,0.0,0,0,0,0.0,0,0.0,0.0,0.0,0.0,0.0,0.0,75654.19,150748.65,0.0
3289,New jersey,Sussex,793.0,2020,Unspecified,Unknown,2.0,nan,U,0.0,0,0,0,0.0,0,0.0,0.0,0.0,0.0,0.0,0.0,74367.36,135261.96,0.0
3290,New jersey,Sussex,794.0,2021,Unspecified,Unknown,2.0,nan,U,0.0,0,0,0,0.0,0,0.0,0.0,0.0,0.0,0.0,0.0,75472.57,153172.13,0.0
3291,New jersey,Union,406.0,2000,Unspecified,Unknown,2.0,nan,U,0.0,0,0,0,0.0,0,0.0,0.0,0.0,0.0,0.0,0.0,537723.0,568983.0,0.0
3292,New jersey,Union,406.0,2001,Unspecified,Unknown,2.0,nan,U,0.0,0,0,0,0.0,0,0.0,0.0,0.0,0.0,0.0,0.0,555632.0,549245.76,0.0
3293,New jersey,Union,407.0,2002,Unspecified,Unknown,2.0,nan,,0.0,0,0,0,0.0,0,0.0,0.0,0.0,0.0,0.0,0.0,563121.0,520338.5,0.0
3294,New jersey,Union,408.0,2003,Unspecified,Unknown,2.0,nan,U,0.0,0,0,0,0.0,0,0.0,0.0,0.0,0.0,0.0,0.0,601783.0,566953.0,0.0
3295,New jersey,Union,409.0,2004,Unspecified,Unknown,2.0,nan,U,0.0,0,0,0,0.0,0,0.0,0.0,0.0,0.0,0.0,0.0,585047.0,771570.66,0.0
3296,New jersey,Union,410.0,2005,Unspecified,Unknown,2.0,nan,U,0.0,0,0,0,0.0,0,0.0,0.0,0.0,0.0,0.0,0.0,617597.0,806137.43,0.0
3297,New jersey,Union,411.0,2006,Unspecified,Unknown,2.0,nan,U,0.0,0,0,0,0.0,0,0.0,0.0,0.0,0.0,0.0,0.0,611472.0,877609.99,0.0
3298,New jersey,Union,412.0,2007,Unspecified,Unknown,2.0,nan,U,0.0,0,0,0,0.0,0,0.0,0.0,0.0,0.0,0.0,0.0,596049.77,739229.25,0.0
3299,New jersey,Union,413.0,2008,Unspecified,Unknown,2.0,nan,U,0.0,0,0,0,0.0,0,0.0,0.0,0.0,0.0,0.0,0.0,586280.43,895277.5,0.0
3300,New jersey,Union,414.0,2009,Unspecified,Unknown,2.0,nan,U,0.0,0,0,0,0.0,0,0.0,0.0,0.0,0.0,0.0,0.0,497094.53,585221.13,0.0
3301,New jersey,Union,415.0,2010,Unspecified,Unknown,2.0,nan,U,0.0,0,0,0,0.0,0,0.0,0.0,0.0,0.0,0.0,0.0,430974.98,851714.69,0.0
3302,New jersey,Union,416.0,2011,Unspecified,Unknown,2.0,nan,U,0.0,0,0,0,0.0,0,0.0,0.0,0.0,0.0,0.0,0.0,469667.0,896474.24,0.0
3303,New jersey,Union,417.0,2012,Unspecified,Unknown,2.0,nan,U,0.0,0,0,0,0.0,0,0.0,0.0,0.0,0.0,0.0,0.0,472971.0,717780.77,0.0
3304,New jersey,Union,418.0,2013,Unspecified,Unknown,2.0,nan,U,0.0,0,0,0,0.0,0,0.0,0.0,0.0,0.0,0.0,0.0,535837.0,824757.92,0.0
3305,New jersey,Union,419.0,2014,Unspecified,Unknown,2.0,nan,U,0.0,0,0,0,0.0,0,0.0,0.0,0.0,0.0,0.0,0.0,482776.07,856551.79,0.0
3306,New jersey,Union,420.0,2015,Unspecified,Unknown,2.0,nan,U,0.0,0,0,0,0.0,0,0.0,0.0,0.0,0.0,0.0,0.0,351738.26,914876.61,0.0
3307,New jersey,Union,421.0,2016,Unspecified,Unknown,2.0,nan,U,0.0,0,0,0,0.0,0,0.0,0.0,0.0,0.0,0.0,0.0,338107.54,1075042.84,0.0
3308,New jersey,Union,422.0,2017,Unspecified,Unknown,2.0,nan,U,0.0,0,0,0,0.0,0,0.0,0.0,0.0,0.0,0.0,0.0,365850.57,1171951.96,0.0
3309,New jersey,Union,424.0,2018,Unspecified,Unknown,2.0,nan,U,0.0,0,0,0,0.0,0,0.0,0.0,0.0,0.0,0.0,0.0,365190.2,961694.2,0.0
3310,New jersey,Union,426.0,2019,Unspecified,Unknown,2.0,nan,U,0.0,0,0,0,0.0,0,0.0,0.0,0.0,0.0,0.0,0.0,350524.39,785072.63,0.0
3311,New jersey,Union,793.0,2020,Unspecified,Unknown,2.0,nan,U,0.0,0,0,0,0.0,0,0.0,0.0,0.0,0.0,0.0,0.0,332847.97,765746.3,0.0
3312,New jersey,Union,794.0,2021,Unspecified,Unknown,2.0,nan,U,0.0,0,0,0,0.0,0,0.0,0.0,0.0,0.0,0.0,0.0,357798.47,780134.11,0.0
3313,New jersey,Warren,406.0,2000,Unspecified,Unknown,2.0,nan,U,0.0,0,0,0,0.0,0,0.0,0.0,0.0,0.0,0.0,0.0,98506.0,47047.0,0.0
3314,New jersey,Warren,406.0,2001,Unspecified,Unknown,2.0,nan,U,0.0,0,0,0,0.0,0,0.0,0.0,0.0,0.0,0.0,0.0,94276.0,47479.75,0.0
3315,New jersey,Warren,407.0,2002,Unspecified,Unknown,2.0,nan,,0.0,0,0,0,0.0,0,0.0,0.0,0.0,0.0,0.0,0.0,103106.0,75694.1,0.0
3316,New jersey,Warren,408.0,2003,Unspecified,Unknown,2.0,nan,U,0.0,0,0,0,0.0,0,0.0,0.0,0.0,0.0,0.0,0.0,107954.0,95513.0,0.0
3317,New jersey,Warren,409.0,2004,Unspecified,Unknown,2.0,nan,U,0.0,0,0,0,0.0,0,0.0,0.0,0.0,0.0,0.0,0.0,108264.0,85671.02,0.0
3318,New jersey,Warren,410.0,2005,Unspecified,Unknown,2.0,nan,U,0.0,0,0,0,0.0,0,0.0,0.0,0.0,0.0,0.0,0.0,107726.0,64778.7,0.0
3319,New jersey,Warren,411.0,2006,Unspecified,Unknown,2.0,nan,U,0.0,0,0,0,0.0,0,0.0,0.0,0.0,0.0,0.0,0.0,112624.27,111048.87,0.0
3320,New jersey,Warren,412.0,2007,Unspecified,Unknown,2.0,nan,U,0.0,0,0,0,0.0,0,0.0,0.0,0.0,0.0,0.0,0.0,98738.11,109113.59,0.0
3321,New jersey,Warren,413.0,2008,Unspecified,Unknown,2.0,nan,U,0.0,0,0,0,0.0,0,0.0,0.0,0.0,0.0,0.0,0.0,97725.29,164009.51,0.0
3322,New jersey,Warren,414.0,2009,Unspecified,Unknown,2.0,nan,U,0.0,0,0,0,0.0,0,0.0,0.0,0.0,0.0,0.0,0.0,91777.82,118368.87,0.0
3323,New jersey,Warren,415.0,2010,Unspecified,Unknown,2.0,nan,U,0.0,0,0,0,0.0,0,0.0,0.0,0.0,0.0,0.0,0.0,103822.1,161021.74,0.0
3324,New jersey,Warren,416.0,2011,Unspecified,Unknown,2.0,nan,U,0.0,0,0,0,0.0,0,0.0,0.0,0.0,0.0,0.0,0.0,101381.0,158711.13,0.0
3325,New jersey,Warren,417.0,2012,Unspecified,Unknown,2.0,nan,U,0.0,0,0,0,0.0,0,0.0,0.0,0.0,0.0,0.0,0.0,90086.0,103382.9,0.0
3326,New jersey,Warren,418.0,2013,Unspecified,Unknown,2.0,nan,U,0.0,0,0,0,0.0,0,0.0,0.0,0.0,0.0,0.0,0.0,71937.0,124880.03,0.0
3327,New jersey,Warren,419.0,2014,Unspecified,Unknown,2.0,nan,U,0.0,0,0,0,0.0,0,0.0,0.0,0.0,0.0,0.0,0.0,72440.8,128665.17,0.0
3328,New jersey,Warren,420.0,2015,Unspecified,Unknown,2.0,nan,U,0.0,0,0,0,0.0,0,0.0,0.0,0.0,0.0,0.0,0.0,54726.39,101080.32,0.0
3329,New jersey,Warren,421.0,2016,Unspecified,Unknown,2.0,nan,U,0.0,0,0,0,0.0,0,0.0,0.0,0.0,0.0,0.0,0.0,51533.84,96510.15,0.0
3330,New jersey,Warren,422.0,2017,Unspecified,Unknown,2.0,nan,U,0.0,0,0,0,0.0,0,0.0,0.0,0.0,0.0,0.0,0.0,57819.42,129357.99,0.0
3331,New jersey,Warren,424.0,2018,Unspecified,Unknown,2.0,nan,U,0.0,0,0,0,0.0,0,0.0,0.0,0.0,0.0,0.0,0.0,44839.56,95936.6,0.0
3332,New jersey,Warren,426.0,2019,Unspecified,Unknown,2.0,nan,U,0.0,0,0,0,0.0,0,0.0,0.0,0.0,0.0,0.0,0.0,19331.41,70103.26,0.0
3333,New jersey,Warren,793.0,2020,Unspecified,Unknown,2.0,nan,U,0.0,0,0,0,0.0,0,0.0,0.0,0.0,0.0,0.0,0.0,13280.35,79269.38,0.0
3334,New jersey,Warren,794.0,2021,Unspecified,Unknown,2.0,nan,U,0.0,0,0,0,0.0,0,0.0,0.0,0.0,0.0,0.0,0.0,14581.52,107272.53,0.0
3335,New jersey,,392.0,2010,Unspecified,Unspecified,"2.0, 2.0, 2.0, 2.0, 2.0, 3.0",nan,N,0.0,0,0,0,0.0,0,1268338.0,2481561.0,1270246.0,1832863.0,0.0,0.0,0.0,3462399.0,2122884.0
3336,New jersey,,392.0,2013,Unspecified,Unspecified,"2.0, 2.0, 4.0, 2.0, 2.0, 2.0",nan,N,0.0,0,0,0,0.0,0,1282261.0,2051630.0,1003953.0,1922564.0,0.0,0.0,0.0,3500408.0,2198039.0
3337,New mexico,Bernalillo,215.0,2010,Unspecified,Unspecified,2.0,nan,U,0.0,0,0,0,0.0,0,0.0,0.0,0.0,0.0,0.0,0.0,654717.65,157418.75,0.0
3338,New mexico,Bernalillo,215.0,2011,Unspecified,Unspecified,2.0,nan,U,0.0,0,0,0,0.0,0,0.0,0.0,0.0,0.0,0.0,0.0,671944.0,229834.0,0.0
3339,New mexico,Bernalillo,215.0,2012,Unspecified,Unspecified,2.0,nan,U,0.0,0,0,0,0.0,0,0.0,0.0,0.0,0.0,0.0,0.0,568345.7,108445.5,0.0
3340,New mexico,Bernalillo,215.0,2013,Unspecified,Unspecified,2.0,nan,U,0.0,0,0,0,0.0,0,0.0,0.0,0.0,0.0,0.0,0.0,599485.17,141036.07,0.0
3341,New mexico,Bernalillo,215.0,2014,Unspecified,Unspecified,2.0,nan,U,0.0,0,0,0,0.0,0,0.0,0.0,0.0,0.0,0.0,0.0,666642.0,147746.0,0.0
3342,New mexico,Bernalillo,215.0,2015,Unspecified,Unspecified,2.0,nan,U,0.0,0,0,0,0.0,0,0.0,0.0,0.0,0.0,0.0,0.0,663889.0,149403.0,0.0
3343,New mexico,Catron,215.0,2010,Unspecified,Unspecified,2.0,nan,U,0.0,0,0,0,0.0,0,0.0,0.0,0.0,0.0,0.0,0.0,1359.65,0.0,0.0
3344,New mexico,Catron,215.0,2011,Unspecified,Unspecified,2.0,nan,U,0.0,0,0,0,0.0,0,0.0,0.0,0.0,0.0,0.0,0.0,1319.0,0.0,0.0
3345,New mexico,Catron,215.0,2012,Unspecified,Unspecified,2.0,nan,U,0.0,0,0,0,0.0,0,0.0,0.0,0.0,0.0,0.0,0.0,1340.78,0.0,0.0
3346,New mexico,Catron,215.0,2014,Unspecified,Unspecified,2.0,nan,U,0.0,0,0,0,0.0,0,0.0,0.0,0.0,0.0,0.0,0.0,1018.0,51.0,0.0
3347,New mexico,Catron,215.0,2015,Unspecified,Unspecified,2.0,nan,U,0.0,0,0,0,0.0,0,0.0,0.0,0.0,0.0,0.0,0.0,1010.0,8.0,0.0
3348,New mexico,Chaves,215.0,2010,Unspecified,Unspecified,2.0,nan,U,0.0,0,0,0,0.0,0,0.0,0.0,0.0,0.0,0.0,0.0,60005.81,8365.11,0.0
3349,New mexico,Chaves,215.0,2011,Unspecified,Unspecified,2.0,nan,U,0.0,0,0,0,0.0,0,0.0,0.0,0.0,0.0,0.0,0.0,55666.0,9576.0,0.0
3350,New mexico,Chaves,215.0,2012,Unspecified,Unspecified,2.0,nan,U,0.0,0,0,0,0.0,0,0.0,0.0,0.0,0.0,0.0,0.0,56380.44,8539.97,0.0
3351,New mexico,Chaves,215.0,2013,Unspecified,Unspecified,2.0,nan,U,0.0,0,0,0,0.0,0,0.0,0.0,0.0,0.0,0.0,0.0,56527.94,6517.03,0.0
3352,New mexico,Chaves,215.0,2014,Unspecified,Unspecified,2.0,nan,U,0.0,0,0,0,0.0,0,0.0,0.0,0.0,0.0,0.0,0.0,67064.0,2919.0,0.0
3353,New mexico,Chaves,215.0,2015,Unspecified,Unspecified,2.0,nan,U,0.0,0,0,0,0.0,0,0.0,0.0,0.0,0.0,0.0,0.0,62009.0,4366.0,0.0
3354,New mexico,Cibola,215.0,2010,Unspecified,Unspecified,2.0,nan,U,0.0,0,0,0,0.0,0,0.0,0.0,0.0,0.0,0.0,0.0,16361.74,102.66,0.0
3355,New mexico,Cibola,215.0,2011,Unspecified,Unspecified,2.0,nan,U,0.0,0,0,0,0.0,0,0.0,0.0,0.0,0.0,0.0,0.0,15837.0,56.0,0.0
3356,New mexico,Cibola,215.0,2012,Unspecified,Unspecified,2.0,nan,U,0.0,0,0,0,0.0,0,0.0,0.0,0.0,0.0,0.0,0.0,15703.86,12.99,0.0
3357,New mexico,Cibola,215.0,2013,Unspecified,Unspecified,2.0,nan,U,0.0,0,0,0,0.0,0,0.0,0.0,0.0,0.0,0.0,0.0,15809.21,107.11,0.0
3358,New mexico,Cibola,215.0,2014,Unspecified,Unspecified,2.0,nan,U,0.0,0,0,0,0.0,0,0.0,0.0,0.0,0.0,0.0,0.0,15789.0,208.0,0.0
3359,New mexico,Cibola,215.0,2015,Unspecified,Unspecified,2.0,nan,U,0.0,0,0,0,0.0,0,0.0,0.0,0.0,0.0,0.0,0.0,16411.0,353.0,0.0
3360,New mexico,Colfax,215.0,2010,Unspecified,Unspecified,2.0,nan,U,0.0,0,0,0,0.0,0,0.0,0.0,0.0,0.0,0.0,0.0,13980.71,1881.0,0.0
3361,New mexico,Colfax,215.0,2011,Unspecified,Unspecified,2.0,nan,U,0.0,0,0,0,0.0,0,0.0,0.0,0.0,0.0,0.0,0.0,12570.0,2267.0,0.0
3362,New mexico,Colfax,215.0,2012,Unspecified,Unspecified,2.0,nan,U,0.0,0,0,0,0.0,0,0.0,0.0,0.0,0.0,0.0,0.0,15339.67,1998.81,0.0
3363,New mexico,Colfax,215.0,2013,Unspecified,Unspecified,2.0,nan,U,0.0,0,0,0,0.0,0,0.0,0.0,0.0,0.0,0.0,0.0,17373.91,2647.97,0.0
3364,New mexico,Colfax,215.0,2014,Unspecified,Unspecified,2.0,nan,U,0.0,0,0,0,0.0,0,0.0,0.0,0.0,0.0,0.0,0.0,7197.0,2563.0,0.0
3365,New mexico,Colfax,215.0,2015,Unspecified,Unspecified,2.0,nan,U,0.0,0,0,0,0.0,0,0.0,0.0,0.0,0.0,0.0,0.0,14083.0,2333.0,0.0
3366,New mexico,Curry,215.0,2010,Unspecified,Unspecified,2.0,nan,U,0.0,0,0,0,0.0,0,0.0,0.0,0.0,0.0,0.0,0.0,72904.37,21956.19,0.0
3367,New mexico,Curry,215.0,2011,Unspecified,Unspecified,2.0,nan,U,0.0,0,0,0,0.0,0,0.0,0.0,0.0,0.0,0.0,0.0,92366.0,22666.0,0.0
3368,New mexico,Curry,215.0,2012,Unspecified,Unspecified,2.0,nan,U,0.0,0,0,0,0.0,0,0.0,0.0,0.0,0.0,0.0,0.0,96044.95,26049.24,0.0
3369,New mexico,Curry,215.0,2013,Unspecified,Unspecified,2.0,nan,U,0.0,0,0,0,0.0,0,0.0,0.0,0.0,0.0,0.0,0.0,87142.6,15270.1,0.0
3370,New mexico,Curry,215.0,2014,Unspecified,Unspecified,2.0,nan,U,0.0,0,0,0,0.0,0,0.0,0.0,0.0,0.0,0.0,0.0,75570.0,11031.0,0.0
3371,New mexico,Curry,215.0,2015,Unspecified,Unspecified,2.0,nan,U,0.0,0,0,0,0.0,0,0.0,0.0,0.0,0.0,0.0,0.0,80678.0,10502.0,0.0
3372,New mexico,De baca,215.0,2010,Unspecified,Unspecified,2.0,nan,U,0.0,0,0,0,0.0,0,0.0,0.0,0.0,0.0,0.0,0.0,1278.63,737.23,0.0
3373,New mexico,De baca,215.0,2011,Unspecified,Unspecified,2.0,nan,U,0.0,0,0,0,0.0,0,0.0,0.0,0.0,0.0,0.0,0.0,381.0,18.0,0.0
3374,New mexico,De baca,215.0,2012,Unspecified,Unspecified,2.0,nan,U,0.0,0,0,0,0.0,0,0.0,0.0,0.0,0.0,0.0,0.0,643.65,224.15,0.0
3375,New mexico,De baca,215.0,2013,Unspecified,Unspecified,2.0,nan,U,0.0,0,0,0,0.0,0,0.0,0.0,0.0,0.0,0.0,0.0,747.49,338.03,0.0
3376,New mexico,De baca,215.0,2014,Unspecified,Unspecified,2.0,nan,U,0.0,0,0,0,0.0,0,0.0,0.0,0.0,0.0,0.0,0.0,1080.0,179.0,0.0
3377,New mexico,De baca,215.0,2015,Unspecified,Unspecified,2.0,nan,U,0.0,0,0,0,0.0,0,0.0,0.0,0.0,0.0,0.0,0.0,1161.0,296.0,0.0
3378,New mexico,Dona ana,215.0,2010,Unspecified,Unspecified,2.0,nan,U,0.0,0,0,0,0.0,0,0.0,0.0,0.0,0.0,0.0,0.0,271032.4,14718.27,0.0
3379,New mexico,Dona ana,215.0,2011,Unspecified,Unspecified,2.0,nan,U,0.0,0,0,0,0.0,0,0.0,0.0,0.0,0.0,0.0,0.0,152590.0,13250.0,0.0
3380,New mexico,Dona ana,215.0,2012,Unspecified,Unspecified,2.0,nan,U,0.0,0,0,0,0.0,0,0.0,0.0,0.0,0.0,0.0,0.0,145280.96,20904.97,0.0
3381,New mexico,Dona ana,215.0,2013,Unspecified,Unspecified,2.0,nan,U,0.0,0,0,0,0.0,0,0.0,0.0,0.0,0.0,0.0,0.0,160604.91,23957.55,0.0
3382,New mexico,Dona ana,215.0,2014,Unspecified,Unspecified,2.0,nan,U,0.0,0,0,0,0.0,0,0.0,0.0,0.0,0.0,0.0,0.0,145524.0,25823.0,0.0
3383,New mexico,Dona ana,215.0,2015,Unspecified,Unspecified,2.0,nan,U,0.0,0,0,0,0.0,0,0.0,0.0,0.0,0.0,0.0,0.0,144866.0,32049.0,0.0
3384,New mexico,Eddy,215.0,2010,Unspecified,Unspecified,2.0,nan,U,0.0,0,0,0,0.0,0,0.0,0.0,0.0,0.0,0.0,0.0,77079.68,15690.38,0.0
3385,New mexico,Eddy,215.0,2011,Unspecified,Unspecified,2.0,nan,U,0.0,0,0,0,0.0,0,0.0,0.0,0.0,0.0,0.0,0.0,78045.0,10008.0,0.0
3386,New mexico,Eddy,215.0,2012,Unspecified,Unspecified,2.0,nan,U,0.0,0,0,0,0.0,0,0.0,0.0,0.0,0.0,0.0,0.0,87611.79,13937.75,0.0
3387,New mexico,Eddy,215.0,2013,Unspecified,Unspecified,2.0,nan,U,0.0,0,0,0,0.0,0,0.0,0.0,0.0,0.0,0.0,0.0,80179.46,8455.27,0.0
3388,New mexico,Eddy,215.0,2014,Unspecified,Unspecified,2.0,nan,U,0.0,0,0,0,0.0,0,0.0,0.0,0.0,0.0,0.0,0.0,88823.0,3054.0,0.0
3389,New mexico,Eddy,215.0,2015,Unspecified,Unspecified,2.0,nan,U,0.0,0,0,0,0.0,0,0.0,0.0,0.0,0.0,0.0,0.0,96247.0,6152.0,0.0
3390,New mexico,Grant,215.0,2010,Unspecified,Unspecified,2.0,nan,U,0.0,0,0,0,0.0,0,0.0,0.0,0.0,0.0,0.0,0.0,31119.81,2561.33,0.0
3391,New mexico,Grant,215.0,2011,Unspecified,Unspecified,2.0,nan,U,0.0,0,0,0,0.0,0,0.0,0.0,0.0,0.0,0.0,0.0,26215.0,1944.0,0.0
3392,New mexico,Grant,215.0,2012,Unspecified,Unspecified,2.0,nan,U,0.0,0,0,0,0.0,0,0.0,0.0,0.0,0.0,0.0,0.0,24121.85,1640.24,0.0
3393,New mexico,Grant,215.0,2013,Unspecified,Unspecified,2.0,nan,U,0.0,0,0,0,0.0,0,0.0,0.0,0.0,0.0,0.0,0.0,25734.52,1825.12,0.0
3394,New mexico,Grant,215.0,2014,Unspecified,Unspecified,2.0,nan,U,0.0,0,0,0,0.0,0,0.0,0.0,0.0,0.0,0.0,0.0,25377.0,2112.0,0.0
3395,New mexico,Grant,215.0,2015,Unspecified,Unspecified,2.0,nan,U,0.0,0,0,0,0.0,0,0.0,0.0,0.0,0.0,0.0,0.0,25027.0,1571.0,0.0
3396,New mexico,Guadalupe,215.0,2010,Unspecified,Unspecified,2.0,nan,U,0.0,0,0,0,0.0,0,0.0,0.0,0.0,0.0,0.0,0.0,3537.39,356.66,0.0
3397,New mexico,Guadalupe,215.0,2011,Unspecified,Unspecified,2.0,nan,U,0.0,0,0,0,0.0,0,0.0,0.0,0.0,0.0,0.0,0.0,3502.0,132.0,0.0
3398,New mexico,Guadalupe,215.0,2012,Unspecified,Unspecified,2.0,nan,U,0.0,0,0,0,0.0,0,0.0,0.0,0.0,0.0,0.0,0.0,3462.7,126.41,0.0
3399,New mexico,Guadalupe,215.0,2013,Unspecified,Unspecified,2.0,nan,U,0.0,0,0,0,0.0,0,0.0,0.0,0.0,0.0,0.0,0.0,3463.78,105.1,0.0
3400,New mexico,Guadalupe,215.0,2014,Unspecified,Unspecified,2.0,nan,U,0.0,0,0,0,0.0,0,0.0,0.0,0.0,0.0,0.0,0.0,3645.0,76.0,0.0
3401,New mexico,Guadalupe,215.0,2015,Unspecified,Unspecified,2.0,nan,U,0.0,0,0,0,0.0,0,0.0,0.0,0.0,0.0,0.0,0.0,3828.0,205.0,0.0
3402,New mexico,Harding,215.0,2010,Unspecified,Unspecified,2.0,nan,U,0.0,0,0,0,0.0,0,0.0,0.0,0.0,0.0,0.0,0.0,278.29,228.0,0.0
3403,New mexico,Harding,215.0,2011,Unspecified,Unspecified,2.0,nan,U,0.0,0,0,0,0.0,0,0.0,0.0,0.0,0.0,0.0,0.0,298.0,30.0,0.0
3404,New mexico,Harding,215.0,2012,Unspecified,Unspecified,2.0,nan,U,0.0,0,0,0,0.0,0,0.0,0.0,0.0,0.0,0.0,0.0,415.64,89.0,0.0
3405,New mexico,Harding,215.0,2013,Unspecified,Unspecified,2.0,nan,U,0.0,0,0,0,0.0,0,0.0,0.0,0.0,0.0,0.0,0.0,351.68,92.0,0.0
3406,New mexico,Harding,215.0,2014,Unspecified,Unspecified,2.0,nan,U,0.0,0,0,0,0.0,0,0.0,0.0,0.0,0.0,0.0,0.0,260.0,27.0,0.0
3407,New mexico,Harding,215.0,2015,Unspecified,Unspecified,2.0,nan,U,0.0,0,0,0,0.0,0,0.0,0.0,0.0,0.0,0.0,0.0,193.0,18.0,0.0
3408,New mexico,Hidalgo,215.0,2010,Unspecified,Unspecified,2.0,nan,U,0.0,0,0,0,0.0,0,0.0,0.0,0.0,0.0,0.0,0.0,3140.48,82.56,0.0
3409,New mexico,Hidalgo,215.0,2011,Unspecified,Unspecified,2.0,nan,U,0.0,0,0,0,0.0,0,0.0,0.0,0.0,0.0,0.0,0.0,3724.0,46.0,0.0
3410,New mexico,Hidalgo,215.0,2012,Unspecified,Unspecified,2.0,nan,U,0.0,0,0,0,0.0,0,0.0,0.0,0.0,0.0,0.0,0.0,3654.57,52.48,0.0
3411,New mexico,Hidalgo,215.0,2013,Unspecified,Unspecified,2.0,nan,U,0.0,0,0,0,0.0,0,0.0,0.0,0.0,0.0,0.0,0.0,3514.83,240.88,0.0
3412,New mexico,Hidalgo,215.0,2014,Unspecified,Unspecified,2.0,nan,U,0.0,0,0,0,0.0,0,0.0,0.0,0.0,0.0,0.0,0.0,3426.0,76.0,0.0
3413,New mexico,Hidalgo,215.0,2015,Unspecified,Unspecified,2.0,nan,U,0.0,0,0,0,0.0,0,0.0,0.0,0.0,0.0,0.0,0.0,3396.0,59.0,0.0
3414,New mexico,Lea,215.0,2010,Unspecified,Unspecified,2.0,nan,U,0.0,0,0,0,0.0,0,0.0,0.0,0.0,0.0,0.0,0.0,103156.07,40199.09,0.0
3415,New mexico,Lea,215.0,2011,Unspecified,Unspecified,2.0,nan,U,0.0,0,0,0,0.0,0,0.0,0.0,0.0,0.0,0.0,0.0,107575.0,40954.0,0.0
3416,New mexico,Lea,215.0,2012,Unspecified,Unspecified,2.0,nan,U,0.0,0,0,0,0.0,0,0.0,0.0,0.0,0.0,0.0,0.0,86110.1,27779.58,0.0
3417,New mexico,Lea,215.0,2013,Unspecified,Unspecified,2.0,nan,U,0.0,0,0,0,0.0,0,0.0,0.0,0.0,0.0,0.0,0.0,107490.78,34562.72,0.0
3418,New mexico,Lea,215.0,2014,Unspecified,Unspecified,2.0,nan,U,0.0,0,0,0,0.0,0,0.0,0.0,0.0,0.0,0.0,0.0,113648.0,38776.0,0.0
3419,New mexico,Lea,215.0,2015,Unspecified,Unspecified,2.0,nan,U,0.0,0,0,0,0.0,0,0.0,0.0,0.0,0.0,0.0,0.0,108014.0,26385.0,0.0
3420,New mexico,Lincoln,215.0,2010,Unspecified,Unspecified,2.0,nan,U,0.0,0,0,0,0.0,0,0.0,0.0,0.0,0.0,0.0,0.0,27853.06,9639.85,0.0
3421,New mexico,Lincoln,215.0,2011,Unspecified,Unspecified,2.0,nan,U,0.0,0,0,0,0.0,0,0.0,0.0,0.0,0.0,0.0,0.0,42279.0,24372.0,0.0
3422,New mexico,Lincoln,215.0,2012,Unspecified,Unspecified,2.0,nan,U,0.0,0,0,0,0.0,0,0.0,0.0,0.0,0.0,0.0,0.0,43520.34,24906.65,0.0
3423,New mexico,Lincoln,215.0,2013,Unspecified,Unspecified,2.0,nan,U,0.0,0,0,0,0.0,0,0.0,0.0,0.0,0.0,0.0,0.0,30960.7,23165.15,0.0
3424,New mexico,Lincoln,215.0,2014,Unspecified,Unspecified,2.0,nan,U,0.0,0,0,0,0.0,0,0.0,0.0,0.0,0.0,0.0,0.0,36398.0,26109.0,0.0
3425,New mexico,Lincoln,215.0,2015,Unspecified,Unspecified,2.0,nan,U,0.0,0,0,0,0.0,0,0.0,0.0,0.0,0.0,0.0,0.0,28711.0,15820.0,0.0
3426,New mexico,Los alamos,215.0,2010,Unspecified,Unspecified,2.0,nan,U,0.0,0,0,0,0.0,0,0.0,0.0,0.0,0.0,0.0,0.0,19615.15,5769.15,0.0
3427,New mexico,Los alamos,215.0,2011,Unspecified,Unspecified,2.0,nan,U,0.0,0,0,0,0.0,0,0.0,0.0,0.0,0.0,0.0,0.0,20080.0,4523.0,0.0
3428,New mexico,Los alamos,215.0,2012,Unspecified,Unspecified,2.0,nan,U,0.0,0,0,0,0.0,0,0.0,0.0,0.0,0.0,0.0,0.0,18165.71,3457.05,0.0
3429,New mexico,Los alamos,215.0,2013,Unspecified,Unspecified,2.0,nan,U,0.0,0,0,0,0.0,0,0.0,0.0,0.0,0.0,0.0,0.0,18669.48,4030.24,0.0
3430,New mexico,Los alamos,215.0,2014,Unspecified,Unspecified,2.0,nan,U,0.0,0,0,0,0.0,0,0.0,0.0,0.0,0.0,0.0,0.0,19276.0,4412.0,0.0
3431,New mexico,Los alamos,215.0,2015,Unspecified,Unspecified,2.0,nan,U,0.0,0,0,0,0.0,0,0.0,0.0,0.0,0.0,0.0,0.0,17832.0,3622.0,0.0
3432,New mexico,Luna,215.0,2010,Unspecified,Unspecified,2.0,nan,U,0.0,0,0,0,0.0,0,0.0,0.0,0.0,0.0,0.0,0.0,18941.06,373.56,0.0
3433,New mexico,Luna,215.0,2011,Unspecified,Unspecified,2.0,nan,U,0.0,0,0,0,0.0,0,0.0,0.0,0.0,0.0,0.0,0.0,27677.0,160.0,0.0
3434,New mexico,Luna,215.0,2012,Unspecified,Unspecified,2.0,nan,U,0.0,0,0,0,0.0,0,0.0,0.0,0.0,0.0,0.0,0.0,26989.26,149.49,0.0
3435,New mexico,Luna,215.0,2013,Unspecified,Unspecified,2.0,nan,U,0.0,0,0,0,0.0,0,0.0,0.0,0.0,0.0,0.0,0.0,26289.51,250.31,0.0
3436,New mexico,Luna,215.0,2014,Unspecified,Unspecified,2.0,nan,U,0.0,0,0,0,0.0,0,0.0,0.0,0.0,0.0,0.0,0.0,21703.0,97.0,0.0
3437,New mexico,Luna,215.0,2015,Unspecified,Unspecified,2.0,nan,U,0.0,0,0,0,0.0,0,0.0,0.0,0.0,0.0,0.0,0.0,28648.0,99.0,0.0
3438,New mexico,Mckinley,215.0,2010,Unspecified,Unspecified,2.0,nan,U,0.0,0,0,0,0.0,0,0.0,0.0,0.0,0.0,0.0,0.0,44836.57,469.82,0.0
3439,New mexico,Mckinley,215.0,2011,Unspecified,Unspecified,2.0,nan,U,0.0,0,0,0,0.0,0,0.0,0.0,0.0,0.0,0.0,0.0,42410.0,733.0,0.0
3440,New mexico,Mckinley,215.0,2012,Unspecified,Unspecified,2.0,nan,U,0.0,0,0,0,0.0,0,0.0,0.0,0.0,0.0,0.0,0.0,40417.71,1907.41,0.0
3441,New mexico,Mckinley,215.0,2013,Unspecified,Unspecified,2.0,nan,U,0.0,0,0,0,0.0,0,0.0,0.0,0.0,0.0,0.0,0.0,40418.3,771.81,0.0
3442,New mexico,Mckinley,215.0,2014,Unspecified,Unspecified,2.0,nan,U,0.0,0,0,0,0.0,0,0.0,0.0,0.0,0.0,0.0,0.0,39140.0,643.0,0.0
3443,New mexico,Mckinley,215.0,2015,Unspecified,Unspecified,2.0,nan,U,0.0,0,0,0,0.0,0,0.0,0.0,0.0,0.0,0.0,0.0,40889.0,815.0,0.0
3444,New mexico,Mora,215.0,2010,Unspecified,Unspecified,2.0,nan,U,0.0,0,0,0,0.0,0,0.0,0.0,0.0,0.0,0.0,0.0,7691.5,12.84,0.0
3445,New mexico,Mora,215.0,2011,Unspecified,Unspecified,2.0,nan,U,0.0,0,0,0,0.0,0,0.0,0.0,0.0,0.0,0.0,0.0,4020.0,0.0,0.0
3446,New mexico,Mora,215.0,2012,Unspecified,Unspecified,2.0,nan,U,0.0,0,0,0,0.0,0,0.0,0.0,0.0,0.0,0.0,0.0,7555.0,6.04,0.0
3447,New mexico,Mora,215.0,2013,Unspecified,Unspecified,2.0,nan,U,0.0,0,0,0,0.0,0,0.0,0.0,0.0,0.0,0.0,0.0,2770.0,98.06,0.0
3448,New mexico,Mora,215.0,2014,Unspecified,Unspecified,2.0,nan,U,0.0,0,0,0,0.0,0,0.0,0.0,0.0,0.0,0.0,0.0,8431.0,8.0,0.0
3449,New mexico,Mora,215.0,2015,Unspecified,Unspecified,2.0,nan,U,0.0,0,0,0,0.0,0,0.0,0.0,0.0,0.0,0.0,0.0,1487.0,0.0,0.0
3450,New mexico,Otero,215.0,2010,Unspecified,Unspecified,2.0,nan,U,0.0,0,0,0,0.0,0,0.0,0.0,0.0,0.0,0.0,0.0,55523.41,1504.46,0.0
3451,New mexico,Otero,215.0,2011,Unspecified,Unspecified,2.0,nan,U,0.0,0,0,0,0.0,0,0.0,0.0,0.0,0.0,0.0,0.0,52436.0,5345.0,0.0
3452,New mexico,Otero,215.0,2012,Unspecified,Unspecified,2.0,nan,U,0.0,0,0,0,0.0,0,0.0,0.0,0.0,0.0,0.0,0.0,56660.73,12523.55,0.0
3453,New mexico,Otero,215.0,2013,Unspecified,Unspecified,2.0,nan,U,0.0,0,0,0,0.0,0,0.0,0.0,0.0,0.0,0.0,0.0,48189.08,3762.55,0.0
3454,New mexico,Otero,215.0,2014,Unspecified,Unspecified,2.0,nan,U,0.0,0,0,0,0.0,0,0.0,0.0,0.0,0.0,0.0,0.0,76170.0,4141.0,0.0
3455,New mexico,Otero,215.0,2015,Unspecified,Unspecified,2.0,nan,U,0.0,0,0,0,0.0,0,0.0,0.0,0.0,0.0,0.0,0.0,48005.0,3712.0,0.0
3456,New mexico,Quay,215.0,2010,Unspecified,Unspecified,2.0,nan,U,0.0,0,0,0,0.0,0,0.0,0.0,0.0,0.0,0.0,0.0,11552.13,128.0,0.0
3457,New mexico,Quay,215.0,2011,Unspecified,Unspecified,2.0,nan,U,0.0,0,0,0,0.0,0,0.0,0.0,0.0,0.0,0.0,0.0,9058.0,160.0,0.0
3458,New mexico,Quay,215.0,2012,Unspecified,Unspecified,2.0,nan,U,0.0,0,0,0,0.0,0,0.0,0.0,0.0,0.0,0.0,0.0,9047.75,68.5,0.0
3459,New mexico,Quay,215.0,2013,Unspecified,Unspecified,2.0,nan,U,0.0,0,0,0,0.0,0,0.0,0.0,0.0,0.0,0.0,0.0,7731.18,88.6,0.0
3460,New mexico,Quay,215.0,2014,Unspecified,Unspecified,2.0,nan,U,0.0,0,0,0,0.0,0,0.0,0.0,0.0,0.0,0.0,0.0,8209.0,141.0,0.0
3461,New mexico,Quay,215.0,2015,Unspecified,Unspecified,2.0,nan,U,0.0,0,0,0,0.0,0,0.0,0.0,0.0,0.0,0.0,0.0,8364.0,201.0,0.0
3462,New mexico,Rio arriba,215.0,2010,Unspecified,Unspecified,2.0,nan,U,0.0,0,0,0,0.0,0,0.0,0.0,0.0,0.0,0.0,0.0,36056.1,14984.18,0.0
3463,New mexico,Rio arriba,215.0,2011,Unspecified,Unspecified,2.0,nan,U,0.0,0,0,0,0.0,0,0.0,0.0,0.0,0.0,0.0,0.0,33775.0,12262.0,0.0
3464,New mexico,Rio arriba,215.0,2012,Unspecified,Unspecified,2.0,nan,U,0.0,0,0,0,0.0,0,0.0,0.0,0.0,0.0,0.0,0.0,20617.3,11231.9,0.0
3465,New mexico,Rio arriba,215.0,2013,Unspecified,Unspecified,2.0,nan,U,0.0,0,0,0,0.0,0,0.0,0.0,0.0,0.0,0.0,0.0,11408.67,5633.21,0.0
3466,New mexico,Rio arriba,215.0,2014,Unspecified,Unspecified,2.0,nan,U,0.0,0,0,0,0.0,0,0.0,0.0,0.0,0.0,0.0,0.0,12341.0,3896.0,0.0
3467,New mexico,Rio arriba,215.0,2015,Unspecified,Unspecified,2.0,nan,U,0.0,0,0,0,0.0,0,0.0,0.0,0.0,0.0,0.0,0.0,23223.0,533.0,0.0
3468,New mexico,Roosevelt,215.0,2010,Unspecified,Unspecified,2.0,nan,U,0.0,0,0,0,0.0,0,0.0,0.0,0.0,0.0,0.0,0.0,2323.48,205.24,0.0
3469,New mexico,Roosevelt,215.0,2011,Unspecified,Unspecified,2.0,nan,U,0.0,0,0,0,0.0,0,0.0,0.0,0.0,0.0,0.0,0.0,3166.0,734.0,0.0
3470,New mexico,Roosevelt,215.0,2012,Unspecified,Unspecified,2.0,nan,U,0.0,0,0,0,0.0,0,0.0,0.0,0.0,0.0,0.0,0.0,2709.13,342.03,0.0
3471,New mexico,Roosevelt,215.0,2014,Unspecified,Unspecified,2.0,nan,U,0.0,0,0,0,0.0,0,0.0,0.0,0.0,0.0,0.0,0.0,2716.0,194.0,0.0
3472,New mexico,Roosevelt,215.0,2015,Unspecified,Unspecified,2.0,nan,U,0.0,0,0,0,0.0,0,0.0,0.0,0.0,0.0,0.0,0.0,1757.0,230.0,0.0
3473,New mexico,San juan,215.0,2010,Unspecified,Unspecified,2.0,nan,U,0.0,0,0,0,0.0,0,0.0,0.0,0.0,0.0,0.0,0.0,106124.82,2320.92,0.0
3474,New mexico,San juan,215.0,2011,Unspecified,Unspecified,2.0,nan,U,0.0,0,0,0,0.0,0,0.0,0.0,0.0,0.0,0.0,0.0,99203.0,1285.0,0.0
3475,New mexico,San juan,215.0,2012,Unspecified,Unspecified,2.0,nan,U,0.0,0,0,0,0.0,0,0.0,0.0,0.0,0.0,0.0,0.0,97345.65,3442.21,0.0
3476,New mexico,San juan,215.0,2013,Unspecified,Unspecified,2.0,nan,U,0.0,0,0,0,0.0,0,0.0,0.0,0.0,0.0,0.0,0.0,97379.75,3794.76,0.0
3477,New mexico,San juan,215.0,2014,Unspecified,Unspecified,2.0,nan,U,0.0,0,0,0,0.0,0,0.0,0.0,0.0,0.0,0.0,0.0,94738.0,2269.0,0.0
3478,New mexico,San juan,215.0,2015,Unspecified,Unspecified,2.0,nan,U,0.0,0,0,0,0.0,0,0.0,0.0,0.0,0.0,0.0,0.0,94417.0,1783.0,0.0
3479,New mexico,San miguel,215.0,2010,Unspecified,Unspecified,2.0,nan,U,0.0,0,0,0,0.0,0,0.0,0.0,0.0,0.0,0.0,0.0,17273.73,129.6,0.0
3480,New mexico,San miguel,215.0,2011,Unspecified,Unspecified,2.0,nan,U,0.0,0,0,0,0.0,0,0.0,0.0,0.0,0.0,0.0,0.0,18894.0,259.0,0.0
3481,New mexico,San miguel,215.0,2012,Unspecified,Unspecified,2.0,nan,U,0.0,0,0,0,0.0,0,0.0,0.0,0.0,0.0,0.0,0.0,23886.78,632.5,0.0
3482,New mexico,San miguel,215.0,2013,Unspecified,Unspecified,2.0,nan,U,0.0,0,0,0,0.0,0,0.0,0.0,0.0,0.0,0.0,0.0,16586.7,330.78,0.0
3483,New mexico,San miguel,215.0,2014,Unspecified,Unspecified,2.0,nan,U,0.0,0,0,0,0.0,0,0.0,0.0,0.0,0.0,0.0,0.0,16185.0,571.0,0.0
3484,New mexico,San miguel,215.0,2015,Unspecified,Unspecified,2.0,nan,U,0.0,0,0,0,0.0,0,0.0,0.0,0.0,0.0,0.0,0.0,17171.0,415.0,0.0
3485,New mexico,Sandoval,215.0,2010,Unspecified,Unspecified,2.0,nan,U,0.0,0,0,0,0.0,0,0.0,0.0,0.0,0.0,0.0,0.0,138133.48,4697.43,0.0
3486,New mexico,Sandoval,215.0,2011,Unspecified,Unspecified,2.0,nan,U,0.0,0,0,0,0.0,0,0.0,0.0,0.0,0.0,0.0,0.0,144427.0,5225.0,0.0
3487,New mexico,Sandoval,215.0,2012,Unspecified,Unspecified,2.0,nan,U,0.0,0,0,0,0.0,0,0.0,0.0,0.0,0.0,0.0,0.0,160537.98,3950.7,0.0
3488,New mexico,Sandoval,215.0,2013,Unspecified,Unspecified,2.0,nan,U,0.0,0,0,0,0.0,0,0.0,0.0,0.0,0.0,0.0,0.0,154858.48,4328.29,0.0
3489,New mexico,Sandoval,215.0,2014,Unspecified,Unspecified,2.0,nan,U,0.0,0,0,0,0.0,0,0.0,0.0,0.0,0.0,0.0,0.0,147345.0,11644.0,0.0
3490,New mexico,Sandoval,215.0,2015,Unspecified,Unspecified,2.0,nan,U,0.0,0,0,0,0.0,0,0.0,0.0,0.0,0.0,0.0,0.0,132088.0,18229.0,0.0
3491,New mexico,Santa fe,215.0,2010,Unspecified,Unspecified,2.0,nan,U,0.0,0,0,0,0.0,0,0.0,0.0,0.0,0.0,0.0,0.0,135142.15,17766.65,0.0
3492,New mexico,Santa fe,215.0,2011,Unspecified,Unspecified,2.0,nan,U,0.0,0,0,0,0.0,0,0.0,0.0,0.0,0.0,0.0,0.0,150511.0,14947.0,0.0
3493,New mexico,Santa fe,215.0,2012,Unspecified,Unspecified,2.0,nan,U,0.0,0,0,0,0.0,0,0.0,0.0,0.0,0.0,0.0,0.0,133626.2,15696.95,0.0
3494,New mexico,Santa fe,215.0,2013,Unspecified,Unspecified,2.0,nan,U,0.0,0,0,0,0.0,0,0.0,0.0,0.0,0.0,0.0,0.0,132096.15,15456.33,0.0
3495,New mexico,Santa fe,215.0,2014,Unspecified,Unspecified,2.0,nan,U,0.0,0,0,0,0.0,0,0.0,0.0,0.0,0.0,0.0,0.0,137738.0,12602.0,0.0
3496,New mexico,Santa fe,215.0,2015,Unspecified,Unspecified,2.0,nan,U,0.0,0,0,0,0.0,0,0.0,0.0,0.0,0.0,0.0,0.0,119284.0,22054.0,0.0
3497,New mexico,Sierra,215.0,2010,Unspecified,Unspecified,2.0,nan,U,0.0,0,0,0,0.0,0,0.0,0.0,0.0,0.0,0.0,0.0,9132.32,267.28,0.0
3498,New mexico,Sierra,215.0,2011,Unspecified,Unspecified,2.0,nan,U,0.0,0,0,0,0.0,0,0.0,0.0,0.0,0.0,0.0,0.0,11180.0,342.0,0.0
3499,New mexico,Sierra,215.0,2012,Unspecified,Unspecified,2.0,nan,U,0.0,0,0,0,0.0,0,0.0,0.0,0.0,0.0,0.0,0.0,11019.76,382.01,0.0
3500,New mexico,Sierra,215.0,2013,Unspecified,Unspecified,2.0,nan,U,0.0,0,0,0,0.0,0,0.0,0.0,0.0,0.0,0.0,0.0,6510.79,382.58,0.0
3501,New mexico,Sierra,215.0,2014,Unspecified,Unspecified,2.0,nan,U,0.0,0,0,0,0.0,0,0.0,0.0,0.0,0.0,0.0,0.0,9593.0,363.0,0.0
3502,New mexico,Sierra,215.0,2015,Unspecified,Unspecified,2.0,nan,U,0.0,0,0,0,0.0,0,0.0,0.0,0.0,0.0,0.0,0.0,9902.0,362.0,0.0
3503,New mexico,Socorro,215.0,2010,Unspecified,Unspecified,2.0,nan,U,0.0,0,0,0,0.0,0,0.0,0.0,0.0,0.0,0.0,0.0,13552.73,206.21,0.0
3504,New mexico,Socorro,215.0,2011,Unspecified,Unspecified,2.0,nan,U,0.0,0,0,0,0.0,0,0.0,0.0,0.0,0.0,0.0,0.0,13116.0,183.0,0.0
3505,New mexico,Socorro,215.0,2012,Unspecified,Unspecified,2.0,nan,U,0.0,0,0,0,0.0,0,0.0,0.0,0.0,0.0,0.0,0.0,15090.32,195.94,0.0
3506,New mexico,Socorro,215.0,2013,Unspecified,Unspecified,2.0,nan,U,0.0,0,0,0,0.0,0,0.0,0.0,0.0,0.0,0.0,0.0,16252.15,0.0,0.0
3507,New mexico,Socorro,215.0,2014,Unspecified,Unspecified,2.0,nan,U,0.0,0,0,0,0.0,0,0.0,0.0,0.0,0.0,0.0,0.0,11887.0,84.0,0.0
3508,New mexico,Socorro,215.0,2015,Unspecified,Unspecified,2.0,nan,U,0.0,0,0,0,0.0,0,0.0,0.0,0.0,0.0,0.0,0.0,11218.0,2668.0,0.0
3509,New mexico,Taos,215.0,2010,Unspecified,Unspecified,2.0,nan,U,0.0,0,0,0,0.0,0,0.0,0.0,0.0,0.0,0.0,0.0,28349.22,3385.74,0.0
3510,New mexico,Taos,215.0,2011,Unspecified,Unspecified,2.0,nan,U,0.0,0,0,0,0.0,0,0.0,0.0,0.0,0.0,0.0,0.0,27163.0,3083.0,0.0
3511,New mexico,Taos,215.0,2012,Unspecified,Unspecified,2.0,nan,U,0.0,0,0,0,0.0,0,0.0,0.0,0.0,0.0,0.0,0.0,26727.61,1487.67,0.0
3512,New mexico,Taos,215.0,2013,Unspecified,Unspecified,2.0,nan,U,0.0,0,0,0,0.0,0,0.0,0.0,0.0,0.0,0.0,0.0,27133.56,1480.89,0.0
3513,New mexico,Taos,215.0,2014,Unspecified,Unspecified,2.0,nan,U,0.0,0,0,0,0.0,0,0.0,0.0,0.0,0.0,0.0,0.0,27249.0,1500.0,0.0
3514,New mexico,Taos,215.0,2015,Unspecified,Unspecified,2.0,nan,U,0.0,0,0,0,0.0,0,0.0,0.0,0.0,0.0,0.0,0.0,27773.0,1869.0,0.0
3515,New mexico,Torrance,215.0,2010,Unspecified,Unspecified,2.0,nan,U,0.0,0,0,0,0.0,0,0.0,0.0,0.0,0.0,0.0,0.0,16340.41,1264.58,0.0
3516,New mexico,Torrance,215.0,2011,Unspecified,Unspecified,2.0,nan,U,0.0,0,0,0,0.0,0,0.0,0.0,0.0,0.0,0.0,0.0,16606.0,867.0,0.0
3517,New mexico,Torrance,215.0,2012,Unspecified,Unspecified,2.0,nan,U,0.0,0,0,0,0.0,0,0.0,0.0,0.0,0.0,0.0,0.0,14808.38,530.48,0.0
3518,New mexico,Torrance,215.0,2013,Unspecified,Unspecified,2.0,nan,U,0.0,0,0,0,0.0,0,0.0,0.0,0.0,0.0,0.0,0.0,19347.67,1168.48,0.0
3519,New mexico,Torrance,215.0,2014,Unspecified,Unspecified,2.0,nan,U,0.0,0,0,0,0.0,0,0.0,0.0,0.0,0.0,0.0,0.0,18513.0,1194.0,0.0
3520,New mexico,Torrance,215.0,2015,Unspecified,Unspecified,2.0,nan,U,0.0,0,0,0,0.0,0,0.0,0.0,0.0,0.0,0.0,0.0,21174.0,1528.0,0.0
3521,New mexico,Union,215.0,2010,Unspecified,Unspecified,2.0,nan,U,0.0,0,0,0,0.0,0,0.0,0.0,0.0,0.0,0.0,0.0,738.58,25.0,0.0
3522,New mexico,Union,215.0,2011,Unspecified,Unspecified,2.0,nan,U,0.0,0,0,0,0.0,0,0.0,0.0,0.0,0.0,0.0,0.0,631.0,15.0,0.0
3523,New mexico,Union,215.0,2012,Unspecified,Unspecified,2.0,nan,U,0.0,0,0,0,0.0,0,0.0,0.0,0.0,0.0,0.0,0.0,537.72,28.82,0.0
3524,New mexico,Union,215.0,2013,Unspecified,Unspecified,2.0,nan,U,0.0,0,0,0,0.0,0,0.0,0.0,0.0,0.0,0.0,0.0,431.01,30.05,0.0
3525,New mexico,Union,215.0,2014,Unspecified,Unspecified,2.0,nan,U,0.0,0,0,0,0.0,0,0.0,0.0,0.0,0.0,0.0,0.0,346.0,12.0,0.0
3526,New mexico,Union,215.0,2015,Unspecified,Unspecified,2.0,nan,U,0.0,0,0,0,0.0,0,0.0,0.0,0.0,0.0,0.0,0.0,352.0,7.0,0.0
3527,New mexico,Valencia,215.0,2010,Unspecified,Unspecified,2.0,nan,U,0.0,0,0,0,0.0,0,0.0,0.0,0.0,0.0,0.0,0.0,35257.87,1612.1,0.0
3528,New mexico,Valencia,215.0,2011,Unspecified,Unspecified,2.0,nan,U,0.0,0,0,0,0.0,0,0.0,0.0,0.0,0.0,0.0,0.0,43220.0,2273.0,0.0
3529,New mexico,Valencia,215.0,2012,Unspecified,Unspecified,2.0,nan,U,0.0,0,0,0,0.0,0,0.0,0.0,0.0,0.0,0.0,0.0,58611.36,2528.56,0.0
3530,New mexico,Valencia,215.0,2013,Unspecified,Unspecified,2.0,nan,U,0.0,0,0,0,0.0,0,0.0,0.0,0.0,0.0,0.0,0.0,55785.68,4584.41,0.0
3531,New mexico,Valencia,215.0,2014,Unspecified,Unspecified,2.0,nan,U,0.0,0,0,0,0.0,0,0.0,0.0,0.0,0.0,0.0,0.0,56922.0,7791.0,0.0
3532,New mexico,Valencia,215.0,2015,Unspecified,Unspecified,2.0,nan,U,0.0,0,0,0,0.0,0,0.0,0.0,0.0,0.0,0.0,0.0,43052.0,834.0,0.0
3533,New mexico,,392.0,2010,Unspecified,Unspecified,"2.0, 2.0, 2.0, 2.0, 3.0",nan,N,0.0,0,0,0,0.0,0,79098.0,1655.0,401856.0,1914205.0,0.0,0.0,0.0,279143.0,0.0
3534,New mexico,,392.0,2013,Unspecified,Unspecified,2.0,nan,N,0.0,0,0,0,0.0,0,82749.0,401.0,323281.0,1813121.0,0.0,0.0,0.0,281888.0,0.0
3535,New york,,392.0,2010,Unspecified,Unspecified,"2.0, 2.0, 4.0, 2.0, 2.0, 2.0",nan,N,0.0,0,0,0,0.0,0,1009589.0,4298975.0,1043143.0,5517421.0,0.0,0.0,0.0,2307229.0,3681865.0
3536,New york,,392.0,2013,Unspecified,Unspecified,"2.0, 2.0, 4.0, 2.0, 2.0, 2.0",nan,N,0.0,0,0,0,0.0,0,1022751.0,4147302.0,960299.0,5447605.0,0.0,0.0,0.0,2879348.0,3647258.0
3537,North carolina,,392.0,2010,Unspecified,Unspecified,2.0,nan,N,0.0,0,0,0,0.0,0,174959.0,618017.0,177770.0,7631824.0,0.0,0.0,0.0,1200225.0,27946.0
3538,North carolina,,392.0,2013,Unspecified,Unspecified,2.0,nan,N,0.0,0,0,0,0.0,0,264289.0,528627.0,192424.0,7352965.0,0.0,0.0,0.0,2071059.0,0.0
3539,North dakota,,392.0,2010,Unspecified,Unspecified,"2.0, 4.0, 2.0, 3.0",nan,N,0.0,0,0,0,0.0,0,14888.0,0.0,109756.0,686763.0,0.0,0.0,0.0,93434.0,0.0
3540,North dakota,,392.0,2013,Unspecified,Unspecified,"2.0, 4.0, 2.0",nan,N,0.0,0,0,0,0.0,0,17730.0,0.0,0.0,792485.0,0.0,0.0,0.0,100230.0,0.0
3541,Ohio,,392.0,2010,Unspecified,Unspecified,"2.0, 2.0, 2.0, 2.0, 3.0",nan,N,0.0,0,0,0,0.0,0,525986.0,1305264.0,3471575.0,11058771.0,0.0,0.0,0.0,1116336.0,0.0
3542,Ohio,,392.0,2013,Unspecified,Unspecified,2.0,nan,N,0.0,0,0,0,0.0,0,985456.0,1264883.0,4005492.0,10915979.0,0.0,0.0,0.0,1118789.0,0.0
3543,Oklahoma,,279.0,2017,Unspecified,"Landfill, WTE",2.0,nan,U,0.0,0,0,0,0.0,0,0.0,0.0,0.0,5290613.47,0.0,0.0,0.0,0.0,324933.36
3544,Oklahoma,,279.0,2018,Unspecified,"Landfill, WTE",2.0,nan,U,0.0,0,0,0,0.0,0,0.0,0.0,0.0,5227170.27,0.0,0.0,0.0,0.0,307269.76
3545,Oklahoma,,279.0,2019,Unspecified,"Landfill, WTE",2.0,nan,U,0.0,0,0,0,0.0,0,0.0,0.0,0.0,5439908.05,0.0,0.0,0.0,0.0,325369.97
3546,Oklahoma,,279.0,2020,Unspecified,"Landfill, WTE",2.0,nan,U,0.0,0,0,0,0.0,0,0.0,0.0,0.0,5086509.28,0.0,0.0,0.0,0.0,327908.37
3547,Oklahoma,,279.0,2021,Unspecified,"Landfill, WTE",2.0,nan,U,0.0,0,0,0,0.0,0,0.0,0.0,0.0,5805183.63,0.0,0.0,0.0,0.0,295297.82
3548,Oklahoma,,392.0,2010,Unspecified,Unspecified,"2.0, 2.0, 2.0, 4.0, 3.0",nan,N,0.0,0,0,0,0.0,0,82995.0,0.0,0.0,3219014.0,0.0,0.0,0.0,678724.0,592171.0
3549,Oklahoma,,392.0,2013,Unspecified,Unspecified,"2.0, 4.0, 2.0",nan,N,0.0,0,0,0,0.0,0,94374.0,0.0,0.0,3500503.0,0.0,0.0,0.0,695209.0,0.0
3550,Oregon,,392.0,2010,Unspecified,Unspecified,"2.0, 2.0, 2.0, 2.0, 2.0, 2.0, 3.0",nan,N,0.0,0,0,0,0.0,0,451290.0,60278.0,1607829.0,3517273.0,0.0,0.0,0.0,2456372.0,387748.0
3551,Oregon,,392.0,2013,Unspecified,Unspecified,"2.0, 4.0, 2.0, 2.0, 2.0",nan,N,0.0,0,0,0,0.0,0,462210.0,45591.0,1692050.0,3500177.0,0.0,0.0,0.0,2515814.0,0.0
3552,Pennsylvania,Adams,803.0,2000,Unspecified,"Landfill, WTE",1.0,nan,U,0.0,0,0,0,0.0,0,0.0,0.0,0.0,0.0,0.0,0.0,48413.2,0.0,0.0
3553,Pennsylvania,Adams,803.0,2001,Unspecified,"Landfill, WTE",1.0,nan,U,0.0,0,0,0,0.0,0,0.0,0.0,0.0,0.0,0.0,0.0,48450.6,0.0,0.0
3554,Pennsylvania,Adams,803.0,2002,Unspecified,"Landfill, WTE",1.0,nan,U,0.0,0,0,0,0.0,0,0.0,0.0,0.0,0.0,0.0,0.0,54118.899999999994,0.0,0.0
3555,Pennsylvania,Adams,803.0,2003,Unspecified,"Landfill, WTE",1.0,nan,U,0.0,0,0,0,0.0,0,0.0,0.0,0.0,0.0,0.0,0.0,61589.9,0.0,0.0
3556,Pennsylvania,Adams,803.0,2004,Unspecified,"Landfill, WTE",1.0,nan,U,0.0,0,0,0,0.0,0,0.0,0.0,0.0,0.0,0.0,0.0,62926.9,0.0,0.0
3557,Pennsylvania,Adams,803.0,2005,Unspecified,"Landfill, WTE",1.0,nan,U,0.0,0,0,0,0.0,0,0.0,0.0,0.0,0.0,0.0,0.0,62271.1,0.0,0.0
3558,Pennsylvania,Adams,803.0,2006,Unspecified,"Landfill, WTE",1.0,nan,U,0.0,0,0,0,0.0,0,0.0,0.0,0.0,0.0,0.0,0.0,64428.7,0.0,0.0
3559,Pennsylvania,Adams,803.0,2007,Unspecified,"Landfill, WTE",1.0,nan,U,0.0,0,0,0,0.0,0,0.0,0.0,0.0,0.0,0.0,0.0,65398.3,0.0,0.0
3560,Pennsylvania,Adams,803.0,2008,Unspecified,"Landfill, WTE",1.0,nan,U,0.0,0,0,0,0.0,0,0.0,0.0,0.0,0.0,0.0,0.0,58488.4,0.0,0.0
3561,Pennsylvania,Adams,803.0,2009,Unspecified,"Landfill, WTE",1.0,nan,U,0.0,0,0,0,0.0,0,0.0,0.0,0.0,0.0,0.0,0.0,54895.7,0.0,0.0
3562,Pennsylvania,Adams,803.0,2010,Unspecified,"Landfill, WTE",1.0,nan,U,0.0,0,0,0,0.0,0,0.0,0.0,0.0,0.0,0.0,0.0,51882.5,0.0,0.0
3563,Pennsylvania,Adams,803.0,2011,Unspecified,"Landfill, WTE",1.0,nan,U,0.0,0,0,0,0.0,0,0.0,0.0,0.0,0.0,0.0,0.0,51833.100000000006,0.0,0.0
3564,Pennsylvania,Adams,803.0,2012,Unspecified,"Landfill, WTE",1.0,nan,U,0.0,0,0,0,0.0,0,0.0,0.0,0.0,0.0,0.0,0.0,51442.399999999994,0.0,0.0
3565,Pennsylvania,Adams,803.0,2013,Unspecified,"Landfill, WTE",1.0,nan,U,0.0,0,0,0,0.0,0,0.0,0.0,0.0,0.0,0.0,0.0,51467.700000000004,0.0,0.0
3566,Pennsylvania,Adams,803.0,2014,Unspecified,"Landfill, WTE",1.0,nan,U,0.0,0,0,0,0.0,0,0.0,0.0,0.0,0.0,0.0,0.0,52666.4,0.0,0.0
3567,Pennsylvania,Adams,803.0,2015,Unspecified,"Landfill, WTE",1.0,nan,U,0.0,0,0,0,0.0,0,0.0,0.0,0.0,0.0,0.0,0.0,50515.2,0.0,0.0
3568,Pennsylvania,Adams,803.0,2016,Unspecified,"Landfill, WTE",1.0,nan,U,0.0,0,0,0,0.0,0,0.0,0.0,0.0,0.0,0.0,0.0,52176.4,0.0,0.0
3569,Pennsylvania,Adams,803.0,2017,Unspecified,"Landfill, WTE",1.0,nan,U,0.0,0,0,0,0.0,0,0.0,0.0,0.0,0.0,0.0,0.0,53540.1,0.0,0.0
3570,Pennsylvania,Adams,803.0,2018,Unspecified,"Landfill, WTE",1.0,nan,U,0.0,0,0,0,0.0,0,0.0,0.0,0.0,0.0,0.0,0.0,51531.6,0.0,0.0
3571,Pennsylvania,Adams,803.0,2019,Unspecified,"Landfill, WTE",1.0,nan,U,0.0,0,0,0,0.0,0,0.0,0.0,0.0,0.0,0.0,0.0,54418.3,0.0,0.0
3572,Pennsylvania,Adams,803.0,2020,Unspecified,"Landfill, WTE",1.0,nan,U,0.0,0,0,0,0.0,0,0.0,0.0,0.0,0.0,0.0,0.0,56647.0,0.0,0.0
3573,Pennsylvania,Adams,803.0,2021,Unspecified,"Landfill, WTE",1.0,nan,U,0.0,0,0,0,0.0,0,0.0,0.0,0.0,0.0,0.0,0.0,60075.6,0.0,0.0
3574,Pennsylvania,Adams,803.0,2022,Unspecified,"Landfill, WTE",1.0,nan,U,0.0,0,0,0,0.0,0,0.0,0.0,0.0,0.0,0.0,0.0,59281.2,0.0,0.0
3575,Pennsylvania,Adams,803.0,2023,Unspecified,"Landfill, WTE",1.0,nan,U,0.0,0,0,0,0.0,0,0.0,0.0,0.0,0.0,0.0,0.0,57990.7,0.0,0.0
3576,Pennsylvania,Adams,803.0,2024,Unspecified,"Landfill, WTE",1.0,nan,U,0.0,0,0,0,0.0,0,0.0,0.0,0.0,0.0,0.0,0.0,61182.899999999994,0.0,0.0
3577,Pennsylvania,Allegheny,803.0,2000,Unspecified,"Landfill, WTE",1.0,nan,U,0.0,0,0,0,0.0,0,0.0,0.0,0.0,0.0,0.0,0.0,1087189.7,0.0,0.0
3578,Pennsylvania,Allegheny,803.0,2001,Unspecified,"Landfill, WTE",1.0,nan,U,0.0,0,0,0,0.0,0,0.0,0.0,0.0,0.0,0.0,0.0,1089305.1,0.0,0.0
3579,Pennsylvania,Allegheny,803.0,2002,Unspecified,"Landfill, WTE",1.0,nan,U,0.0,0,0,0,0.0,0,0.0,0.0,0.0,0.0,0.0,0.0,1067909.8,0.0,0.0
3580,Pennsylvania,Allegheny,803.0,2003,Unspecified,"Landfill, WTE",1.0,nan,U,0.0,0,0,0,0.0,0,0.0,0.0,0.0,0.0,0.0,0.0,1201302.2,0.0,0.0
3581,Pennsylvania,Allegheny,803.0,2004,Unspecified,"Landfill, WTE",1.0,nan,U,0.0,0,0,0,0.0,0,0.0,0.0,0.0,0.0,0.0,0.0,1079291.4000000001,0.0,0.0
3582,Pennsylvania,Allegheny,803.0,2005,Unspecified,"Landfill, WTE",1.0,nan,U,0.0,0,0,0,0.0,0,0.0,0.0,0.0,0.0,0.0,0.0,1019413.3999999999,0.0,0.0
3583,Pennsylvania,Allegheny,803.0,2006,Unspecified,"Landfill, WTE",1.0,nan,U,0.0,0,0,0,0.0,0,0.0,0.0,0.0,0.0,0.0,0.0,1006002.9000000001,0.0,0.0
3584,Pennsylvania,Allegheny,803.0,2007,Unspecified,"Landfill, WTE",1.0,nan,U,0.0,0,0,0,0.0,0,0.0,0.0,0.0,0.0,0.0,0.0,980688.7,0.0,0.0
3585,Pennsylvania,Allegheny,803.0,2008,Unspecified,"Landfill, WTE",1.0,nan,U,0.0,0,0,0,0.0,0,0.0,0.0,0.0,0.0,0.0,0.0,950216.4000000001,0.0,0.0
3586,Pennsylvania,Allegheny,803.0,2009,Unspecified,"Landfill, WTE",1.0,nan,U,0.0,0,0,0,0.0,0,0.0,0.0,0.0,0.0,0.0,0.0,913165.9999999999,0.0,0.0
3587,Pennsylvania,Allegheny,803.0,2010,Unspecified,"Landfill, WTE",1.0,nan,U,0.0,0,0,0,0.0,0,0.0,0.0,0.0,0.0,0.0,0.0,913014.2,0.0,0.0
3588,Pennsylvania,Allegheny,803.0,2011,Unspecified,"Landfill, WTE",1.0,nan,U,0.0,0,0,0,0.0,0,0.0,0.0,0.0,0.0,0.0,0.0,910102.2999999997,0.0,0.0
3589,Pennsylvania,Allegheny,803.0,2012,Unspecified,"Landfill, WTE",1.0,nan,U,0.0,0,0,0,0.0,0,0.0,0.0,0.0,0.0,0.0,0.0,892155.9,0.0,0.0
3590,Pennsylvania,Allegheny,803.0,2013,Unspecified,"Landfill, WTE",1.0,nan,U,0.0,0,0,0,0.0,0,0.0,0.0,0.0,0.0,0.0,0.0,888646.2,0.0,0.0
3591,Pennsylvania,Allegheny,803.0,2014,Unspecified,"Landfill, WTE",1.0,nan,U,0.0,0,0,0,0.0,0,0.0,0.0,0.0,0.0,0.0,0.0,894248.1999999998,0.0,0.0
3592,Pennsylvania,Allegheny,803.0,2015,Unspecified,"Landfill, WTE",1.0,nan,U,0.0,0,0,0,0.0,0,0.0,0.0,0.0,0.0,0.0,0.0,911094.3000000002,0.0,0.0
3593,Pennsylvania,Allegheny,803.0,2016,Unspecified,"Landfill, WTE",1.0,nan,U,0.0,0,0,0,0.0,0,0.0,0.0,0.0,0.0,0.0,0.0,909822.8000000002,0.0,0.0
3594,Pennsylvania,Allegheny,803.0,2017,Unspecified,"Landfill, WTE",1.0,nan,U,0.0,0,0,0,0.0,0,0.0,0.0,0.0,0.0,0.0,0.0,935006.6000000002,0.0,0.0
3595,Pennsylvania,Allegheny,803.0,2018,Unspecified,"Landfill, WTE",1.0,nan,U,0.0,0,0,0,0.0,0,0.0,0.0,0.0,0.0,0.0,0.0,970405.1000000001,0.0,0.0
3596,Pennsylvania,Allegheny,803.0,2019,Unspecified,"Landfill, WTE",1.0,nan,U,0.0,0,0,0,0.0,0,0.0,0.0,0.0,0.0,0.0,0.0,952822.9,0.0,0.0
3597,Pennsylvania,Allegheny,803.0,2020,Unspecified,"Landfill, WTE",1.0,nan,U,0.0,0,0,0,0.0,0,0.0,0.0,0.0,0.0,0.0,0.0,931797.8999999999,0.0,0.0
3598,Pennsylvania,Allegheny,803.0,2021,Unspecified,"Landfill, WTE",1.0,nan,U,0.0,0,0,0,0.0,0,0.0,0.0,0.0,0.0,0.0,0.0,887323.7000000002,0.0,0.0
3599,Pennsylvania,Allegheny,803.0,2022,Unspecified,"Landfill, WTE",1.0,nan,U,0.0,0,0,0,0.0,0,0.0,0.0,0.0,0.0,0.0,0.0,796045.2999999999,0.0,0.0
3600,Pennsylvania,Allegheny,803.0,2023,Unspecified,"Landfill, WTE",1.0,nan,U,0.0,0,0,0,0.0,0,0.0,0.0,0.0,0.0,0.0,0.0,782190.2,0.0,0.0
3601,Pennsylvania,Allegheny,803.0,2024,Unspecified,"Landfill, WTE",1.0,nan,U,0.0,0,0,0,0.0,0,0.0,0.0,0.0,0.0,0.0,0.0,783310.2999999999,0.0,0.0
3602,Pennsylvania,Armstrong,803.0,2000,Unspecified,"Landfill, WTE",1.0,nan,U,0.0,0,0,0,0.0,0,0.0,0.0,0.0,0.0,0.0,0.0,29262.8,0.0,0.0
3603,Pennsylvania,Armstrong,803.0,2001,Unspecified,"Landfill, WTE",1.0,nan,U,0.0,0,0,0,0.0,0,0.0,0.0,0.0,0.0,0.0,0.0,30700.7,0.0,0.0
3604,Pennsylvania,Armstrong,803.0,2002,Unspecified,"Landfill, WTE",1.0,nan,U,0.0,0,0,0,0.0,0,0.0,0.0,0.0,0.0,0.0,0.0,35092.8,0.0,0.0
3605,Pennsylvania,Armstrong,803.0,2003,Unspecified,"Landfill, WTE",1.0,nan,U,0.0,0,0,0,0.0,0,0.0,0.0,0.0,0.0,0.0,0.0,37653.9,0.0,0.0
3606,Pennsylvania,Armstrong,803.0,2004,Unspecified,"Landfill, WTE",1.0,nan,U,0.0,0,0,0,0.0,0,0.0,0.0,0.0,0.0,0.0,0.0,37315.8,0.0,0.0
3607,Pennsylvania,Armstrong,803.0,2005,Unspecified,"Landfill, WTE",1.0,nan,U,0.0,0,0,0,0.0,0,0.0,0.0,0.0,0.0,0.0,0.0,37751.2,0.0,0.0
3608,Pennsylvania,Armstrong,803.0,2006,Unspecified,"Landfill, WTE",1.0,nan,U,0.0,0,0,0,0.0,0,0.0,0.0,0.0,0.0,0.0,0.0,36245.899999999994,0.0,0.0
3609,Pennsylvania,Armstrong,803.0,2007,Unspecified,"Landfill, WTE",1.0,nan,U,0.0,0,0,0,0.0,0,0.0,0.0,0.0,0.0,0.0,0.0,35308.4,0.0,0.0
3610,Pennsylvania,Armstrong,803.0,2008,Unspecified,"Landfill, WTE",1.0,nan,U,0.0,0,0,0,0.0,0,0.0,0.0,0.0,0.0,0.0,0.0,33757.7,0.0,0.0
3611,Pennsylvania,Armstrong,803.0,2009,Unspecified,"Landfill, WTE",1.0,nan,U,0.0,0,0,0,0.0,0,0.0,0.0,0.0,0.0,0.0,0.0,32732.0,0.0,0.0
3612,Pennsylvania,Armstrong,803.0,2010,Unspecified,"Landfill, WTE",1.0,nan,U,0.0,0,0,0,0.0,0,0.0,0.0,0.0,0.0,0.0,0.0,32514.5,0.0,0.0
3613,Pennsylvania,Armstrong,803.0,2011,Unspecified,"Landfill, WTE",1.0,nan,U,0.0,0,0,0,0.0,0,0.0,0.0,0.0,0.0,0.0,0.0,32957.4,0.0,0.0
3614,Pennsylvania,Armstrong,803.0,2012,Unspecified,"Landfill, WTE",1.0,nan,U,0.0,0,0,0,0.0,0,0.0,0.0,0.0,0.0,0.0,0.0,31848.4,0.0,0.0
3615,Pennsylvania,Armstrong,803.0,2013,Unspecified,"Landfill, WTE",1.0,nan,U,0.0,0,0,0,0.0,0,0.0,0.0,0.0,0.0,0.0,0.0,31210.9,0.0,0.0
3616,Pennsylvania,Armstrong,803.0,2014,Unspecified,"Landfill, WTE",1.0,nan,U,0.0,0,0,0,0.0,0,0.0,0.0,0.0,0.0,0.0,0.0,29948.300000000003,0.0,0.0
3617,Pennsylvania,Armstrong,803.0,2015,Unspecified,"Landfill, WTE",1.0,nan,U,0.0,0,0,0,0.0,0,0.0,0.0,0.0,0.0,0.0,0.0,28901.2,0.0,0.0
3618,Pennsylvania,Armstrong,803.0,2016,Unspecified,"Landfill, WTE",1.0,nan,U,0.0,0,0,0,0.0,0,0.0,0.0,0.0,0.0,0.0,0.0,28771.5,0.0,0.0
3619,Pennsylvania,Armstrong,803.0,2017,Unspecified,"Landfill, WTE",1.0,nan,U,0.0,0,0,0,0.0,0,0.0,0.0,0.0,0.0,0.0,0.0,23945.5,0.0,0.0
3620,Pennsylvania,Armstrong,803.0,2018,Unspecified,"Landfill, WTE",1.0,nan,U,0.0,0,0,0,0.0,0,0.0,0.0,0.0,0.0,0.0,0.0,25516.300000000003,0.0,0.0
3621,Pennsylvania,Armstrong,803.0,2019,Unspecified,"Landfill, WTE",1.0,nan,U,0.0,0,0,0,0.0,0,0.0,0.0,0.0,0.0,0.0,0.0,23688.2,0.0,0.0
3622,Pennsylvania,Armstrong,803.0,2020,Unspecified,"Landfill, WTE",1.0,nan,U,0.0,0,0,0,0.0,0,0.0,0.0,0.0,0.0,0.0,0.0,25048.0,0.0,0.0
3623,Pennsylvania,Armstrong,803.0,2021,Unspecified,"Landfill, WTE",1.0,nan,U,0.0,0,0,0,0.0,0,0.0,0.0,0.0,0.0,0.0,0.0,22028.8,0.0,0.0
3624,Pennsylvania,Armstrong,803.0,2022,Unspecified,"Landfill, WTE",1.0,nan,U,0.0,0,0,0,0.0,0,0.0,0.0,0.0,0.0,0.0,0.0,21898.699999999997,0.0,0.0
3625,Pennsylvania,Armstrong,803.0,2023,Unspecified,"Landfill, WTE",1.0,nan,U,0.0,0,0,0,0.0,0,0.0,0.0,0.0,0.0,0.0,0.0,22119.8,0.0,0.0
3626,Pennsylvania,Armstrong,803.0,2024,Unspecified,"Landfill, WTE",1.0,nan,U,0.0,0,0,0,0.0,0,0.0,0.0,0.0,0.0,0.0,0.0,22350.2,0.0,0.0
3627,Pennsylvania,Beaver,803.0,2000,Unspecified,"Landfill, WTE",1.0,nan,U,0.0,0,0,0,0.0,0,0.0,0.0,0.0,0.0,0.0,0.0,84901.00000000001,0.0,0.0
3628,Pennsylvania,Beaver,803.0,2001,Unspecified,"Landfill, WTE",1.0,nan,U,0.0,0,0,0,0.0,0,0.0,0.0,0.0,0.0,0.0,0.0,86192.59999999999,0.0,0.0
3629,Pennsylvania,Beaver,803.0,2002,Unspecified,"Landfill, WTE",1.0,nan,U,0.0,0,0,0,0.0,0,0.0,0.0,0.0,0.0,0.0,0.0,98162.99999999999,0.0,0.0
3630,Pennsylvania,Beaver,803.0,2003,Unspecified,"Landfill, WTE",1.0,nan,U,0.0,0,0,0,0.0,0,0.0,0.0,0.0,0.0,0.0,0.0,107065.49999999999,0.0,0.0
3631,Pennsylvania,Beaver,803.0,2004,Unspecified,"Landfill, WTE",1.0,nan,U,0.0,0,0,0,0.0,0,0.0,0.0,0.0,0.0,0.0,0.0,127247.49999999999,0.0,0.0
3632,Pennsylvania,Beaver,803.0,2005,Unspecified,"Landfill, WTE",1.0,nan,U,0.0,0,0,0,0.0,0,0.0,0.0,0.0,0.0,0.0,0.0,117013.59999999999,0.0,0.0
3633,Pennsylvania,Beaver,803.0,2006,Unspecified,"Landfill, WTE",1.0,nan,U,0.0,0,0,0,0.0,0,0.0,0.0,0.0,0.0,0.0,0.0,145011.0,0.0,0.0
3634,Pennsylvania,Beaver,803.0,2007,Unspecified,"Landfill, WTE",1.0,nan,U,0.0,0,0,0,0.0,0,0.0,0.0,0.0,0.0,0.0,0.0,147633.3,0.0,0.0
3635,Pennsylvania,Beaver,803.0,2008,Unspecified,"Landfill, WTE",1.0,nan,U,0.0,0,0,0,0.0,0,0.0,0.0,0.0,0.0,0.0,0.0,136436.19999999998,0.0,0.0
3636,Pennsylvania,Beaver,803.0,2009,Unspecified,"Landfill, WTE",1.0,nan,U,0.0,0,0,0,0.0,0,0.0,0.0,0.0,0.0,0.0,0.0,117125.40000000001,0.0,0.0
3637,Pennsylvania,Beaver,803.0,2010,Unspecified,"Landfill, WTE",1.0,nan,U,0.0,0,0,0,0.0,0,0.0,0.0,0.0,0.0,0.0,0.0,125049.3,0.0,0.0
3638,Pennsylvania,Beaver,803.0,2011,Unspecified,"Landfill, WTE",1.0,nan,U,0.0,0,0,0,0.0,0,0.0,0.0,0.0,0.0,0.0,0.0,122122.9,0.0,0.0
3639,Pennsylvania,Beaver,803.0,2012,Unspecified,"Landfill, WTE",1.0,nan,U,0.0,0,0,0,0.0,0,0.0,0.0,0.0,0.0,0.0,0.0,121808.09999999998,0.0,0.0
3640,Pennsylvania,Beaver,803.0,2013,Unspecified,"Landfill, WTE",1.0,nan,U,0.0,0,0,0,0.0,0,0.0,0.0,0.0,0.0,0.0,0.0,159739.69999999998,0.0,0.0
3641,Pennsylvania,Beaver,803.0,2014,Unspecified,"Landfill, WTE",1.0,nan,U,0.0,0,0,0,0.0,0,0.0,0.0,0.0,0.0,0.0,0.0,139295.1,0.0,0.0
3642,Pennsylvania,Beaver,803.0,2015,Unspecified,"Landfill, WTE",1.0,nan,U,0.0,0,0,0,0.0,0,0.0,0.0,0.0,0.0,0.0,0.0,119440.70000000001,0.0,0.0
3643,Pennsylvania,Beaver,803.0,2016,Unspecified,"Landfill, WTE",1.0,nan,U,0.0,0,0,0,0.0,0,0.0,0.0,0.0,0.0,0.0,0.0,181817.8,0.0,0.0
3644,Pennsylvania,Beaver,803.0,2017,Unspecified,"Landfill, WTE",1.0,nan,U,0.0,0,0,0,0.0,0,0.0,0.0,0.0,0.0,0.0,0.0,173054.7,0.0,0.0
3645,Pennsylvania,Beaver,803.0,2018,Unspecified,"Landfill, WTE",1.0,nan,U,0.0,0,0,0,0.0,0,0.0,0.0,0.0,0.0,0.0,0.0,173224.90000000002,0.0,0.0
3646,Pennsylvania,Beaver,803.0,2019,Unspecified,"Landfill, WTE",1.0,nan,U,0.0,0,0,0,0.0,0,0.0,0.0,0.0,0.0,0.0,0.0,183555.8,0.0,0.0
3647,Pennsylvania,Beaver,803.0,2020,Unspecified,"Landfill, WTE",1.0,nan,U,0.0,0,0,0,0.0,0,0.0,0.0,0.0,0.0,0.0,0.0,162681.09999999998,0.0,0.0
3648,Pennsylvania,Beaver,803.0,2021,Unspecified,"Landfill, WTE",1.0,nan,U,0.0,0,0,0,0.0,0,0.0,0.0,0.0,0.0,0.0,0.0,172236.1,0.0,0.0
3649,Pennsylvania,Beaver,803.0,2022,Unspecified,"Landfill, WTE",1.0,nan,U,0.0,0,0,0,0.0,0,0.0,0.0,0.0,0.0,0.0,0.0,156685.69999999998,0.0,0.0
3650,Pennsylvania,Beaver,803.0,2023,Unspecified,"Landfill, WTE",1.0,nan,U,0.0,0,0,0,0.0,0,0.0,0.0,0.0,0.0,0.0,0.0,148425.9,0.0,0.0
3651,Pennsylvania,Beaver,803.0,2024,Unspecified,"Landfill, WTE",1.0,nan,U,0.0,0,0,0,0.0,0,0.0,0.0,0.0,0.0,0.0,0.0,160933.0,0.0,0.0
3652,Pennsylvania,Bedford,803.0,2000,Unspecified,"Landfill, WTE",1.0,nan,U,0.0,0,0,0,0.0,0,0.0,0.0,0.0,0.0,0.0,0.0,19399.8,0.0,0.0
3653,Pennsylvania,Bedford,803.0,2001,Unspecified,"Landfill, WTE",1.0,nan,U,0.0,0,0,0,0.0,0,0.0,0.0,0.0,0.0,0.0,0.0,20850.799999999996,0.0,0.0
3654,Pennsylvania,Bedford,803.0,2002,Unspecified,"Landfill, WTE",1.0,nan,U,0.0,0,0,0,0.0,0,0.0,0.0,0.0,0.0,0.0,0.0,21011.0,0.0,0.0
3655,Pennsylvania,Bedford,803.0,2003,Unspecified,"Landfill, WTE",1.0,nan,U,0.0,0,0,0,0.0,0,0.0,0.0,0.0,0.0,0.0,0.0,23309.9,0.0,0.0
3656,Pennsylvania,Bedford,803.0,2004,Unspecified,"Landfill, WTE",1.0,nan,U,0.0,0,0,0,0.0,0,0.0,0.0,0.0,0.0,0.0,0.0,25086.399999999998,0.0,0.0
3657,Pennsylvania,Bedford,803.0,2005,Unspecified,"Landfill, WTE",1.0,nan,U,0.0,0,0,0,0.0,0,0.0,0.0,0.0,0.0,0.0,0.0,25769.0,0.0,0.0
3658,Pennsylvania,Bedford,803.0,2006,Unspecified,"Landfill, WTE",1.0,nan,U,0.0,0,0,0,0.0,0,0.0,0.0,0.0,0.0,0.0,0.0,26615.1,0.0,0.0
3659,Pennsylvania,Bedford,803.0,2007,Unspecified,"Landfill, WTE",1.0,nan,U,0.0,0,0,0,0.0,0,0.0,0.0,0.0,0.0,0.0,0.0,28271.5,0.0,0.0
3660,Pennsylvania,Bedford,803.0,2008,Unspecified,"Landfill, WTE",1.0,nan,U,0.0,0,0,0,0.0,0,0.0,0.0,0.0,0.0,0.0,0.0,26991.0,0.0,0.0
3661,Pennsylvania,Bedford,803.0,2009,Unspecified,"Landfill, WTE",1.0,nan,U,0.0,0,0,0,0.0,0,0.0,0.0,0.0,0.0,0.0,0.0,23349.9,0.0,0.0
3662,Pennsylvania,Bedford,803.0,2010,Unspecified,"Landfill, WTE",1.0,nan,U,0.0,0,0,0,0.0,0,0.0,0.0,0.0,0.0,0.0,0.0,22546.600000000002,0.0,0.0
3663,Pennsylvania,Bedford,803.0,2011,Unspecified,"Landfill, WTE",1.0,nan,U,0.0,0,0,0,0.0,0,0.0,0.0,0.0,0.0,0.0,0.0,25041.0,0.0,0.0
3664,Pennsylvania,Bedford,803.0,2012,Unspecified,"Landfill, WTE",1.0,nan,U,0.0,0,0,0,0.0,0,0.0,0.0,0.0,0.0,0.0,0.0,27541.3,0.0,0.0
3665,Pennsylvania,Bedford,803.0,2013,Unspecified,"Landfill, WTE",1.0,nan,U,0.0,0,0,0,0.0,0,0.0,0.0,0.0,0.0,0.0,0.0,32915.2,0.0,0.0
3666,Pennsylvania,Bedford,803.0,2014,Unspecified,"Landfill, WTE",1.0,nan,U,0.0,0,0,0,0.0,0,0.0,0.0,0.0,0.0,0.0,0.0,35049.6,0.0,0.0
3667,Pennsylvania,Bedford,803.0,2015,Unspecified,"Landfill, WTE",1.0,nan,U,0.0,0,0,0,0.0,0,0.0,0.0,0.0,0.0,0.0,0.0,35765.600000000006,0.0,0.0
3668,Pennsylvania,Bedford,803.0,2016,Unspecified,"Landfill, WTE",1.0,nan,U,0.0,0,0,0,0.0,0,0.0,0.0,0.0,0.0,0.0,0.0,36630.0,0.0,0.0
3669,Pennsylvania,Bedford,803.0,2017,Unspecified,"Landfill, WTE",1.0,nan,U,0.0,0,0,0,0.0,0,0.0,0.0,0.0,0.0,0.0,0.0,38865.600000000006,0.0,0.0
3670,Pennsylvania,Bedford,803.0,2018,Unspecified,"Landfill, WTE",1.0,nan,U,0.0,0,0,0,0.0,0,0.0,0.0,0.0,0.0,0.0,0.0,41895.700000000004,0.0,0.0
3671,Pennsylvania,Bedford,803.0,2019,Unspecified,"Landfill, WTE",1.0,nan,U,0.0,0,0,0,0.0,0,0.0,0.0,0.0,0.0,0.0,0.0,46070.59999999999,0.0,0.0
3672,Pennsylvania,Bedford,803.0,2020,Unspecified,"Landfill, WTE",1.0,nan,U,0.0,0,0,0,0.0,0,0.0,0.0,0.0,0.0,0.0,0.0,43969.799999999996,0.0,0.0
3673,Pennsylvania,Bedford,803.0,2021,Unspecified,"Landfill, WTE",1.0,nan,U,0.0,0,0,0,0.0,0,0.0,0.0,0.0,0.0,0.0,0.0,47745.7,0.0,0.0
3674,Pennsylvania,Bedford,803.0,2022,Unspecified,"Landfill, WTE",1.0,nan,U,0.0,0,0,0,0.0,0,0.0,0.0,0.0,0.0,0.0,0.0,47472.1,0.0,0.0
3675,Pennsylvania,Bedford,803.0,2023,Unspecified,"Landfill, WTE",1.0,nan,U,0.0,0,0,0,0.0,0,0.0,0.0,0.0,0.0,0.0,0.0,48196.799999999996,0.0,0.0
3676,Pennsylvania,Bedford,803.0,2024,Unspecified,"Landfill, WTE",1.0,nan,U,0.0,0,0,0,0.0,0,0.0,0.0,0.0,0.0,0.0,0.0,49802.0,0.0,0.0
3677,Pennsylvania,Berks,803.0,2000,Unspecified,"Landfill, WTE",1.0,nan,U,0.0,0,0,0,0.0,0,0.0,0.0,0.0,0.0,0.0,0.0,318947.5,0.0,0.0
3678,Pennsylvania,Berks,803.0,2001,Unspecified,"Landfill, WTE",1.0,nan,U,0.0,0,0,0,0.0,0,0.0,0.0,0.0,0.0,0.0,0.0,288178.30000000005,0.0,0.0
3679,Pennsylvania,Berks,803.0,2002,Unspecified,"Landfill, WTE",1.0,nan,U,0.0,0,0,0,0.0,0,0.0,0.0,0.0,0.0,0.0,0.0,291616.7,0.0,0.0
3680,Pennsylvania,Berks,803.0,2003,Unspecified,"Landfill, WTE",1.0,nan,U,0.0,0,0,0,0.0,0,0.0,0.0,0.0,0.0,0.0,0.0,297455.39999999997,0.0,0.0
3681,Pennsylvania,Berks,803.0,2004,Unspecified,"Landfill, WTE",1.0,nan,U,0.0,0,0,0,0.0,0,0.0,0.0,0.0,0.0,0.0,0.0,330282.89999999985,0.0,0.0
3682,Pennsylvania,Berks,803.0,2005,Unspecified,"Landfill, WTE",1.0,nan,U,0.0,0,0,0,0.0,0,0.0,0.0,0.0,0.0,0.0,0.0,318705.40000000014,0.0,0.0
3683,Pennsylvania,Berks,803.0,2006,Unspecified,"Landfill, WTE",1.0,nan,U,0.0,0,0,0,0.0,0,0.0,0.0,0.0,0.0,0.0,0.0,318578.3000000001,0.0,0.0
3684,Pennsylvania,Berks,803.0,2007,Unspecified,"Landfill, WTE",1.0,nan,U,0.0,0,0,0,0.0,0,0.0,0.0,0.0,0.0,0.0,0.0,338486.5,0.0,0.0
3685,Pennsylvania,Berks,803.0,2008,Unspecified,"Landfill, WTE",1.0,nan,U,0.0,0,0,0,0.0,0,0.0,0.0,0.0,0.0,0.0,0.0,348299.80000000005,0.0,0.0
3686,Pennsylvania,Berks,803.0,2009,Unspecified,"Landfill, WTE",1.0,nan,U,0.0,0,0,0,0.0,0,0.0,0.0,0.0,0.0,0.0,0.0,323635.99999999994,0.0,0.0
3687,Pennsylvania,Berks,803.0,2010,Unspecified,"Landfill, WTE",1.0,nan,U,0.0,0,0,0,0.0,0,0.0,0.0,0.0,0.0,0.0,0.0,307563.89999999997,0.0,0.0
3688,Pennsylvania,Berks,803.0,2011,Unspecified,"Landfill, WTE",1.0,nan,U,0.0,0,0,0,0.0,0,0.0,0.0,0.0,0.0,0.0,0.0,310429.49999999994,0.0,0.0
3689,Pennsylvania,Berks,803.0,2012,Unspecified,"Landfill, WTE",1.0,nan,U,0.0,0,0,0,0.0,0,0.0,0.0,0.0,0.0,0.0,0.0,291168.2,0.0,0.0
3690,Pennsylvania,Berks,803.0,2013,Unspecified,"Landfill, WTE",1.0,nan,U,0.0,0,0,0,0.0,0,0.0,0.0,0.0,0.0,0.0,0.0,267248.1,0.0,0.0
3691,Pennsylvania,Berks,803.0,2014,Unspecified,"Landfill, WTE",1.0,nan,U,0.0,0,0,0,0.0,0,0.0,0.0,0.0,0.0,0.0,0.0,272501.8,0.0,0.0
3692,Pennsylvania,Berks,803.0,2015,Unspecified,"Landfill, WTE",1.0,nan,U,0.0,0,0,0,0.0,0,0.0,0.0,0.0,0.0,0.0,0.0,286747.39999999997,0.0,0.0
3693,Pennsylvania,Berks,803.0,2016,Unspecified,"Landfill, WTE",1.0,nan,U,0.0,0,0,0,0.0,0,0.0,0.0,0.0,0.0,0.0,0.0,301315.7999999999,0.0,0.0
3694,Pennsylvania,Berks,803.0,2017,Unspecified,"Landfill, WTE",1.0,nan,U,0.0,0,0,0,0.0,0,0.0,0.0,0.0,0.0,0.0,0.0,302215.7,0.0,0.0
3695,Pennsylvania,Berks,803.0,2018,Unspecified,"Landfill, WTE",1.0,nan,U,0.0,0,0,0,0.0,0,0.0,0.0,0.0,0.0,0.0,0.0,322704.10000000003,0.0,0.0
3696,Pennsylvania,Berks,803.0,2019,Unspecified,"Landfill, WTE",1.0,nan,U,0.0,0,0,0,0.0,0,0.0,0.0,0.0,0.0,0.0,0.0,310045.10000000003,0.0,0.0
3697,Pennsylvania,Berks,803.0,2020,Unspecified,"Landfill, WTE",1.0,nan,U,0.0,0,0,0,0.0,0,0.0,0.0,0.0,0.0,0.0,0.0,311662.89999999997,0.0,0.0
3698,Pennsylvania,Berks,803.0,2021,Unspecified,"Landfill, WTE",1.0,nan,U,0.0,0,0,0,0.0,0,0.0,0.0,0.0,0.0,0.0,0.0,291743.4,0.0,0.0
3699,Pennsylvania,Berks,803.0,2022,Unspecified,"Landfill, WTE",1.0,nan,U,0.0,0,0,0,0.0,0,0.0,0.0,0.0,0.0,0.0,0.0,280961.5,0.0,0.0
3700,Pennsylvania,Berks,803.0,2023,Unspecified,"Landfill, WTE",1.0,nan,U,0.0,0,0,0,0.0,0,0.0,0.0,0.0,0.0,0.0,0.0,322093.7,0.0,0.0
3701,Pennsylvania,Berks,803.0,2024,Unspecified,"Landfill, WTE",1.0,nan,U,0.0,0,0,0,0.0,0,0.0,0.0,0.0,0.0,0.0,0.0,356232.6000000001,0.0,0.0
3702,Pennsylvania,Blair,803.0,2000,Unspecified,"Landfill, WTE",1.0,nan,U,0.0,0,0,0,0.0,0,0.0,0.0,0.0,0.0,0.0,0.0,117283.9,0.0,0.0
3703,Pennsylvania,Blair,803.0,2001,Unspecified,"Landfill, WTE",1.0,nan,U,0.0,0,0,0,0.0,0,0.0,0.0,0.0,0.0,0.0,0.0,124742.80000000002,0.0,0.0
3704,Pennsylvania,Blair,803.0,2002,Unspecified,"Landfill, WTE",1.0,nan,U,0.0,0,0,0,0.0,0,0.0,0.0,0.0,0.0,0.0,0.0,116193.29999999999,0.0,0.0
3705,Pennsylvania,Blair,803.0,2003,Unspecified,"Landfill, WTE",1.0,nan,U,0.0,0,0,0,0.0,0,0.0,0.0,0.0,0.0,0.0,0.0,120740.70000000001,0.0,0.0
3706,Pennsylvania,Blair,803.0,2004,Unspecified,"Landfill, WTE",1.0,nan,U,0.0,0,0,0,0.0,0,0.0,0.0,0.0,0.0,0.0,0.0,119876.00000000001,0.0,0.0
3707,Pennsylvania,Blair,803.0,2005,Unspecified,"Landfill, WTE",1.0,nan,U,0.0,0,0,0,0.0,0,0.0,0.0,0.0,0.0,0.0,0.0,120848.79999999999,0.0,0.0
3708,Pennsylvania,Blair,803.0,2006,Unspecified,"Landfill, WTE",1.0,nan,U,0.0,0,0,0,0.0,0,0.0,0.0,0.0,0.0,0.0,0.0,116605.4,0.0,0.0
3709,Pennsylvania,Blair,803.0,2007,Unspecified,"Landfill, WTE",1.0,nan,U,0.0,0,0,0,0.0,0,0.0,0.0,0.0,0.0,0.0,0.0,106795.40000000001,0.0,0.0
3710,Pennsylvania,Blair,803.0,2008,Unspecified,"Landfill, WTE",1.0,nan,U,0.0,0,0,0,0.0,0,0.0,0.0,0.0,0.0,0.0,0.0,104796.20000000001,0.0,0.0
3711,Pennsylvania,Blair,803.0,2009,Unspecified,"Landfill, WTE",1.0,nan,U,0.0,0,0,0,0.0,0,0.0,0.0,0.0,0.0,0.0,0.0,103253.00000000001,0.0,0.0
3712,Pennsylvania,Blair,803.0,2010,Unspecified,"Landfill, WTE",1.0,nan,U,0.0,0,0,0,0.0,0,0.0,0.0,0.0,0.0,0.0,0.0,111894.5,0.0,0.0
3713,Pennsylvania,Blair,803.0,2011,Unspecified,"Landfill, WTE",1.0,nan,U,0.0,0,0,0,0.0,0,0.0,0.0,0.0,0.0,0.0,0.0,105373.2,0.0,0.0
3714,Pennsylvania,Blair,803.0,2012,Unspecified,"Landfill, WTE",1.0,nan,U,0.0,0,0,0,0.0,0,0.0,0.0,0.0,0.0,0.0,0.0,101176.5,0.0,0.0
3715,Pennsylvania,Blair,803.0,2013,Unspecified,"Landfill, WTE",1.0,nan,U,0.0,0,0,0,0.0,0,0.0,0.0,0.0,0.0,0.0,0.0,100394.90000000001,0.0,0.0
3716,Pennsylvania,Blair,803.0,2014,Unspecified,"Landfill, WTE",1.0,nan,U,0.0,0,0,0,0.0,0,0.0,0.0,0.0,0.0,0.0,0.0,93878.5,0.0,0.0
3717,Pennsylvania,Blair,803.0,2015,Unspecified,"Landfill, WTE",1.0,nan,U,0.0,0,0,0,0.0,0,0.0,0.0,0.0,0.0,0.0,0.0,96314.49999999999,0.0,0.0
3718,Pennsylvania,Blair,803.0,2016,Unspecified,"Landfill, WTE",1.0,nan,U,0.0,0,0,0,0.0,0,0.0,0.0,0.0,0.0,0.0,0.0,102496.90000000001,0.0,0.0
3719,Pennsylvania,Blair,803.0,2017,Unspecified,"Landfill, WTE",1.0,nan,U,0.0,0,0,0,0.0,0,0.0,0.0,0.0,0.0,0.0,0.0,104204.80000000002,0.0,0.0
3720,Pennsylvania,Blair,803.0,2018,Unspecified,"Landfill, WTE",1.0,nan,U,0.0,0,0,0,0.0,0,0.0,0.0,0.0,0.0,0.0,0.0,106767.4,0.0,0.0
3721,Pennsylvania,Blair,803.0,2019,Unspecified,"Landfill, WTE",1.0,nan,U,0.0,0,0,0,0.0,0,0.0,0.0,0.0,0.0,0.0,0.0,109426.5,0.0,0.0
3722,Pennsylvania,Blair,803.0,2020,Unspecified,"Landfill, WTE",1.0,nan,U,0.0,0,0,0,0.0,0,0.0,0.0,0.0,0.0,0.0,0.0,110691.9,0.0,0.0
3723,Pennsylvania,Blair,803.0,2021,Unspecified,"Landfill, WTE",1.0,nan,U,0.0,0,0,0,0.0,0,0.0,0.0,0.0,0.0,0.0,0.0,113733.99999999999,0.0,0.0
3724,Pennsylvania,Blair,803.0,2022,Unspecified,"Landfill, WTE",1.0,nan,U,0.0,0,0,0,0.0,0,0.0,0.0,0.0,0.0,0.0,0.0,112898.70000000001,0.0,0.0
3725,Pennsylvania,Blair,803.0,2023,Unspecified,"Landfill, WTE",1.0,nan,U,0.0,0,0,0,0.0,0,0.0,0.0,0.0,0.0,0.0,0.0,115367.9,0.0,0.0
3726,Pennsylvania,Blair,803.0,2024,Unspecified,"Landfill, WTE",1.0,nan,U,0.0,0,0,0,0.0,0,0.0,0.0,0.0,0.0,0.0,0.0,117620.79999999999,0.0,0.0
3727,Pennsylvania,Bradford,803.0,2000,Unspecified,"Landfill, WTE",1.0,nan,U,0.0,0,0,0,0.0,0,0.0,0.0,0.0,0.0,0.0,0.0,15979.5,0.0,0.0
3728,Pennsylvania,Bradford,803.0,2001,Unspecified,"Landfill, WTE",1.0,nan,U,0.0,0,0,0,0.0,0,0.0,0.0,0.0,0.0,0.0,0.0,17007.9,0.0,0.0
3729,Pennsylvania,Bradford,803.0,2002,Unspecified,"Landfill, WTE",1.0,nan,U,0.0,0,0,0,0.0,0,0.0,0.0,0.0,0.0,0.0,0.0,18315.8,0.0,0.0
3730,Pennsylvania,Bradford,803.0,2003,Unspecified,"Landfill, WTE",1.0,nan,U,0.0,0,0,0,0.0,0,0.0,0.0,0.0,0.0,0.0,0.0,25337.8,0.0,0.0
3731,Pennsylvania,Bradford,803.0,2004,Unspecified,"Landfill, WTE",1.0,nan,U,0.0,0,0,0,0.0,0,0.0,0.0,0.0,0.0,0.0,0.0,23730.699999999997,0.0,0.0
3732,Pennsylvania,Bradford,803.0,2005,Unspecified,"Landfill, WTE",1.0,nan,U,0.0,0,0,0,0.0,0,0.0,0.0,0.0,0.0,0.0,0.0,27609.100000000002,0.0,0.0
3733,Pennsylvania,Bradford,803.0,2006,Unspecified,"Landfill, WTE",1.0,nan,U,0.0,0,0,0,0.0,0,0.0,0.0,0.0,0.0,0.0,0.0,26551.7,0.0,0.0
3734,Pennsylvania,Bradford,803.0,2007,Unspecified,"Landfill, WTE",1.0,nan,U,0.0,0,0,0,0.0,0,0.0,0.0,0.0,0.0,0.0,0.0,23002.800000000003,0.0,0.0
3735,Pennsylvania,Bradford,803.0,2008,Unspecified,"Landfill, WTE",1.0,nan,U,0.0,0,0,0,0.0,0,0.0,0.0,0.0,0.0,0.0,0.0,22522.4,0.0,0.0
3736,Pennsylvania,Bradford,803.0,2009,Unspecified,"Landfill, WTE",1.0,nan,U,0.0,0,0,0,0.0,0,0.0,0.0,0.0,0.0,0.0,0.0,21979.699999999997,0.0,0.0
3737,Pennsylvania,Bradford,803.0,2010,Unspecified,"Landfill, WTE",1.0,nan,U,0.0,0,0,0,0.0,0,0.0,0.0,0.0,0.0,0.0,0.0,23602.3,0.0,0.0
3738,Pennsylvania,Bradford,803.0,2011,Unspecified,"Landfill, WTE",1.0,nan,U,0.0,0,0,0,0.0,0,0.0,0.0,0.0,0.0,0.0,0.0,30541.5,0.0,0.0
3739,Pennsylvania,Bradford,803.0,2012,Unspecified,"Landfill, WTE",1.0,nan,U,0.0,0,0,0,0.0,0,0.0,0.0,0.0,0.0,0.0,0.0,28796.9,0.0,0.0
3740,Pennsylvania,Bradford,803.0,2013,Unspecified,"Landfill, WTE",1.0,nan,U,0.0,0,0,0,0.0,0,0.0,0.0,0.0,0.0,0.0,0.0,28405.6,0.0,0.0
3741,Pennsylvania,Bradford,803.0,2014,Unspecified,"Landfill, WTE",1.0,nan,U,0.0,0,0,0,0.0,0,0.0,0.0,0.0,0.0,0.0,0.0,28966.100000000002,0.0,0.0
3742,Pennsylvania,Bradford,803.0,2015,Unspecified,"Landfill, WTE",1.0,nan,U,0.0,0,0,0,0.0,0,0.0,0.0,0.0,0.0,0.0,0.0,24117.4,0.0,0.0
3743,Pennsylvania,Bradford,803.0,2016,Unspecified,"Landfill, WTE",1.0,nan,U,0.0,0,0,0,0.0,0,0.0,0.0,0.0,0.0,0.0,0.0,23346.7,0.0,0.0
3744,Pennsylvania,Bradford,803.0,2017,Unspecified,"Landfill, WTE",1.0,nan,U,0.0,0,0,0,0.0,0,0.0,0.0,0.0,0.0,0.0,0.0,24909.3,0.0,0.0
3745,Pennsylvania,Bradford,803.0,2018,Unspecified,"Landfill, WTE",1.0,nan,U,0.0,0,0,0,0.0,0,0.0,0.0,0.0,0.0,0.0,0.0,26705.1,0.0,0.0
3746,Pennsylvania,Bradford,803.0,2019,Unspecified,"Landfill, WTE",1.0,nan,U,0.0,0,0,0,0.0,0,0.0,0.0,0.0,0.0,0.0,0.0,55480.2,0.0,0.0
3747,Pennsylvania,Bradford,803.0,2020,Unspecified,"Landfill, WTE",1.0,nan,U,0.0,0,0,0,0.0,0,0.0,0.0,0.0,0.0,0.0,0.0,24659.5,0.0,0.0
3748,Pennsylvania,Bradford,803.0,2021,Unspecified,"Landfill, WTE",1.0,nan,U,0.0,0,0,0,0.0,0,0.0,0.0,0.0,0.0,0.0,0.0,32745.3,0.0,0.0
3749,Pennsylvania,Bradford,803.0,2022,Unspecified,"Landfill, WTE",1.0,nan,U,0.0,0,0,0,0.0,0,0.0,0.0,0.0,0.0,0.0,0.0,33330.2,0.0,0.0
3750,Pennsylvania,Bradford,803.0,2023,Unspecified,"Landfill, WTE",1.0,nan,U,0.0,0,0,0,0.0,0,0.0,0.0,0.0,0.0,0.0,0.0,41306.3,0.0,0.0
3751,Pennsylvania,Bradford,803.0,2024,Unspecified,"Landfill, WTE",1.0,nan,U,0.0,0,0,0,0.0,0,0.0,0.0,0.0,0.0,0.0,0.0,30274.0,0.0,0.0
3752,Pennsylvania,Bucks,803.0,2000,Unspecified,"Landfill, WTE",1.0,nan,U,0.0,0,0,0,0.0,0,0.0,0.0,0.0,0.0,0.0,0.0,324946.80000000005,0.0,0.0
3753,Pennsylvania,Bucks,803.0,2001,Unspecified,"Landfill, WTE",1.0,nan,U,0.0,0,0,0,0.0,0,0.0,0.0,0.0,0.0,0.0,0.0,347899.6,0.0,0.0
3754,Pennsylvania,Bucks,803.0,2002,Unspecified,"Landfill, WTE",1.0,nan,U,0.0,0,0,0,0.0,0,0.0,0.0,0.0,0.0,0.0,0.0,313458.9,0.0,0.0
3755,Pennsylvania,Bucks,803.0,2003,Unspecified,"Landfill, WTE",1.0,nan,U,0.0,0,0,0,0.0,0,0.0,0.0,0.0,0.0,0.0,0.0,357838.4,0.0,0.0
3756,Pennsylvania,Bucks,803.0,2004,Unspecified,"Landfill, WTE",1.0,nan,U,0.0,0,0,0,0.0,0,0.0,0.0,0.0,0.0,0.0,0.0,370472.70000000007,0.0,0.0
3757,Pennsylvania,Bucks,803.0,2005,Unspecified,"Landfill, WTE",1.0,nan,U,0.0,0,0,0,0.0,0,0.0,0.0,0.0,0.0,0.0,0.0,370466.50000000006,0.0,0.0
3758,Pennsylvania,Bucks,803.0,2006,Unspecified,"Landfill, WTE",1.0,nan,U,0.0,0,0,0,0.0,0,0.0,0.0,0.0,0.0,0.0,0.0,400668.1,0.0,0.0
3759,Pennsylvania,Bucks,803.0,2007,Unspecified,"Landfill, WTE",1.0,nan,U,0.0,0,0,0,0.0,0,0.0,0.0,0.0,0.0,0.0,0.0,470862.80000000005,0.0,0.0
3760,Pennsylvania,Bucks,803.0,2008,Unspecified,"Landfill, WTE",1.0,nan,U,0.0,0,0,0,0.0,0,0.0,0.0,0.0,0.0,0.0,0.0,422393.70000000007,0.0,0.0
3761,Pennsylvania,Bucks,803.0,2009,Unspecified,"Landfill, WTE",1.0,nan,U,0.0,0,0,0,0.0,0,0.0,0.0,0.0,0.0,0.0,0.0,378317.69999999995,0.0,0.0
3762,Pennsylvania,Bucks,803.0,2010,Unspecified,"Landfill, WTE",1.0,nan,U,0.0,0,0,0,0.0,0,0.0,0.0,0.0,0.0,0.0,0.0,333244.80000000005,0.0,0.0
3763,Pennsylvania,Bucks,803.0,2011,Unspecified,"Landfill, WTE",1.0,nan,U,0.0,0,0,0,0.0,0,0.0,0.0,0.0,0.0,0.0,0.0,295927.9,0.0,0.0
3764,Pennsylvania,Bucks,803.0,2012,Unspecified,"Landfill, WTE",1.0,nan,U,0.0,0,0,0,0.0,0,0.0,0.0,0.0,0.0,0.0,0.0,262145.9,0.0,0.0
3765,Pennsylvania,Bucks,803.0,2013,Unspecified,"Landfill, WTE",1.0,nan,U,0.0,0,0,0,0.0,0,0.0,0.0,0.0,0.0,0.0,0.0,248164.3,0.0,0.0
3766,Pennsylvania,Bucks,803.0,2014,Unspecified,"Landfill, WTE",1.0,nan,U,0.0,0,0,0,0.0,0,0.0,0.0,0.0,0.0,0.0,0.0,269012.39999999997,0.0,0.0
3767,Pennsylvania,Bucks,803.0,2015,Unspecified,"Landfill, WTE",1.0,nan,U,0.0,0,0,0,0.0,0,0.0,0.0,0.0,0.0,0.0,0.0,268590.3,0.0,0.0
3768,Pennsylvania,Bucks,803.0,2016,Unspecified,"Landfill, WTE",1.0,nan,U,0.0,0,0,0,0.0,0,0.0,0.0,0.0,0.0,0.0,0.0,412776.29999999993,0.0,0.0
3769,Pennsylvania,Bucks,803.0,2017,Unspecified,"Landfill, WTE",1.0,nan,U,0.0,0,0,0,0.0,0,0.0,0.0,0.0,0.0,0.0,0.0,405663.5,0.0,0.0
3770,Pennsylvania,Bucks,803.0,2018,Unspecified,"Landfill, WTE",1.0,nan,U,0.0,0,0,0,0.0,0,0.0,0.0,0.0,0.0,0.0,0.0,413466.4,0.0,0.0
3771,Pennsylvania,Bucks,803.0,2019,Unspecified,"Landfill, WTE",1.0,nan,U,0.0,0,0,0,0.0,0,0.0,0.0,0.0,0.0,0.0,0.0,426703.80000000005,0.0,0.0
3772,Pennsylvania,Bucks,803.0,2020,Unspecified,"Landfill, WTE",1.0,nan,U,0.0,0,0,0,0.0,0,0.0,0.0,0.0,0.0,0.0,0.0,423824.8,0.0,0.0
3773,Pennsylvania,Bucks,803.0,2021,Unspecified,"Landfill, WTE",1.0,nan,U,0.0,0,0,0,0.0,0,0.0,0.0,0.0,0.0,0.0,0.0,426460.30000000005,0.0,0.0
3774,Pennsylvania,Bucks,803.0,2022,Unspecified,"Landfill, WTE",1.0,nan,U,0.0,0,0,0,0.0,0,0.0,0.0,0.0,0.0,0.0,0.0,399027.5,0.0,0.0
3775,Pennsylvania,Bucks,803.0,2023,Unspecified,"Landfill, WTE",1.0,nan,U,0.0,0,0,0,0.0,0,0.0,0.0,0.0,0.0,0.0,0.0,387461.10000000003,0.0,0.0
3776,Pennsylvania,Bucks,803.0,2024,Unspecified,"Landfill, WTE",1.0,nan,U,0.0,0,0,0,0.0,0,0.0,0.0,0.0,0.0,0.0,0.0,398348.10000000003,0.0,0.0
3777,Pennsylvania,Butler,803.0,2000,Unspecified,"Landfill, WTE",1.0,nan,U,0.0,0,0,0,0.0,0,0.0,0.0,0.0,0.0,0.0,0.0,117059.9,0.0,0.0
3778,Pennsylvania,Butler,803.0,2001,Unspecified,"Landfill, WTE",1.0,nan,U,0.0,0,0,0,0.0,0,0.0,0.0,0.0,0.0,0.0,0.0,112259.3,0.0,0.0
3779,Pennsylvania,Butler,803.0,2002,Unspecified,"Landfill, WTE",1.0,nan,U,0.0,0,0,0,0.0,0,0.0,0.0,0.0,0.0,0.0,0.0,117847.9,0.0,0.0
3780,Pennsylvania,Butler,803.0,2003,Unspecified,"Landfill, WTE",1.0,nan,U,0.0,0,0,0,0.0,0,0.0,0.0,0.0,0.0,0.0,0.0,116136.0,0.0,0.0
3781,Pennsylvania,Butler,803.0,2004,Unspecified,"Landfill, WTE",1.0,nan,U,0.0,0,0,0,0.0,0,0.0,0.0,0.0,0.0,0.0,0.0,122080.59999999999,0.0,0.0
3782,Pennsylvania,Butler,803.0,2005,Unspecified,"Landfill, WTE",1.0,nan,U,0.0,0,0,0,0.0,0,0.0,0.0,0.0,0.0,0.0,0.0,122398.4,0.0,0.0
3783,Pennsylvania,Butler,803.0,2006,Unspecified,"Landfill, WTE",1.0,nan,U,0.0,0,0,0,0.0,0,0.0,0.0,0.0,0.0,0.0,0.0,125021.09999999999,0.0,0.0
3784,Pennsylvania,Butler,803.0,2007,Unspecified,"Landfill, WTE",1.0,nan,U,0.0,0,0,0,0.0,0,0.0,0.0,0.0,0.0,0.0,0.0,121980.30000000002,0.0,0.0
3785,Pennsylvania,Butler,803.0,2008,Unspecified,"Landfill, WTE",1.0,nan,U,0.0,0,0,0,0.0,0,0.0,0.0,0.0,0.0,0.0,0.0,110724.2,0.0,0.0
3786,Pennsylvania,Butler,803.0,2009,Unspecified,"Landfill, WTE",1.0,nan,U,0.0,0,0,0,0.0,0,0.0,0.0,0.0,0.0,0.0,0.0,102145.20000000001,0.0,0.0
3787,Pennsylvania,Butler,803.0,2010,Unspecified,"Landfill, WTE",1.0,nan,U,0.0,0,0,0,0.0,0,0.0,0.0,0.0,0.0,0.0,0.0,106113.19999999998,0.0,0.0
3788,Pennsylvania,Butler,803.0,2011,Unspecified,"Landfill, WTE",1.0,nan,U,0.0,0,0,0,0.0,0,0.0,0.0,0.0,0.0,0.0,0.0,107363.3,0.0,0.0
3789,Pennsylvania,Butler,803.0,2012,Unspecified,"Landfill, WTE",1.0,nan,U,0.0,0,0,0,0.0,0,0.0,0.0,0.0,0.0,0.0,0.0,117059.1,0.0,0.0
3790,Pennsylvania,Butler,803.0,2013,Unspecified,"Landfill, WTE",1.0,nan,U,0.0,0,0,0,0.0,0,0.0,0.0,0.0,0.0,0.0,0.0,116372.3,0.0,0.0
3791,Pennsylvania,Butler,803.0,2014,Unspecified,"Landfill, WTE",1.0,nan,U,0.0,0,0,0,0.0,0,0.0,0.0,0.0,0.0,0.0,0.0,118951.3,0.0,0.0
3792,Pennsylvania,Butler,803.0,2015,Unspecified,"Landfill, WTE",1.0,nan,U,0.0,0,0,0,0.0,0,0.0,0.0,0.0,0.0,0.0,0.0,124538.4,0.0,0.0
3793,Pennsylvania,Butler,803.0,2016,Unspecified,"Landfill, WTE",1.0,nan,U,0.0,0,0,0,0.0,0,0.0,0.0,0.0,0.0,0.0,0.0,121893.90000000001,0.0,0.0
3794,Pennsylvania,Butler,803.0,2017,Unspecified,"Landfill, WTE",1.0,nan,U,0.0,0,0,0,0.0,0,0.0,0.0,0.0,0.0,0.0,0.0,126427.29999999999,0.0,0.0
3795,Pennsylvania,Butler,803.0,2018,Unspecified,"Landfill, WTE",1.0,nan,U,0.0,0,0,0,0.0,0,0.0,0.0,0.0,0.0,0.0,0.0,125677.3,0.0,0.0
3796,Pennsylvania,Butler,803.0,2019,Unspecified,"Landfill, WTE",1.0,nan,U,0.0,0,0,0,0.0,0,0.0,0.0,0.0,0.0,0.0,0.0,130766.1,0.0,0.0
3797,Pennsylvania,Butler,803.0,2020,Unspecified,"Landfill, WTE",1.0,nan,U,0.0,0,0,0,0.0,0,0.0,0.0,0.0,0.0,0.0,0.0,134113.7,0.0,0.0
3798,Pennsylvania,Butler,803.0,2021,Unspecified,"Landfill, WTE",1.0,nan,U,0.0,0,0,0,0.0,0,0.0,0.0,0.0,0.0,0.0,0.0,226618.4,0.0,0.0
3799,Pennsylvania,Butler,803.0,2022,Unspecified,"Landfill, WTE",1.0,nan,U,0.0,0,0,0,0.0,0,0.0,0.0,0.0,0.0,0.0,0.0,229643.3,0.0,0.0
3800,Pennsylvania,Butler,803.0,2023,Unspecified,"Landfill, WTE",1.0,nan,U,0.0,0,0,0,0.0,0,0.0,0.0,0.0,0.0,0.0,0.0,231964.1,0.0,0.0
3801,Pennsylvania,Butler,803.0,2024,Unspecified,"Landfill, WTE",1.0,nan,U,0.0,0,0,0,0.0,0,0.0,0.0,0.0,0.0,0.0,0.0,223675.60000000003,0.0,0.0
3802,Pennsylvania,Cambria,803.0,2000,Unspecified,"Landfill, WTE",1.0,nan,U,0.0,0,0,0,0.0,0,0.0,0.0,0.0,0.0,0.0,0.0,95111.3,0.0,0.0
3803,Pennsylvania,Cambria,803.0,2001,Unspecified,"Landfill, WTE",1.0,nan,U,0.0,0,0,0,0.0,0,0.0,0.0,0.0,0.0,0.0,0.0,93811.8,0.0,0.0
3804,Pennsylvania,Cambria,803.0,2002,Unspecified,"Landfill, WTE",1.0,nan,U,0.0,0,0,0,0.0,0,0.0,0.0,0.0,0.0,0.0,0.0,91382.6,0.0,0.0
3805,Pennsylvania,Cambria,803.0,2003,Unspecified,"Landfill, WTE",1.0,nan,U,0.0,0,0,0,0.0,0,0.0,0.0,0.0,0.0,0.0,0.0,95095.5,0.0,0.0
3806,Pennsylvania,Cambria,803.0,2004,Unspecified,"Landfill, WTE",1.0,nan,U,0.0,0,0,0,0.0,0,0.0,0.0,0.0,0.0,0.0,0.0,98593.40000000001,0.0,0.0
3807,Pennsylvania,Cambria,803.0,2005,Unspecified,"Landfill, WTE",1.0,nan,U,0.0,0,0,0,0.0,0,0.0,0.0,0.0,0.0,0.0,0.0,92143.6,0.0,0.0
3808,Pennsylvania,Cambria,803.0,2006,Unspecified,"Landfill, WTE",1.0,nan,U,0.0,0,0,0,0.0,0,0.0,0.0,0.0,0.0,0.0,0.0,97179.9,0.0,0.0
3809,Pennsylvania,Cambria,803.0,2007,Unspecified,"Landfill, WTE",1.0,nan,U,0.0,0,0,0,0.0,0,0.0,0.0,0.0,0.0,0.0,0.0,98923.6,0.0,0.0
3810,Pennsylvania,Cambria,803.0,2008,Unspecified,"Landfill, WTE",1.0,nan,U,0.0,0,0,0,0.0,0,0.0,0.0,0.0,0.0,0.0,0.0,96118.7,0.0,0.0
3811,Pennsylvania,Cambria,803.0,2009,Unspecified,"Landfill, WTE",1.0,nan,U,0.0,0,0,0,0.0,0,0.0,0.0,0.0,0.0,0.0,0.0,93403.2,0.0,0.0
3812,Pennsylvania,Cambria,803.0,2010,Unspecified,"Landfill, WTE",1.0,nan,U,0.0,0,0,0,0.0,0,0.0,0.0,0.0,0.0,0.0,0.0,89406.2,0.0,0.0
3813,Pennsylvania,Cambria,803.0,2011,Unspecified,"Landfill, WTE",1.0,nan,U,0.0,0,0,0,0.0,0,0.0,0.0,0.0,0.0,0.0,0.0,92255.2,0.0,0.0
3814,Pennsylvania,Cambria,803.0,2012,Unspecified,"Landfill, WTE",1.0,nan,U,0.0,0,0,0,0.0,0,0.0,0.0,0.0,0.0,0.0,0.0,92216.5,0.0,0.0
3815,Pennsylvania,Cambria,803.0,2013,Unspecified,"Landfill, WTE",1.0,nan,U,0.0,0,0,0,0.0,0,0.0,0.0,0.0,0.0,0.0,0.0,86888.1,0.0,0.0
3816,Pennsylvania,Cambria,803.0,2014,Unspecified,"Landfill, WTE",1.0,nan,U,0.0,0,0,0,0.0,0,0.0,0.0,0.0,0.0,0.0,0.0,92030.3,0.0,0.0
3817,Pennsylvania,Cambria,803.0,2015,Unspecified,"Landfill, WTE",1.0,nan,U,0.0,0,0,0,0.0,0,0.0,0.0,0.0,0.0,0.0,0.0,94518.0,0.0,0.0
3818,Pennsylvania,Cambria,803.0,2016,Unspecified,"Landfill, WTE",1.0,nan,U,0.0,0,0,0,0.0,0,0.0,0.0,0.0,0.0,0.0,0.0,90110.1,0.0,0.0
3819,Pennsylvania,Cambria,803.0,2017,Unspecified,"Landfill, WTE",1.0,nan,U,0.0,0,0,0,0.0,0,0.0,0.0,0.0,0.0,0.0,0.0,93964.7,0.0,0.0
3820,Pennsylvania,Cambria,803.0,2018,Unspecified,"Landfill, WTE",1.0,nan,U,0.0,0,0,0,0.0,0,0.0,0.0,0.0,0.0,0.0,0.0,92930.7,0.0,0.0
3821,Pennsylvania,Cambria,803.0,2019,Unspecified,"Landfill, WTE",1.0,nan,U,0.0,0,0,0,0.0,0,0.0,0.0,0.0,0.0,0.0,0.0,88330.60000000002,0.0,0.0
3822,Pennsylvania,Cambria,803.0,2020,Unspecified,"Landfill, WTE",1.0,nan,U,0.0,0,0,0,0.0,0,0.0,0.0,0.0,0.0,0.0,0.0,89763.9,0.0,0.0
3823,Pennsylvania,Cambria,803.0,2021,Unspecified,"Landfill, WTE",1.0,nan,U,0.0,0,0,0,0.0,0,0.0,0.0,0.0,0.0,0.0,0.0,91225.3,0.0,0.0
3824,Pennsylvania,Cambria,803.0,2022,Unspecified,"Landfill, WTE",1.0,nan,U,0.0,0,0,0,0.0,0,0.0,0.0,0.0,0.0,0.0,0.0,86487.5,0.0,0.0
3825,Pennsylvania,Cambria,803.0,2023,Unspecified,"Landfill, WTE",1.0,nan,U,0.0,0,0,0,0.0,0,0.0,0.0,0.0,0.0,0.0,0.0,90311.40000000001,0.0,0.0
3826,Pennsylvania,Cambria,803.0,2024,Unspecified,"Landfill, WTE",1.0,nan,U,0.0,0,0,0,0.0,0,0.0,0.0,0.0,0.0,0.0,0.0,90550.8,0.0,0.0
3827,Pennsylvania,Cameron,803.0,2000,Unspecified,"Landfill, WTE",1.0,nan,U,0.0,0,0,0,0.0,0,0.0,0.0,0.0,0.0,0.0,0.0,3465.5,0.0,0.0
3828,Pennsylvania,Cameron,803.0,2001,Unspecified,"Landfill, WTE",1.0,nan,U,0.0,0,0,0,0.0,0,0.0,0.0,0.0,0.0,0.0,0.0,3645.5,0.0,0.0
3829,Pennsylvania,Cameron,803.0,2002,Unspecified,"Landfill, WTE",1.0,nan,U,0.0,0,0,0,0.0,0,0.0,0.0,0.0,0.0,0.0,0.0,3373.4,0.0,0.0
3830,Pennsylvania,Cameron,803.0,2003,Unspecified,"Landfill, WTE",1.0,nan,U,0.0,0,0,0,0.0,0,0.0,0.0,0.0,0.0,0.0,0.0,3701.1,0.0,0.0
3831,Pennsylvania,Cameron,803.0,2004,Unspecified,"Landfill, WTE",1.0,nan,U,0.0,0,0,0,0.0,0,0.0,0.0,0.0,0.0,0.0,0.0,3703.7000000000003,0.0,0.0
3832,Pennsylvania,Cameron,803.0,2005,Unspecified,"Landfill, WTE",1.0,nan,U,0.0,0,0,0,0.0,0,0.0,0.0,0.0,0.0,0.0,0.0,3377.8,0.0,0.0
3833,Pennsylvania,Cameron,803.0,2006,Unspecified,"Landfill, WTE",1.0,nan,U,0.0,0,0,0,0.0,0,0.0,0.0,0.0,0.0,0.0,0.0,3326.6000000000004,0.0,0.0
3834,Pennsylvania,Cameron,803.0,2007,Unspecified,"Landfill, WTE",1.0,nan,U,0.0,0,0,0,0.0,0,0.0,0.0,0.0,0.0,0.0,0.0,3283.6,0.0,0.0
3835,Pennsylvania,Cameron,803.0,2008,Unspecified,"Landfill, WTE",1.0,nan,U,0.0,0,0,0,0.0,0,0.0,0.0,0.0,0.0,0.0,0.0,3045.8,0.0,0.0
3836,Pennsylvania,Cameron,803.0,2009,Unspecified,"Landfill, WTE",1.0,nan,U,0.0,0,0,0,0.0,0,0.0,0.0,0.0,0.0,0.0,0.0,2850.9,0.0,0.0
3837,Pennsylvania,Cameron,803.0,2010,Unspecified,"Landfill, WTE",1.0,nan,U,0.0,0,0,0,0.0,0,0.0,0.0,0.0,0.0,0.0,0.0,2838.6,0.0,0.0
3838,Pennsylvania,Cameron,803.0,2011,Unspecified,"Landfill, WTE",1.0,nan,U,0.0,0,0,0,0.0,0,0.0,0.0,0.0,0.0,0.0,0.0,3057.6,0.0,0.0
3839,Pennsylvania,Cameron,803.0,2012,Unspecified,"Landfill, WTE",1.0,nan,U,0.0,0,0,0,0.0,0,0.0,0.0,0.0,0.0,0.0,0.0,2750.6,0.0,0.0
3840,Pennsylvania,Cameron,803.0,2013,Unspecified,"Landfill, WTE",1.0,nan,U,0.0,0,0,0,0.0,0,0.0,0.0,0.0,0.0,0.0,0.0,2695.1,0.0,0.0
3841,Pennsylvania,Cameron,803.0,2014,Unspecified,"Landfill, WTE",1.0,nan,U,0.0,0,0,0,0.0,0,0.0,0.0,0.0,0.0,0.0,0.0,2678.6,0.0,0.0
3842,Pennsylvania,Cameron,803.0,2015,Unspecified,"Landfill, WTE",1.0,nan,U,0.0,0,0,0,0.0,0,0.0,0.0,0.0,0.0,0.0,0.0,2772.6,0.0,0.0
3843,Pennsylvania,Cameron,803.0,2016,Unspecified,"Landfill, WTE",1.0,nan,U,0.0,0,0,0,0.0,0,0.0,0.0,0.0,0.0,0.0,0.0,2715.7,0.0,0.0
3844,Pennsylvania,Cameron,803.0,2017,Unspecified,"Landfill, WTE",1.0,nan,U,0.0,0,0,0,0.0,0,0.0,0.0,0.0,0.0,0.0,0.0,2742.7000000000003,0.0,0.0
3845,Pennsylvania,Cameron,803.0,2018,Unspecified,"Landfill, WTE",1.0,nan,U,0.0,0,0,0,0.0,0,0.0,0.0,0.0,0.0,0.0,0.0,2684.2000000000003,0.0,0.0
3846,Pennsylvania,Cameron,803.0,2019,Unspecified,"Landfill, WTE",1.0,nan,U,0.0,0,0,0,0.0,0,0.0,0.0,0.0,0.0,0.0,0.0,2634.3,0.0,0.0
3847,Pennsylvania,Cameron,803.0,2020,Unspecified,"Landfill, WTE",1.0,nan,U,0.0,0,0,0,0.0,0,0.0,0.0,0.0,0.0,0.0,0.0,2751.0,0.0,0.0
3848,Pennsylvania,Cameron,803.0,2021,Unspecified,"Landfill, WTE",1.0,nan,U,0.0,0,0,0,0.0,0,0.0,0.0,0.0,0.0,0.0,0.0,2823.2999999999997,0.0,0.0
3849,Pennsylvania,Cameron,803.0,2022,Unspecified,"Landfill, WTE",1.0,nan,U,0.0,0,0,0,0.0,0,0.0,0.0,0.0,0.0,0.0,0.0,2697.7,0.0,0.0
3850,Pennsylvania,Cameron,803.0,2023,Unspecified,"Landfill, WTE",1.0,nan,U,0.0,0,0,0,0.0,0,0.0,0.0,0.0,0.0,0.0,0.0,2697.2,0.0,0.0
3851,Pennsylvania,Cameron,803.0,2024,Unspecified,"Landfill, WTE",1.0,nan,U,0.0,0,0,0,0.0,0,0.0,0.0,0.0,0.0,0.0,0.0,2734.0,0.0,0.0
3852,Pennsylvania,Carbon,803.0,2000,Unspecified,"Landfill, WTE",1.0,nan,U,0.0,0,0,0,0.0,0,0.0,0.0,0.0,0.0,0.0,0.0,19271.7,0.0,0.0
3853,Pennsylvania,Carbon,803.0,2001,Unspecified,"Landfill, WTE",1.0,nan,U,0.0,0,0,0,0.0,0,0.0,0.0,0.0,0.0,0.0,0.0,19079.6,0.0,0.0
3854,Pennsylvania,Carbon,803.0,2002,Unspecified,"Landfill, WTE",1.0,nan,U,0.0,0,0,0,0.0,0,0.0,0.0,0.0,0.0,0.0,0.0,17172.399999999998,0.0,0.0
3855,Pennsylvania,Carbon,803.0,2003,Unspecified,"Landfill, WTE",1.0,nan,U,0.0,0,0,0,0.0,0,0.0,0.0,0.0,0.0,0.0,0.0,15987.6,0.0,0.0
3856,Pennsylvania,Carbon,803.0,2004,Unspecified,"Landfill, WTE",1.0,nan,U,0.0,0,0,0,0.0,0,0.0,0.0,0.0,0.0,0.0,0.0,13921.0,0.0,0.0
3857,Pennsylvania,Carbon,803.0,2005,Unspecified,"Landfill, WTE",1.0,nan,U,0.0,0,0,0,0.0,0,0.0,0.0,0.0,0.0,0.0,0.0,31263.999999999996,0.0,0.0
3858,Pennsylvania,Carbon,803.0,2006,Unspecified,"Landfill, WTE",1.0,nan,U,0.0,0,0,0,0.0,0,0.0,0.0,0.0,0.0,0.0,0.0,28911.399999999998,0.0,0.0
3859,Pennsylvania,Carbon,803.0,2007,Unspecified,"Landfill, WTE",1.0,nan,U,0.0,0,0,0,0.0,0,0.0,0.0,0.0,0.0,0.0,0.0,31599.399999999998,0.0,0.0
3860,Pennsylvania,Carbon,803.0,2008,Unspecified,"Landfill, WTE",1.0,nan,U,0.0,0,0,0,0.0,0,0.0,0.0,0.0,0.0,0.0,0.0,32560.100000000002,0.0,0.0
3861,Pennsylvania,Carbon,803.0,2009,Unspecified,"Landfill, WTE",1.0,nan,U,0.0,0,0,0,0.0,0,0.0,0.0,0.0,0.0,0.0,0.0,30246.5,0.0,0.0
3862,Pennsylvania,Carbon,803.0,2010,Unspecified,"Landfill, WTE",1.0,nan,U,0.0,0,0,0,0.0,0,0.0,0.0,0.0,0.0,0.0,0.0,30481.100000000002,0.0,0.0
3863,Pennsylvania,Carbon,803.0,2011,Unspecified,"Landfill, WTE",1.0,nan,U,0.0,0,0,0,0.0,0,0.0,0.0,0.0,0.0,0.0,0.0,35972.5,0.0,0.0
3864,Pennsylvania,Carbon,803.0,2012,Unspecified,"Landfill, WTE",1.0,nan,U,0.0,0,0,0,0.0,0,0.0,0.0,0.0,0.0,0.0,0.0,34477.5,0.0,0.0
3865,Pennsylvania,Carbon,803.0,2013,Unspecified,"Landfill, WTE",1.0,nan,U,0.0,0,0,0,0.0,0,0.0,0.0,0.0,0.0,0.0,0.0,23691.199999999997,0.0,0.0
3866,Pennsylvania,Carbon,803.0,2014,Unspecified,"Landfill, WTE",1.0,nan,U,0.0,0,0,0,0.0,0,0.0,0.0,0.0,0.0,0.0,0.0,21025.5,0.0,0.0
3867,Pennsylvania,Carbon,803.0,2015,Unspecified,"Landfill, WTE",1.0,nan,U,0.0,0,0,0,0.0,0,0.0,0.0,0.0,0.0,0.0,0.0,27744.200000000004,0.0,0.0
3868,Pennsylvania,Carbon,803.0,2016,Unspecified,"Landfill, WTE",1.0,nan,U,0.0,0,0,0,0.0,0,0.0,0.0,0.0,0.0,0.0,0.0,28175.899999999998,0.0,0.0
3869,Pennsylvania,Carbon,803.0,2017,Unspecified,"Landfill, WTE",1.0,nan,U,0.0,0,0,0,0.0,0,0.0,0.0,0.0,0.0,0.0,0.0,25417.3,0.0,0.0
3870,Pennsylvania,Carbon,803.0,2018,Unspecified,"Landfill, WTE",1.0,nan,U,0.0,0,0,0,0.0,0,0.0,0.0,0.0,0.0,0.0,0.0,26879.5,0.0,0.0
3871,Pennsylvania,Carbon,803.0,2019,Unspecified,"Landfill, WTE",1.0,nan,U,0.0,0,0,0,0.0,0,0.0,0.0,0.0,0.0,0.0,0.0,28578.399999999998,0.0,0.0
3872,Pennsylvania,Carbon,803.0,2020,Unspecified,"Landfill, WTE",1.0,nan,U,0.0,0,0,0,0.0,0,0.0,0.0,0.0,0.0,0.0,0.0,26605.0,0.0,0.0
3873,Pennsylvania,Carbon,803.0,2021,Unspecified,"Landfill, WTE",1.0,nan,U,0.0,0,0,0,0.0,0,0.0,0.0,0.0,0.0,0.0,0.0,34523.6,0.0,0.0
3874,Pennsylvania,Carbon,803.0,2022,Unspecified,"Landfill, WTE",1.0,nan,U,0.0,0,0,0,0.0,0,0.0,0.0,0.0,0.0,0.0,0.0,39624.799999999996,0.0,0.0
3875,Pennsylvania,Carbon,803.0,2023,Unspecified,"Landfill, WTE",1.0,nan,U,0.0,0,0,0,0.0,0,0.0,0.0,0.0,0.0,0.0,0.0,41277.100000000006,0.0,0.0
3876,Pennsylvania,Carbon,803.0,2024,Unspecified,"Landfill, WTE",1.0,nan,U,0.0,0,0,0,0.0,0,0.0,0.0,0.0,0.0,0.0,0.0,41021.6,0.0,0.0
3877,Pennsylvania,Centre,803.0,2000,Unspecified,"Landfill, WTE",1.0,nan,U,0.0,0,0,0,0.0,0,0.0,0.0,0.0,0.0,0.0,0.0,96803.3,0.0,0.0
3878,Pennsylvania,Centre,803.0,2001,Unspecified,"Landfill, WTE",1.0,nan,U,0.0,0,0,0,0.0,0,0.0,0.0,0.0,0.0,0.0,0.0,100354.3,0.0,0.0
3879,Pennsylvania,Centre,803.0,2002,Unspecified,"Landfill, WTE",1.0,nan,U,0.0,0,0,0,0.0,0,0.0,0.0,0.0,0.0,0.0,0.0,103208.09999999999,0.0,0.0
3880,Pennsylvania,Centre,803.0,2003,Unspecified,"Landfill, WTE",1.0,nan,U,0.0,0,0,0,0.0,0,0.0,0.0,0.0,0.0,0.0,0.0,108347.0,0.0,0.0
3881,Pennsylvania,Centre,803.0,2004,Unspecified,"Landfill, WTE",1.0,nan,U,0.0,0,0,0,0.0,0,0.0,0.0,0.0,0.0,0.0,0.0,115484.2,0.0,0.0
3882,Pennsylvania,Centre,803.0,2005,Unspecified,"Landfill, WTE",1.0,nan,U,0.0,0,0,0,0.0,0,0.0,0.0,0.0,0.0,0.0,0.0,107882.5,0.0,0.0
3883,Pennsylvania,Centre,803.0,2006,Unspecified,"Landfill, WTE",1.0,nan,U,0.0,0,0,0,0.0,0,0.0,0.0,0.0,0.0,0.0,0.0,109702.5,0.0,0.0
3884,Pennsylvania,Centre,803.0,2007,Unspecified,"Landfill, WTE",1.0,nan,U,0.0,0,0,0,0.0,0,0.0,0.0,0.0,0.0,0.0,0.0,105868.3,0.0,0.0
3885,Pennsylvania,Centre,803.0,2008,Unspecified,"Landfill, WTE",1.0,nan,U,0.0,0,0,0,0.0,0,0.0,0.0,0.0,0.0,0.0,0.0,99728.6,0.0,0.0
3886,Pennsylvania,Centre,803.0,2009,Unspecified,"Landfill, WTE",1.0,nan,U,0.0,0,0,0,0.0,0,0.0,0.0,0.0,0.0,0.0,0.0,91685.8,0.0,0.0
3887,Pennsylvania,Centre,803.0,2010,Unspecified,"Landfill, WTE",1.0,nan,U,0.0,0,0,0,0.0,0,0.0,0.0,0.0,0.0,0.0,0.0,90224.4,0.0,0.0
3888,Pennsylvania,Centre,803.0,2011,Unspecified,"Landfill, WTE",1.0,nan,U,0.0,0,0,0,0.0,0,0.0,0.0,0.0,0.0,0.0,0.0,91739.4,0.0,0.0
3889,Pennsylvania,Centre,803.0,2012,Unspecified,"Landfill, WTE",1.0,nan,U,0.0,0,0,0,0.0,0,0.0,0.0,0.0,0.0,0.0,0.0,89269.79999999999,0.0,0.0
3890,Pennsylvania,Centre,803.0,2013,Unspecified,"Landfill, WTE",1.0,nan,U,0.0,0,0,0,0.0,0,0.0,0.0,0.0,0.0,0.0,0.0,99948.8,0.0,0.0
3891,Pennsylvania,Centre,803.0,2014,Unspecified,"Landfill, WTE",1.0,nan,U,0.0,0,0,0,0.0,0,0.0,0.0,0.0,0.0,0.0,0.0,96915.09999999999,0.0,0.0
3892,Pennsylvania,Centre,803.0,2015,Unspecified,"Landfill, WTE",1.0,nan,U,0.0,0,0,0,0.0,0,0.0,0.0,0.0,0.0,0.0,0.0,96994.5,0.0,0.0
3893,Pennsylvania,Centre,803.0,2016,Unspecified,"Landfill, WTE",1.0,nan,U,0.0,0,0,0,0.0,0,0.0,0.0,0.0,0.0,0.0,0.0,101489.29999999999,0.0,0.0
3894,Pennsylvania,Centre,803.0,2017,Unspecified,"Landfill, WTE",1.0,nan,U,0.0,0,0,0,0.0,0,0.0,0.0,0.0,0.0,0.0,0.0,104888.3,0.0,0.0
3895,Pennsylvania,Centre,803.0,2018,Unspecified,"Landfill, WTE",1.0,nan,U,0.0,0,0,0,0.0,0,0.0,0.0,0.0,0.0,0.0,0.0,115936.0,0.0,0.0
3896,Pennsylvania,Centre,803.0,2019,Unspecified,"Landfill, WTE",1.0,nan,U,0.0,0,0,0,0.0,0,0.0,0.0,0.0,0.0,0.0,0.0,116885.09999999999,0.0,0.0
3897,Pennsylvania,Centre,803.0,2020,Unspecified,"Landfill, WTE",1.0,nan,U,0.0,0,0,0,0.0,0,0.0,0.0,0.0,0.0,0.0,0.0,103804.7,0.0,0.0
3898,Pennsylvania,Centre,803.0,2021,Unspecified,"Landfill, WTE",1.0,nan,U,0.0,0,0,0,0.0,0,0.0,0.0,0.0,0.0,0.0,0.0,109515.59999999999,0.0,0.0
3899,Pennsylvania,Centre,803.0,2022,Unspecified,"Landfill, WTE",1.0,nan,U,0.0,0,0,0,0.0,0,0.0,0.0,0.0,0.0,0.0,0.0,110883.2,0.0,0.0
3900,Pennsylvania,Centre,803.0,2023,Unspecified,"Landfill, WTE",1.0,nan,U,0.0,0,0,0,0.0,0,0.0,0.0,0.0,0.0,0.0,0.0,114440.9,0.0,0.0
3901,Pennsylvania,Centre,803.0,2024,Unspecified,"Landfill, WTE",1.0,nan,U,0.0,0,0,0,0.0,0,0.0,0.0,0.0,0.0,0.0,0.0,116989.5,0.0,0.0
3902,Pennsylvania,Chester,803.0,2000,Unspecified,"Landfill, WTE",1.0,nan,U,0.0,0,0,0,0.0,0,0.0,0.0,0.0,0.0,0.0,0.0,318749.1,0.0,0.0
3903,Pennsylvania,Chester,803.0,2001,Unspecified,"Landfill, WTE",1.0,nan,U,0.0,0,0,0,0.0,0,0.0,0.0,0.0,0.0,0.0,0.0,355319.39999999997,0.0,0.0
3904,Pennsylvania,Chester,803.0,2002,Unspecified,"Landfill, WTE",1.0,nan,U,0.0,0,0,0,0.0,0,0.0,0.0,0.0,0.0,0.0,0.0,368320.1,0.0,0.0
3905,Pennsylvania,Chester,803.0,2003,Unspecified,"Landfill, WTE",1.0,nan,U,0.0,0,0,0,0.0,0,0.0,0.0,0.0,0.0,0.0,0.0,390245.5,0.0,0.0
3906,Pennsylvania,Chester,803.0,2004,Unspecified,"Landfill, WTE",1.0,nan,U,0.0,0,0,0,0.0,0,0.0,0.0,0.0,0.0,0.0,0.0,412399.6,0.0,0.0
3907,Pennsylvania,Chester,803.0,2005,Unspecified,"Landfill, WTE",1.0,nan,U,0.0,0,0,0,0.0,0,0.0,0.0,0.0,0.0,0.0,0.0,379505.29999999993,0.0,0.0
3908,Pennsylvania,Chester,803.0,2006,Unspecified,"Landfill, WTE",1.0,nan,U,0.0,0,0,0,0.0,0,0.0,0.0,0.0,0.0,0.0,0.0,396444.69999999995,0.0,0.0
3909,Pennsylvania,Chester,803.0,2007,Unspecified,"Landfill, WTE",1.0,nan,U,0.0,0,0,0,0.0,0,0.0,0.0,0.0,0.0,0.0,0.0,335186.2,0.0,0.0
3910,Pennsylvania,Chester,803.0,2008,Unspecified,"Landfill, WTE",1.0,nan,U,0.0,0,0,0,0.0,0,0.0,0.0,0.0,0.0,0.0,0.0,365706.0,0.0,0.0
3911,Pennsylvania,Chester,803.0,2009,Unspecified,"Landfill, WTE",1.0,nan,U,0.0,0,0,0,0.0,0,0.0,0.0,0.0,0.0,0.0,0.0,341008.49999999994,0.0,0.0
3912,Pennsylvania,Chester,803.0,2010,Unspecified,"Landfill, WTE",1.0,nan,U,0.0,0,0,0,0.0,0,0.0,0.0,0.0,0.0,0.0,0.0,326633.89999999997,0.0,0.0
3913,Pennsylvania,Chester,803.0,2011,Unspecified,"Landfill, WTE",1.0,nan,U,0.0,0,0,0,0.0,0,0.0,0.0,0.0,0.0,0.0,0.0,331889.10000000003,0.0,0.0
3914,Pennsylvania,Chester,803.0,2012,Unspecified,"Landfill, WTE",1.0,nan,U,0.0,0,0,0,0.0,0,0.0,0.0,0.0,0.0,0.0,0.0,318831.70000000007,0.0,0.0
3915,Pennsylvania,Chester,803.0,2013,Unspecified,"Landfill, WTE",1.0,nan,U,0.0,0,0,0,0.0,0,0.0,0.0,0.0,0.0,0.0,0.0,315092.80000000005,0.0,0.0
3916,Pennsylvania,Chester,803.0,2014,Unspecified,"Landfill, WTE",1.0,nan,U,0.0,0,0,0,0.0,0,0.0,0.0,0.0,0.0,0.0,0.0,307146.6,0.0,0.0
3917,Pennsylvania,Chester,803.0,2015,Unspecified,"Landfill, WTE",1.0,nan,U,0.0,0,0,0,0.0,0,0.0,0.0,0.0,0.0,0.0,0.0,294753.5,0.0,0.0
3918,Pennsylvania,Chester,803.0,2016,Unspecified,"Landfill, WTE",1.0,nan,U,0.0,0,0,0,0.0,0,0.0,0.0,0.0,0.0,0.0,0.0,288094.2,0.0,0.0
3919,Pennsylvania,Chester,803.0,2017,Unspecified,"Landfill, WTE",1.0,nan,U,0.0,0,0,0,0.0,0,0.0,0.0,0.0,0.0,0.0,0.0,287261.39999999997,0.0,0.0
3920,Pennsylvania,Chester,803.0,2018,Unspecified,"Landfill, WTE",1.0,nan,U,0.0,0,0,0,0.0,0,0.0,0.0,0.0,0.0,0.0,0.0,296936.60000000003,0.0,0.0
3921,Pennsylvania,Chester,803.0,2019,Unspecified,"Landfill, WTE",1.0,nan,U,0.0,0,0,0,0.0,0,0.0,0.0,0.0,0.0,0.0,0.0,304496.9,0.0,0.0
3922,Pennsylvania,Chester,803.0,2020,Unspecified,"Landfill, WTE",1.0,nan,U,0.0,0,0,0,0.0,0,0.0,0.0,0.0,0.0,0.0,0.0,293057.7,0.0,0.0
3923,Pennsylvania,Chester,803.0,2021,Unspecified,"Landfill, WTE",1.0,nan,U,0.0,0,0,0,0.0,0,0.0,0.0,0.0,0.0,0.0,0.0,299942.50000000006,0.0,0.0
3924,Pennsylvania,Chester,803.0,2022,Unspecified,"Landfill, WTE",1.0,nan,U,0.0,0,0,0,0.0,0,0.0,0.0,0.0,0.0,0.0,0.0,286337.0,0.0,0.0
3925,Pennsylvania,Chester,803.0,2023,Unspecified,"Landfill, WTE",1.0,nan,U,0.0,0,0,0,0.0,0,0.0,0.0,0.0,0.0,0.0,0.0,275354.6,0.0,0.0
3926,Pennsylvania,Chester,803.0,2024,Unspecified,"Landfill, WTE",1.0,nan,U,0.0,0,0,0,0.0,0,0.0,0.0,0.0,0.0,0.0,0.0,271185.10000000003,0.0,0.0
3927,Pennsylvania,Clarion,803.0,2000,Unspecified,"Landfill, WTE",1.0,nan,U,0.0,0,0,0,0.0,0,0.0,0.0,0.0,0.0,0.0,0.0,25936.5,0.0,0.0
3928,Pennsylvania,Clarion,803.0,2001,Unspecified,"Landfill, WTE",1.0,nan,U,0.0,0,0,0,0.0,0,0.0,0.0,0.0,0.0,0.0,0.0,23710.5,0.0,0.0
3929,Pennsylvania,Clarion,803.0,2002,Unspecified,"Landfill, WTE",1.0,nan,U,0.0,0,0,0,0.0,0,0.0,0.0,0.0,0.0,0.0,0.0,32390.499999999996,0.0,0.0
3930,Pennsylvania,Clarion,803.0,2003,Unspecified,"Landfill, WTE",1.0,nan,U,0.0,0,0,0,0.0,0,0.0,0.0,0.0,0.0,0.0,0.0,26361.0,0.0,0.0
3931,Pennsylvania,Clarion,803.0,2004,Unspecified,"Landfill, WTE",1.0,nan,U,0.0,0,0,0,0.0,0,0.0,0.0,0.0,0.0,0.0,0.0,26484.1,0.0,0.0
3932,Pennsylvania,Clarion,803.0,2005,Unspecified,"Landfill, WTE",1.0,nan,U,0.0,0,0,0,0.0,0,0.0,0.0,0.0,0.0,0.0,0.0,24039.800000000003,0.0,0.0
3933,Pennsylvania,Clarion,803.0,2006,Unspecified,"Landfill, WTE",1.0,nan,U,0.0,0,0,0,0.0,0,0.0,0.0,0.0,0.0,0.0,0.0,24715.6,0.0,0.0
3934,Pennsylvania,Clarion,803.0,2007,Unspecified,"Landfill, WTE",1.0,nan,U,0.0,0,0,0,0.0,0,0.0,0.0,0.0,0.0,0.0,0.0,24951.899999999998,0.0,0.0
3935,Pennsylvania,Clarion,803.0,2008,Unspecified,"Landfill, WTE",1.0,nan,U,0.0,0,0,0,0.0,0,0.0,0.0,0.0,0.0,0.0,0.0,29881.699999999997,0.0,0.0
3936,Pennsylvania,Clarion,803.0,2009,Unspecified,"Landfill, WTE",1.0,nan,U,0.0,0,0,0,0.0,0,0.0,0.0,0.0,0.0,0.0,0.0,39149.49999999999,0.0,0.0
3937,Pennsylvania,Clarion,803.0,2010,Unspecified,"Landfill, WTE",1.0,nan,U,0.0,0,0,0,0.0,0,0.0,0.0,0.0,0.0,0.0,0.0,42015.7,0.0,0.0
3938,Pennsylvania,Clarion,803.0,2011,Unspecified,"Landfill, WTE",1.0,nan,U,0.0,0,0,0,0.0,0,0.0,0.0,0.0,0.0,0.0,0.0,42666.4,0.0,0.0
3939,Pennsylvania,Clarion,803.0,2012,Unspecified,"Landfill, WTE",1.0,nan,U,0.0,0,0,0,0.0,0,0.0,0.0,0.0,0.0,0.0,0.0,41184.3,0.0,0.0
3940,Pennsylvania,Clarion,803.0,2013,Unspecified,"Landfill, WTE",1.0,nan,U,0.0,0,0,0,0.0,0,0.0,0.0,0.0,0.0,0.0,0.0,39216.2,0.0,0.0
3941,Pennsylvania,Clarion,803.0,2014,Unspecified,"Landfill, WTE",1.0,nan,U,0.0,0,0,0,0.0,0,0.0,0.0,0.0,0.0,0.0,0.0,38176.299999999996,0.0,0.0
3942,Pennsylvania,Clarion,803.0,2015,Unspecified,"Landfill, WTE",1.0,nan,U,0.0,0,0,0,0.0,0,0.0,0.0,0.0,0.0,0.0,0.0,37202.200000000004,0.0,0.0
3943,Pennsylvania,Clarion,803.0,2016,Unspecified,"Landfill, WTE",1.0,nan,U,0.0,0,0,0,0.0,0,0.0,0.0,0.0,0.0,0.0,0.0,38161.1,0.0,0.0
3944,Pennsylvania,Clarion,803.0,2017,Unspecified,"Landfill, WTE",1.0,nan,U,0.0,0,0,0,0.0,0,0.0,0.0,0.0,0.0,0.0,0.0,38165.299999999996,0.0,0.0
3945,Pennsylvania,Clarion,803.0,2018,Unspecified,"Landfill, WTE",1.0,nan,U,0.0,0,0,0,0.0,0,0.0,0.0,0.0,0.0,0.0,0.0,42285.4,0.0,0.0
3946,Pennsylvania,Clarion,803.0,2019,Unspecified,"Landfill, WTE",1.0,nan,U,0.0,0,0,0,0.0,0,0.0,0.0,0.0,0.0,0.0,0.0,41001.100000000006,0.0,0.0
3947,Pennsylvania,Clarion,803.0,2020,Unspecified,"Landfill, WTE",1.0,nan,U,0.0,0,0,0,0.0,0,0.0,0.0,0.0,0.0,0.0,0.0,38841.700000000004,0.0,0.0
3948,Pennsylvania,Clarion,803.0,2021,Unspecified,"Landfill, WTE",1.0,nan,U,0.0,0,0,0,0.0,0,0.0,0.0,0.0,0.0,0.0,0.0,39646.1,0.0,0.0
3949,Pennsylvania,Clarion,803.0,2022,Unspecified,"Landfill, WTE",1.0,nan,U,0.0,0,0,0,0.0,0,0.0,0.0,0.0,0.0,0.0,0.0,34771.7,0.0,0.0
3950,Pennsylvania,Clarion,803.0,2023,Unspecified,"Landfill, WTE",1.0,nan,U,0.0,0,0,0,0.0,0,0.0,0.0,0.0,0.0,0.0,0.0,36931.8,0.0,0.0
3951,Pennsylvania,Clarion,803.0,2024,Unspecified,"Landfill, WTE",1.0,nan,U,0.0,0,0,0,0.0,0,0.0,0.0,0.0,0.0,0.0,0.0,37146.700000000004,0.0,0.0
3952,Pennsylvania,Clearfield,803.0,2000,Unspecified,"Landfill, WTE",1.0,nan,U,0.0,0,0,0,0.0,0,0.0,0.0,0.0,0.0,0.0,0.0,51081.5,0.0,0.0
3953,Pennsylvania,Clearfield,803.0,2001,Unspecified,"Landfill, WTE",1.0,nan,U,0.0,0,0,0,0.0,0,0.0,0.0,0.0,0.0,0.0,0.0,52320.3,0.0,0.0
3954,Pennsylvania,Clearfield,803.0,2002,Unspecified,"Landfill, WTE",1.0,nan,U,0.0,0,0,0,0.0,0,0.0,0.0,0.0,0.0,0.0,0.0,53958.399999999994,0.0,0.0
3955,Pennsylvania,Clearfield,803.0,2003,Unspecified,"Landfill, WTE",1.0,nan,U,0.0,0,0,0,0.0,0,0.0,0.0,0.0,0.0,0.0,0.0,57629.700000000004,0.0,0.0
3956,Pennsylvania,Clearfield,803.0,2004,Unspecified,"Landfill, WTE",1.0,nan,U,0.0,0,0,0,0.0,0,0.0,0.0,0.0,0.0,0.0,0.0,59994.0,0.0,0.0
3957,Pennsylvania,Clearfield,803.0,2005,Unspecified,"Landfill, WTE",1.0,nan,U,0.0,0,0,0,0.0,0,0.0,0.0,0.0,0.0,0.0,0.0,55945.799999999996,0.0,0.0
3958,Pennsylvania,Clearfield,803.0,2006,Unspecified,"Landfill, WTE",1.0,nan,U,0.0,0,0,0,0.0,0,0.0,0.0,0.0,0.0,0.0,0.0,57916.6,0.0,0.0
3959,Pennsylvania,Clearfield,803.0,2007,Unspecified,"Landfill, WTE",1.0,nan,U,0.0,0,0,0,0.0,0,0.0,0.0,0.0,0.0,0.0,0.0,55188.09999999999,0.0,0.0
3960,Pennsylvania,Clearfield,803.0,2008,Unspecified,"Landfill, WTE",1.0,nan,U,0.0,0,0,0,0.0,0,0.0,0.0,0.0,0.0,0.0,0.0,53292.4,0.0,0.0
3961,Pennsylvania,Clearfield,803.0,2009,Unspecified,"Landfill, WTE",1.0,nan,U,0.0,0,0,0,0.0,0,0.0,0.0,0.0,0.0,0.0,0.0,53933.0,0.0,0.0
3962,Pennsylvania,Clearfield,803.0,2010,Unspecified,"Landfill, WTE",1.0,nan,U,0.0,0,0,0,0.0,0,0.0,0.0,0.0,0.0,0.0,0.0,54448.3,0.0,0.0
3963,Pennsylvania,Clearfield,803.0,2011,Unspecified,"Landfill, WTE",1.0,nan,U,0.0,0,0,0,0.0,0,0.0,0.0,0.0,0.0,0.0,0.0,56260.0,0.0,0.0
3964,Pennsylvania,Clearfield,803.0,2012,Unspecified,"Landfill, WTE",1.0,nan,U,0.0,0,0,0,0.0,0,0.0,0.0,0.0,0.0,0.0,0.0,51384.1,0.0,0.0
3965,Pennsylvania,Clearfield,803.0,2013,Unspecified,"Landfill, WTE",1.0,nan,U,0.0,0,0,0,0.0,0,0.0,0.0,0.0,0.0,0.0,0.0,48486.6,0.0,0.0
3966,Pennsylvania,Clearfield,803.0,2014,Unspecified,"Landfill, WTE",1.0,nan,U,0.0,0,0,0,0.0,0,0.0,0.0,0.0,0.0,0.0,0.0,46236.5,0.0,0.0
3967,Pennsylvania,Clearfield,803.0,2015,Unspecified,"Landfill, WTE",1.0,nan,U,0.0,0,0,0,0.0,0,0.0,0.0,0.0,0.0,0.0,0.0,47457.0,0.0,0.0
3968,Pennsylvania,Clearfield,803.0,2016,Unspecified,"Landfill, WTE",1.0,nan,U,0.0,0,0,0,0.0,0,0.0,0.0,0.0,0.0,0.0,0.0,47144.2,0.0,0.0
3969,Pennsylvania,Clearfield,803.0,2017,Unspecified,"Landfill, WTE",1.0,nan,U,0.0,0,0,0,0.0,0,0.0,0.0,0.0,0.0,0.0,0.0,46698.7,0.0,0.0
3970,Pennsylvania,Clearfield,803.0,2018,Unspecified,"Landfill, WTE",1.0,nan,U,0.0,0,0,0,0.0,0,0.0,0.0,0.0,0.0,0.0,0.0,45328.0,0.0,0.0
3971,Pennsylvania,Clearfield,803.0,2019,Unspecified,"Landfill, WTE",1.0,nan,U,0.0,0,0,0,0.0,0,0.0,0.0,0.0,0.0,0.0,0.0,46431.49999999999,0.0,0.0
3972,Pennsylvania,Clearfield,803.0,2020,Unspecified,"Landfill, WTE",1.0,nan,U,0.0,0,0,0,0.0,0,0.0,0.0,0.0,0.0,0.0,0.0,46353.5,0.0,0.0
3973,Pennsylvania,Clearfield,803.0,2021,Unspecified,"Landfill, WTE",1.0,nan,U,0.0,0,0,0,0.0,0,0.0,0.0,0.0,0.0,0.0,0.0,46587.1,0.0,0.0
3974,Pennsylvania,Clearfield,803.0,2022,Unspecified,"Landfill, WTE",1.0,nan,U,0.0,0,0,0,0.0,0,0.0,0.0,0.0,0.0,0.0,0.0,45294.2,0.0,0.0
3975,Pennsylvania,Clearfield,803.0,2023,Unspecified,"Landfill, WTE",1.0,nan,U,0.0,0,0,0,0.0,0,0.0,0.0,0.0,0.0,0.0,0.0,41080.0,0.0,0.0
3976,Pennsylvania,Clearfield,803.0,2024,Unspecified,"Landfill, WTE",1.0,nan,U,0.0,0,0,0,0.0,0,0.0,0.0,0.0,0.0,0.0,0.0,40328.49999999999,0.0,0.0
3977,Pennsylvania,Clinton,803.0,2000,Unspecified,"Landfill, WTE",1.0,nan,U,0.0,0,0,0,0.0,0,0.0,0.0,0.0,0.0,0.0,0.0,23128.899999999998,0.0,0.0
3978,Pennsylvania,Clinton,803.0,2001,Unspecified,"Landfill, WTE",1.0,nan,U,0.0,0,0,0,0.0,0,0.0,0.0,0.0,0.0,0.0,0.0,23349.600000000002,0.0,0.0
3979,Pennsylvania,Clinton,803.0,2002,Unspecified,"Landfill, WTE",1.0,nan,U,0.0,0,0,0,0.0,0,0.0,0.0,0.0,0.0,0.0,0.0,26113.5,0.0,0.0
3980,Pennsylvania,Clinton,803.0,2003,Unspecified,"Landfill, WTE",1.0,nan,U,0.0,0,0,0,0.0,0,0.0,0.0,0.0,0.0,0.0,0.0,26224.7,0.0,0.0
3981,Pennsylvania,Clinton,803.0,2004,Unspecified,"Landfill, WTE",1.0,nan,U,0.0,0,0,0,0.0,0,0.0,0.0,0.0,0.0,0.0,0.0,27439.7,0.0,0.0
3982,Pennsylvania,Clinton,803.0,2005,Unspecified,"Landfill, WTE",1.0,nan,U,0.0,0,0,0,0.0,0,0.0,0.0,0.0,0.0,0.0,0.0,25836.2,0.0,0.0
3983,Pennsylvania,Clinton,803.0,2006,Unspecified,"Landfill, WTE",1.0,nan,U,0.0,0,0,0,0.0,0,0.0,0.0,0.0,0.0,0.0,0.0,27657.5,0.0,0.0
3984,Pennsylvania,Clinton,803.0,2007,Unspecified,"Landfill, WTE",1.0,nan,U,0.0,0,0,0,0.0,0,0.0,0.0,0.0,0.0,0.0,0.0,27960.4,0.0,0.0
3985,Pennsylvania,Clinton,803.0,2008,Unspecified,"Landfill, WTE",1.0,nan,U,0.0,0,0,0,0.0,0,0.0,0.0,0.0,0.0,0.0,0.0,26967.1,0.0,0.0
3986,Pennsylvania,Clinton,803.0,2009,Unspecified,"Landfill, WTE",1.0,nan,U,0.0,0,0,0,0.0,0,0.0,0.0,0.0,0.0,0.0,0.0,26587.3,0.0,0.0
3987,Pennsylvania,Clinton,803.0,2010,Unspecified,"Landfill, WTE",1.0,nan,U,0.0,0,0,0,0.0,0,0.0,0.0,0.0,0.0,0.0,0.0,27327.7,0.0,0.0
3988,Pennsylvania,Clinton,803.0,2011,Unspecified,"Landfill, WTE",1.0,nan,U,0.0,0,0,0,0.0,0,0.0,0.0,0.0,0.0,0.0,0.0,28601.7,0.0,0.0
3989,Pennsylvania,Clinton,803.0,2012,Unspecified,"Landfill, WTE",1.0,nan,U,0.0,0,0,0,0.0,0,0.0,0.0,0.0,0.0,0.0,0.0,28780.5,0.0,0.0
3990,Pennsylvania,Clinton,803.0,2013,Unspecified,"Landfill, WTE",1.0,nan,U,0.0,0,0,0,0.0,0,0.0,0.0,0.0,0.0,0.0,0.0,26784.5,0.0,0.0
3991,Pennsylvania,Clinton,803.0,2014,Unspecified,"Landfill, WTE",1.0,nan,U,0.0,0,0,0,0.0,0,0.0,0.0,0.0,0.0,0.0,0.0,26279.0,0.0,0.0
3992,Pennsylvania,Clinton,803.0,2015,Unspecified,"Landfill, WTE",1.0,nan,U,0.0,0,0,0,0.0,0,0.0,0.0,0.0,0.0,0.0,0.0,27880.100000000002,0.0,0.0
3993,Pennsylvania,Clinton,803.0,2016,Unspecified,"Landfill, WTE",1.0,nan,U,0.0,0,0,0,0.0,0,0.0,0.0,0.0,0.0,0.0,0.0,28193.6,0.0,0.0
3994,Pennsylvania,Clinton,803.0,2017,Unspecified,"Landfill, WTE",1.0,nan,U,0.0,0,0,0,0.0,0,0.0,0.0,0.0,0.0,0.0,0.0,30085.300000000003,0.0,0.0
3995,Pennsylvania,Clinton,803.0,2018,Unspecified,"Landfill, WTE",1.0,nan,U,0.0,0,0,0,0.0,0,0.0,0.0,0.0,0.0,0.0,0.0,32614.899999999998,0.0,0.0
3996,Pennsylvania,Clinton,803.0,2019,Unspecified,"Landfill, WTE",1.0,nan,U,0.0,0,0,0,0.0,0,0.0,0.0,0.0,0.0,0.0,0.0,33302.0,0.0,0.0
3997,Pennsylvania,Clinton,803.0,2020,Unspecified,"Landfill, WTE",1.0,nan,U,0.0,0,0,0,0.0,0,0.0,0.0,0.0,0.0,0.0,0.0,31496.7,0.0,0.0
3998,Pennsylvania,Clinton,803.0,2021,Unspecified,"Landfill, WTE",1.0,nan,U,0.0,0,0,0,0.0,0,0.0,0.0,0.0,0.0,0.0,0.0,34597.3,0.0,0.0
3999,Pennsylvania,Clinton,803.0,2022,Unspecified,"Landfill, WTE",1.0,nan,U,0.0,0,0,0,0.0,0,0.0,0.0,0.0,0.0,0.0,0.0,31940.699999999997,0.0,0.0
4000,Pennsylvania,Clinton,803.0,2023,Unspecified,"Landfill, WTE",1.0,nan,U,0.0,0,0,0,0.0,0,0.0,0.0,0.0,0.0,0.0,0.0,31714.300000000003,0.0,0.0
4001,Pennsylvania,Clinton,803.0,2024,Unspecified,"Landfill, WTE",1.0,nan,U,0.0,0,0,0,0.0,0,0.0,0.0,0.0,0.0,0.0,0.0,32522.600000000002,0.0,0.0
4002,Pennsylvania,Columbia,803.0,2000,Unspecified,"Landfill, WTE",1.0,nan,U,0.0,0,0,0,0.0,0,0.0,0.0,0.0,0.0,0.0,0.0,47989.899999999994,0.0,0.0
4003,Pennsylvania,Columbia,803.0,2001,Unspecified,"Landfill, WTE",1.0,nan,U,0.0,0,0,0,0.0,0,0.0,0.0,0.0,0.0,0.0,0.0,47132.700000000004,0.0,0.0
4004,Pennsylvania,Columbia,803.0,2002,Unspecified,"Landfill, WTE",1.0,nan,U,0.0,0,0,0,0.0,0,0.0,0.0,0.0,0.0,0.0,0.0,49242.200000000004,0.0,0.0
4005,Pennsylvania,Columbia,803.0,2003,Unspecified,"Landfill, WTE",1.0,nan,U,0.0,0,0,0,0.0,0,0.0,0.0,0.0,0.0,0.0,0.0,49860.100000000006,0.0,0.0
4006,Pennsylvania,Columbia,803.0,2004,Unspecified,"Landfill, WTE",1.0,nan,U,0.0,0,0,0,0.0,0,0.0,0.0,0.0,0.0,0.0,0.0,52354.6,0.0,0.0
4007,Pennsylvania,Columbia,803.0,2005,Unspecified,"Landfill, WTE",1.0,nan,U,0.0,0,0,0,0.0,0,0.0,0.0,0.0,0.0,0.0,0.0,55575.2,0.0,0.0
4008,Pennsylvania,Columbia,803.0,2006,Unspecified,"Landfill, WTE",1.0,nan,U,0.0,0,0,0,0.0,0,0.0,0.0,0.0,0.0,0.0,0.0,62790.8,0.0,0.0
4009,Pennsylvania,Columbia,803.0,2007,Unspecified,"Landfill, WTE",1.0,nan,U,0.0,0,0,0,0.0,0,0.0,0.0,0.0,0.0,0.0,0.0,64068.8,0.0,0.0
4010,Pennsylvania,Columbia,803.0,2008,Unspecified,"Landfill, WTE",1.0,nan,U,0.0,0,0,0,0.0,0,0.0,0.0,0.0,0.0,0.0,0.0,61051.3,0.0,0.0
4011,Pennsylvania,Columbia,803.0,2009,Unspecified,"Landfill, WTE",1.0,nan,U,0.0,0,0,0,0.0,0,0.0,0.0,0.0,0.0,0.0,0.0,52159.90000000001,0.0,0.0
4012,Pennsylvania,Columbia,803.0,2010,Unspecified,"Landfill, WTE",1.0,nan,U,0.0,0,0,0,0.0,0,0.0,0.0,0.0,0.0,0.0,0.0,53184.90000000001,0.0,0.0
4013,Pennsylvania,Columbia,803.0,2011,Unspecified,"Landfill, WTE",1.0,nan,U,0.0,0,0,0,0.0,0,0.0,0.0,0.0,0.0,0.0,0.0,56361.600000000006,0.0,0.0
4014,Pennsylvania,Columbia,803.0,2012,Unspecified,"Landfill, WTE",1.0,nan,U,0.0,0,0,0,0.0,0,0.0,0.0,0.0,0.0,0.0,0.0,57239.9,0.0,0.0
4015,Pennsylvania,Columbia,803.0,2013,Unspecified,"Landfill, WTE",1.0,nan,U,0.0,0,0,0,0.0,0,0.0,0.0,0.0,0.0,0.0,0.0,35062.600000000006,0.0,0.0
4016,Pennsylvania,Columbia,803.0,2014,Unspecified,"Landfill, WTE",1.0,nan,U,0.0,0,0,0,0.0,0,0.0,0.0,0.0,0.0,0.0,0.0,36398.700000000004,0.0,0.0
4017,Pennsylvania,Columbia,803.0,2015,Unspecified,"Landfill, WTE",1.0,nan,U,0.0,0,0,0,0.0,0,0.0,0.0,0.0,0.0,0.0,0.0,41770.7,0.0,0.0
4018,Pennsylvania,Columbia,803.0,2016,Unspecified,"Landfill, WTE",1.0,nan,U,0.0,0,0,0,0.0,0,0.0,0.0,0.0,0.0,0.0,0.0,44761.4,0.0,0.0
4019,Pennsylvania,Columbia,803.0,2017,Unspecified,"Landfill, WTE",1.0,nan,U,0.0,0,0,0,0.0,0,0.0,0.0,0.0,0.0,0.0,0.0,49640.3,0.0,0.0
4020,Pennsylvania,Columbia,803.0,2018,Unspecified,"Landfill, WTE",1.0,nan,U,0.0,0,0,0,0.0,0,0.0,0.0,0.0,0.0,0.0,0.0,50625.899999999994,0.0,0.0
4021,Pennsylvania,Columbia,803.0,2019,Unspecified,"Landfill, WTE",1.0,nan,U,0.0,0,0,0,0.0,0,0.0,0.0,0.0,0.0,0.0,0.0,47936.799999999996,0.0,0.0
4022,Pennsylvania,Columbia,803.0,2020,Unspecified,"Landfill, WTE",1.0,nan,U,0.0,0,0,0,0.0,0,0.0,0.0,0.0,0.0,0.0,0.0,48604.0,0.0,0.0
4023,Pennsylvania,Columbia,803.0,2021,Unspecified,"Landfill, WTE",1.0,nan,U,0.0,0,0,0,0.0,0,0.0,0.0,0.0,0.0,0.0,0.0,52952.799999999996,0.0,0.0
4024,Pennsylvania,Columbia,803.0,2022,Unspecified,"Landfill, WTE",1.0,nan,U,0.0,0,0,0,0.0,0,0.0,0.0,0.0,0.0,0.0,0.0,51963.0,0.0,0.0
4025,Pennsylvania,Columbia,803.0,2023,Unspecified,"Landfill, WTE",1.0,nan,U,0.0,0,0,0,0.0,0,0.0,0.0,0.0,0.0,0.0,0.0,54578.5,0.0,0.0
4026,Pennsylvania,Columbia,803.0,2024,Unspecified,"Landfill, WTE",1.0,nan,U,0.0,0,0,0,0.0,0,0.0,0.0,0.0,0.0,0.0,0.0,53585.50000000001,0.0,0.0
4027,Pennsylvania,Crawford,803.0,2000,Unspecified,"Landfill, WTE",1.0,nan,U,0.0,0,0,0,0.0,0,0.0,0.0,0.0,0.0,0.0,0.0,46593.0,0.0,0.0
4028,Pennsylvania,Crawford,803.0,2001,Unspecified,"Landfill, WTE",1.0,nan,U,0.0,0,0,0,0.0,0,0.0,0.0,0.0,0.0,0.0,0.0,41823.2,0.0,0.0
4029,Pennsylvania,Crawford,803.0,2002,Unspecified,"Landfill, WTE",1.0,nan,U,0.0,0,0,0,0.0,0,0.0,0.0,0.0,0.0,0.0,0.0,57911.8,0.0,0.0
4030,Pennsylvania,Crawford,803.0,2003,Unspecified,"Landfill, WTE",1.0,nan,U,0.0,0,0,0,0.0,0,0.0,0.0,0.0,0.0,0.0,0.0,51090.7,0.0,0.0
4031,Pennsylvania,Crawford,803.0,2004,Unspecified,"Landfill, WTE",1.0,nan,U,0.0,0,0,0,0.0,0,0.0,0.0,0.0,0.0,0.0,0.0,49918.5,0.0,0.0
4032,Pennsylvania,Crawford,803.0,2005,Unspecified,"Landfill, WTE",1.0,nan,U,0.0,0,0,0,0.0,0,0.0,0.0,0.0,0.0,0.0,0.0,50927.3,0.0,0.0
4033,Pennsylvania,Crawford,803.0,2006,Unspecified,"Landfill, WTE",1.0,nan,U,0.0,0,0,0,0.0,0,0.0,0.0,0.0,0.0,0.0,0.0,50093.799999999996,0.0,0.0
4034,Pennsylvania,Crawford,803.0,2007,Unspecified,"Landfill, WTE",1.0,nan,U,0.0,0,0,0,0.0,0,0.0,0.0,0.0,0.0,0.0,0.0,47696.600000000006,0.0,0.0
4035,Pennsylvania,Crawford,803.0,2008,Unspecified,"Landfill, WTE",1.0,nan,U,0.0,0,0,0,0.0,0,0.0,0.0,0.0,0.0,0.0,0.0,36499.5,0.0,0.0
4036,Pennsylvania,Crawford,803.0,2009,Unspecified,"Landfill, WTE",1.0,nan,U,0.0,0,0,0,0.0,0,0.0,0.0,0.0,0.0,0.0,0.0,26020.5,0.0,0.0
4037,Pennsylvania,Crawford,803.0,2010,Unspecified,"Landfill, WTE",1.0,nan,U,0.0,0,0,0,0.0,0,0.0,0.0,0.0,0.0,0.0,0.0,15233.7,0.0,0.0
4038,Pennsylvania,Crawford,803.0,2011,Unspecified,"Landfill, WTE",1.0,nan,U,0.0,0,0,0,0.0,0,0.0,0.0,0.0,0.0,0.0,0.0,12361.199999999999,0.0,0.0
4039,Pennsylvania,Crawford,803.0,2012,Unspecified,"Landfill, WTE",1.0,nan,U,0.0,0,0,0,0.0,0,0.0,0.0,0.0,0.0,0.0,0.0,11758.199999999999,0.0,0.0
4040,Pennsylvania,Crawford,803.0,2013,Unspecified,"Landfill, WTE",1.0,nan,U,0.0,0,0,0,0.0,0,0.0,0.0,0.0,0.0,0.0,0.0,10975.9,0.0,0.0
4041,Pennsylvania,Crawford,803.0,2014,Unspecified,"Landfill, WTE",1.0,nan,U,0.0,0,0,0,0.0,0,0.0,0.0,0.0,0.0,0.0,0.0,9761.099999999999,0.0,0.0
4042,Pennsylvania,Crawford,803.0,2015,Unspecified,"Landfill, WTE",1.0,nan,U,0.0,0,0,0,0.0,0,0.0,0.0,0.0,0.0,0.0,0.0,9127.900000000001,0.0,0.0
4043,Pennsylvania,Crawford,803.0,2016,Unspecified,"Landfill, WTE",1.0,nan,U,0.0,0,0,0,0.0,0,0.0,0.0,0.0,0.0,0.0,0.0,8936.699999999999,0.0,0.0
4044,Pennsylvania,Crawford,803.0,2017,Unspecified,"Landfill, WTE",1.0,nan,U,0.0,0,0,0,0.0,0,0.0,0.0,0.0,0.0,0.0,0.0,9269.8,0.0,0.0
4045,Pennsylvania,Crawford,803.0,2018,Unspecified,"Landfill, WTE",1.0,nan,U,0.0,0,0,0,0.0,0,0.0,0.0,0.0,0.0,0.0,0.0,9569.1,0.0,0.0
4046,Pennsylvania,Crawford,803.0,2019,Unspecified,"Landfill, WTE",1.0,nan,U,0.0,0,0,0,0.0,0,0.0,0.0,0.0,0.0,0.0,0.0,9622.900000000001,0.0,0.0
4047,Pennsylvania,Crawford,803.0,2020,Unspecified,"Landfill, WTE",1.0,nan,U,0.0,0,0,0,0.0,0,0.0,0.0,0.0,0.0,0.0,0.0,7995.3,0.0,0.0
4048,Pennsylvania,Crawford,803.0,2021,Unspecified,"Landfill, WTE",1.0,nan,U,0.0,0,0,0,0.0,0,0.0,0.0,0.0,0.0,0.0,0.0,14615.3,0.0,0.0
4049,Pennsylvania,Crawford,803.0,2022,Unspecified,"Landfill, WTE",1.0,nan,U,0.0,0,0,0,0.0,0,0.0,0.0,0.0,0.0,0.0,0.0,13850.0,0.0,0.0
4050,Pennsylvania,Crawford,803.0,2023,Unspecified,"Landfill, WTE",1.0,nan,U,0.0,0,0,0,0.0,0,0.0,0.0,0.0,0.0,0.0,0.0,7644.4,0.0,0.0
4051,Pennsylvania,Crawford,803.0,2024,Unspecified,"Landfill, WTE",1.0,nan,U,0.0,0,0,0,0.0,0,0.0,0.0,0.0,0.0,0.0,0.0,9846.4,0.0,0.0
4052,Pennsylvania,Cumberland,803.0,2000,Unspecified,"Landfill, WTE",1.0,nan,U,0.0,0,0,0,0.0,0,0.0,0.0,0.0,0.0,0.0,0.0,165833.70000000004,0.0,0.0
4053,Pennsylvania,Cumberland,803.0,2001,Unspecified,"Landfill, WTE",1.0,nan,U,0.0,0,0,0,0.0,0,0.0,0.0,0.0,0.0,0.0,0.0,167208.5,0.0,0.0
4054,Pennsylvania,Cumberland,803.0,2002,Unspecified,"Landfill, WTE",1.0,nan,U,0.0,0,0,0,0.0,0,0.0,0.0,0.0,0.0,0.0,0.0,169695.1,0.0,0.0
4055,Pennsylvania,Cumberland,803.0,2003,Unspecified,"Landfill, WTE",1.0,nan,U,0.0,0,0,0,0.0,0,0.0,0.0,0.0,0.0,0.0,0.0,183403.5,0.0,0.0
4056,Pennsylvania,Cumberland,803.0,2004,Unspecified,"Landfill, WTE",1.0,nan,U,0.0,0,0,0,0.0,0,0.0,0.0,0.0,0.0,0.0,0.0,184555.09999999998,0.0,0.0
4057,Pennsylvania,Cumberland,803.0,2005,Unspecified,"Landfill, WTE",1.0,nan,U,0.0,0,0,0,0.0,0,0.0,0.0,0.0,0.0,0.0,0.0,187672.8,0.0,0.0
4058,Pennsylvania,Cumberland,803.0,2006,Unspecified,"Landfill, WTE",1.0,nan,U,0.0,0,0,0,0.0,0,0.0,0.0,0.0,0.0,0.0,0.0,191264.30000000002,0.0,0.0
4059,Pennsylvania,Cumberland,803.0,2007,Unspecified,"Landfill, WTE",1.0,nan,U,0.0,0,0,0,0.0,0,0.0,0.0,0.0,0.0,0.0,0.0,181896.2,0.0,0.0
4060,Pennsylvania,Cumberland,803.0,2008,Unspecified,"Landfill, WTE",1.0,nan,U,0.0,0,0,0,0.0,0,0.0,0.0,0.0,0.0,0.0,0.0,179347.8,0.0,0.0
4061,Pennsylvania,Cumberland,803.0,2009,Unspecified,"Landfill, WTE",1.0,nan,U,0.0,0,0,0,0.0,0,0.0,0.0,0.0,0.0,0.0,0.0,171330.40000000002,0.0,0.0
4062,Pennsylvania,Cumberland,803.0,2010,Unspecified,"Landfill, WTE",1.0,nan,U,0.0,0,0,0,0.0,0,0.0,0.0,0.0,0.0,0.0,0.0,166326.1,0.0,0.0
4063,Pennsylvania,Cumberland,803.0,2011,Unspecified,"Landfill, WTE",1.0,nan,U,0.0,0,0,0,0.0,0,0.0,0.0,0.0,0.0,0.0,0.0,169502.49999999997,0.0,0.0
4064,Pennsylvania,Cumberland,803.0,2012,Unspecified,"Landfill, WTE",1.0,nan,U,0.0,0,0,0,0.0,0,0.0,0.0,0.0,0.0,0.0,0.0,158806.6,0.0,0.0
4065,Pennsylvania,Cumberland,803.0,2013,Unspecified,"Landfill, WTE",1.0,nan,U,0.0,0,0,0,0.0,0,0.0,0.0,0.0,0.0,0.0,0.0,152071.40000000002,0.0,0.0
4066,Pennsylvania,Cumberland,803.0,2014,Unspecified,"Landfill, WTE",1.0,nan,U,0.0,0,0,0,0.0,0,0.0,0.0,0.0,0.0,0.0,0.0,147311.1,0.0,0.0
4067,Pennsylvania,Cumberland,803.0,2015,Unspecified,"Landfill, WTE",1.0,nan,U,0.0,0,0,0,0.0,0,0.0,0.0,0.0,0.0,0.0,0.0,153364.90000000002,0.0,0.0
4068,Pennsylvania,Cumberland,803.0,2016,Unspecified,"Landfill, WTE",1.0,nan,U,0.0,0,0,0,0.0,0,0.0,0.0,0.0,0.0,0.0,0.0,159981.5,0.0,0.0
4069,Pennsylvania,Cumberland,803.0,2017,Unspecified,"Landfill, WTE",1.0,nan,U,0.0,0,0,0,0.0,0,0.0,0.0,0.0,0.0,0.0,0.0,166886.2,0.0,0.0
4070,Pennsylvania,Cumberland,803.0,2018,Unspecified,"Landfill, WTE",1.0,nan,U,0.0,0,0,0,0.0,0,0.0,0.0,0.0,0.0,0.0,0.0,172875.30000000002,0.0,0.0
4071,Pennsylvania,Cumberland,803.0,2019,Unspecified,"Landfill, WTE",1.0,nan,U,0.0,0,0,0,0.0,0,0.0,0.0,0.0,0.0,0.0,0.0,168280.8,0.0,0.0
4072,Pennsylvania,Cumberland,803.0,2020,Unspecified,"Landfill, WTE",1.0,nan,U,0.0,0,0,0,0.0,0,0.0,0.0,0.0,0.0,0.0,0.0,181796.69999999998,0.0,0.0
4073,Pennsylvania,Cumberland,803.0,2021,Unspecified,"Landfill, WTE",1.0,nan,U,0.0,0,0,0,0.0,0,0.0,0.0,0.0,0.0,0.0,0.0,229304.7,0.0,0.0
4074,Pennsylvania,Cumberland,803.0,2022,Unspecified,"Landfill, WTE",1.0,nan,U,0.0,0,0,0,0.0,0,0.0,0.0,0.0,0.0,0.0,0.0,232076.4,0.0,0.0
4075,Pennsylvania,Cumberland,803.0,2023,Unspecified,"Landfill, WTE",1.0,nan,U,0.0,0,0,0,0.0,0,0.0,0.0,0.0,0.0,0.0,0.0,231748.2,0.0,0.0
4076,Pennsylvania,Cumberland,803.0,2024,Unspecified,"Landfill, WTE",1.0,nan,U,0.0,0,0,0,0.0,0,0.0,0.0,0.0,0.0,0.0,0.0,248920.29999999996,0.0,0.0
4077,Pennsylvania,Dauphin,803.0,2000,Unspecified,"Landfill, WTE",1.0,nan,U,0.0,0,0,0,0.0,0,0.0,0.0,0.0,0.0,0.0,0.0,198418.6,0.0,0.0
4078,Pennsylvania,Dauphin,803.0,2001,Unspecified,"Landfill, WTE",1.0,nan,U,0.0,0,0,0,0.0,0,0.0,0.0,0.0,0.0,0.0,0.0,200221.5,0.0,0.0
4079,Pennsylvania,Dauphin,803.0,2002,Unspecified,"Landfill, WTE",1.0,nan,U,0.0,0,0,0,0.0,0,0.0,0.0,0.0,0.0,0.0,0.0,194862.4,0.0,0.0
4080,Pennsylvania,Dauphin,803.0,2003,Unspecified,"Landfill, WTE",1.0,nan,U,0.0,0,0,0,0.0,0,0.0,0.0,0.0,0.0,0.0,0.0,216400.80000000002,0.0,0.0
4081,Pennsylvania,Dauphin,803.0,2004,Unspecified,"Landfill, WTE",1.0,nan,U,0.0,0,0,0,0.0,0,0.0,0.0,0.0,0.0,0.0,0.0,216310.80000000002,0.0,0.0
4082,Pennsylvania,Dauphin,803.0,2005,Unspecified,"Landfill, WTE",1.0,nan,U,0.0,0,0,0,0.0,0,0.0,0.0,0.0,0.0,0.0,0.0,190770.4,0.0,0.0
4083,Pennsylvania,Dauphin,803.0,2006,Unspecified,"Landfill, WTE",1.0,nan,U,0.0,0,0,0,0.0,0,0.0,0.0,0.0,0.0,0.0,0.0,231428.0,0.0,0.0
4084,Pennsylvania,Dauphin,803.0,2007,Unspecified,"Landfill, WTE",1.0,nan,U,0.0,0,0,0,0.0,0,0.0,0.0,0.0,0.0,0.0,0.0,274533.89999999997,0.0,0.0
4085,Pennsylvania,Dauphin,803.0,2008,Unspecified,"Landfill, WTE",1.0,nan,U,0.0,0,0,0,0.0,0,0.0,0.0,0.0,0.0,0.0,0.0,234390.59999999998,0.0,0.0
4086,Pennsylvania,Dauphin,803.0,2009,Unspecified,"Landfill, WTE",1.0,nan,U,0.0,0,0,0,0.0,0,0.0,0.0,0.0,0.0,0.0,0.0,199201.09999999998,0.0,0.0
4087,Pennsylvania,Dauphin,803.0,2010,Unspecified,"Landfill, WTE",1.0,nan,U,0.0,0,0,0,0.0,0,0.0,0.0,0.0,0.0,0.0,0.0,179293.3,0.0,0.0
4088,Pennsylvania,Dauphin,803.0,2011,Unspecified,"Landfill, WTE",1.0,nan,U,0.0,0,0,0,0.0,0,0.0,0.0,0.0,0.0,0.0,0.0,185450.0,0.0,0.0
4089,Pennsylvania,Dauphin,803.0,2012,Unspecified,"Landfill, WTE",1.0,nan,U,0.0,0,0,0,0.0,0,0.0,0.0,0.0,0.0,0.0,0.0,195164.1,0.0,0.0
4090,Pennsylvania,Dauphin,803.0,2013,Unspecified,"Landfill, WTE",1.0,nan,U,0.0,0,0,0,0.0,0,0.0,0.0,0.0,0.0,0.0,0.0,180052.6,0.0,0.0
4091,Pennsylvania,Dauphin,803.0,2014,Unspecified,"Landfill, WTE",1.0,nan,U,0.0,0,0,0,0.0,0,0.0,0.0,0.0,0.0,0.0,0.0,174908.0,0.0,0.0
4092,Pennsylvania,Dauphin,803.0,2015,Unspecified,"Landfill, WTE",1.0,nan,U,0.0,0,0,0,0.0,0,0.0,0.0,0.0,0.0,0.0,0.0,175324.7,0.0,0.0
4093,Pennsylvania,Dauphin,803.0,2016,Unspecified,"Landfill, WTE",1.0,nan,U,0.0,0,0,0,0.0,0,0.0,0.0,0.0,0.0,0.0,0.0,177436.5,0.0,0.0
4094,Pennsylvania,Dauphin,803.0,2017,Unspecified,"Landfill, WTE",1.0,nan,U,0.0,0,0,0,0.0,0,0.0,0.0,0.0,0.0,0.0,0.0,192705.1,0.0,0.0
4095,Pennsylvania,Dauphin,803.0,2018,Unspecified,"Landfill, WTE",1.0,nan,U,0.0,0,0,0,0.0,0,0.0,0.0,0.0,0.0,0.0,0.0,202039.4,0.0,0.0
4096,Pennsylvania,Dauphin,803.0,2019,Unspecified,"Landfill, WTE",1.0,nan,U,0.0,0,0,0,0.0,0,0.0,0.0,0.0,0.0,0.0,0.0,193070.5,0.0,0.0
4097,Pennsylvania,Dauphin,803.0,2020,Unspecified,"Landfill, WTE",1.0,nan,U,0.0,0,0,0,0.0,0,0.0,0.0,0.0,0.0,0.0,0.0,186825.5,0.0,0.0
4098,Pennsylvania,Dauphin,803.0,2021,Unspecified,"Landfill, WTE",1.0,nan,U,0.0,0,0,0,0.0,0,0.0,0.0,0.0,0.0,0.0,0.0,198895.7,0.0,0.0
4099,Pennsylvania,Dauphin,803.0,2022,Unspecified,"Landfill, WTE",1.0,nan,U,0.0,0,0,0,0.0,0,0.0,0.0,0.0,0.0,0.0,0.0,194303.7,0.0,0.0
4100,Pennsylvania,Dauphin,803.0,2023,Unspecified,"Landfill, WTE",1.0,nan,U,0.0,0,0,0,0.0,0,0.0,0.0,0.0,0.0,0.0,0.0,195794.19999999998,0.0,0.0
4101,Pennsylvania,Dauphin,803.0,2024,Unspecified,"Landfill, WTE",1.0,nan,U,0.0,0,0,0,0.0,0,0.0,0.0,0.0,0.0,0.0,0.0,210783.90000000002,0.0,0.0
4102,Pennsylvania,Delaware,803.0,2000,Unspecified,"Landfill, WTE",1.0,nan,U,0.0,0,0,0,0.0,0,0.0,0.0,0.0,0.0,0.0,0.0,393778.4,0.0,0.0
4103,Pennsylvania,Delaware,803.0,2001,Unspecified,"Landfill, WTE",1.0,nan,U,0.0,0,0,0,0.0,0,0.0,0.0,0.0,0.0,0.0,0.0,406785.6,0.0,0.0
4104,Pennsylvania,Delaware,803.0,2002,Unspecified,"Landfill, WTE",1.0,nan,U,0.0,0,0,0,0.0,0,0.0,0.0,0.0,0.0,0.0,0.0,429238.9,0.0,0.0
4105,Pennsylvania,Delaware,803.0,2003,Unspecified,"Landfill, WTE",1.0,nan,U,0.0,0,0,0,0.0,0,0.0,0.0,0.0,0.0,0.0,0.0,495053.30000000005,0.0,0.0
4106,Pennsylvania,Delaware,803.0,2004,Unspecified,"Landfill, WTE",1.0,nan,U,0.0,0,0,0,0.0,0,0.0,0.0,0.0,0.0,0.0,0.0,510625.5,0.0,0.0
4107,Pennsylvania,Delaware,803.0,2005,Unspecified,"Landfill, WTE",1.0,nan,U,0.0,0,0,0,0.0,0,0.0,0.0,0.0,0.0,0.0,0.0,498599.9,0.0,0.0
4108,Pennsylvania,Delaware,803.0,2006,Unspecified,"Landfill, WTE",1.0,nan,U,0.0,0,0,0,0.0,0,0.0,0.0,0.0,0.0,0.0,0.0,490047.19999999995,0.0,0.0
4109,Pennsylvania,Delaware,803.0,2007,Unspecified,"Landfill, WTE",1.0,nan,U,0.0,0,0,0,0.0,0,0.0,0.0,0.0,0.0,0.0,0.0,418090.89999999997,0.0,0.0
4110,Pennsylvania,Delaware,803.0,2008,Unspecified,"Landfill, WTE",1.0,nan,U,0.0,0,0,0,0.0,0,0.0,0.0,0.0,0.0,0.0,0.0,410700.5,0.0,0.0
4111,Pennsylvania,Delaware,803.0,2009,Unspecified,"Landfill, WTE",1.0,nan,U,0.0,0,0,0,0.0,0,0.0,0.0,0.0,0.0,0.0,0.0,399195.80000000005,0.0,0.0
4112,Pennsylvania,Delaware,803.0,2010,Unspecified,"Landfill, WTE",1.0,nan,U,0.0,0,0,0,0.0,0,0.0,0.0,0.0,0.0,0.0,0.0,392023.10000000003,0.0,0.0
4113,Pennsylvania,Delaware,803.0,2011,Unspecified,"Landfill, WTE",1.0,nan,U,0.0,0,0,0,0.0,0,0.0,0.0,0.0,0.0,0.0,0.0,399281.80000000005,0.0,0.0
4114,Pennsylvania,Delaware,803.0,2012,Unspecified,"Landfill, WTE",1.0,nan,U,0.0,0,0,0,0.0,0,0.0,0.0,0.0,0.0,0.0,0.0,382538.9,0.0,0.0
4115,Pennsylvania,Delaware,803.0,2013,Unspecified,"Landfill, WTE",1.0,nan,U,0.0,0,0,0,0.0,0,0.0,0.0,0.0,0.0,0.0,0.0,379648.4,0.0,0.0
4116,Pennsylvania,Delaware,803.0,2014,Unspecified,"Landfill, WTE",1.0,nan,U,0.0,0,0,0,0.0,0,0.0,0.0,0.0,0.0,0.0,0.0,402161.5,0.0,0.0
4117,Pennsylvania,Delaware,803.0,2015,Unspecified,"Landfill, WTE",1.0,nan,U,0.0,0,0,0,0.0,0,0.0,0.0,0.0,0.0,0.0,0.0,417804.9,0.0,0.0
4118,Pennsylvania,Delaware,803.0,2016,Unspecified,"Landfill, WTE",1.0,nan,U,0.0,0,0,0,0.0,0,0.0,0.0,0.0,0.0,0.0,0.0,429011.4,0.0,0.0
4119,Pennsylvania,Delaware,803.0,2017,Unspecified,"Landfill, WTE",1.0,nan,U,0.0,0,0,0,0.0,0,0.0,0.0,0.0,0.0,0.0,0.0,423616.89999999997,0.0,0.0
4120,Pennsylvania,Delaware,803.0,2018,Unspecified,"Landfill, WTE",1.0,nan,U,0.0,0,0,0,0.0,0,0.0,0.0,0.0,0.0,0.0,0.0,455814.8,0.0,0.0
4121,Pennsylvania,Delaware,803.0,2019,Unspecified,"Landfill, WTE",1.0,nan,U,0.0,0,0,0,0.0,0,0.0,0.0,0.0,0.0,0.0,0.0,454949.5,0.0,0.0
4122,Pennsylvania,Delaware,803.0,2020,Unspecified,"Landfill, WTE",1.0,nan,U,0.0,0,0,0,0.0,0,0.0,0.0,0.0,0.0,0.0,0.0,467769.9,0.0,0.0
4123,Pennsylvania,Delaware,803.0,2021,Unspecified,"Landfill, WTE",1.0,nan,U,0.0,0,0,0,0.0,0,0.0,0.0,0.0,0.0,0.0,0.0,469639.2,0.0,0.0
4124,Pennsylvania,Delaware,803.0,2022,Unspecified,"Landfill, WTE",1.0,nan,U,0.0,0,0,0,0.0,0,0.0,0.0,0.0,0.0,0.0,0.0,429319.5,0.0,0.0
4125,Pennsylvania,Delaware,803.0,2023,Unspecified,"Landfill, WTE",1.0,nan,U,0.0,0,0,0,0.0,0,0.0,0.0,0.0,0.0,0.0,0.0,392647.0,0.0,0.0
4126,Pennsylvania,Delaware,803.0,2024,Unspecified,"Landfill, WTE",1.0,nan,U,0.0,0,0,0,0.0,0,0.0,0.0,0.0,0.0,0.0,0.0,374546.10000000003,0.0,0.0
4127,Pennsylvania,Elk,803.0,2000,Unspecified,"Landfill, WTE",1.0,nan,U,0.0,0,0,0,0.0,0,0.0,0.0,0.0,0.0,0.0,0.0,22143.899999999998,0.0,0.0
4128,Pennsylvania,Elk,803.0,2001,Unspecified,"Landfill, WTE",1.0,nan,U,0.0,0,0,0,0.0,0,0.0,0.0,0.0,0.0,0.0,0.0,22908.9,0.0,0.0
4129,Pennsylvania,Elk,803.0,2002,Unspecified,"Landfill, WTE",1.0,nan,U,0.0,0,0,0,0.0,0,0.0,0.0,0.0,0.0,0.0,0.0,23455.599999999995,0.0,0.0
4130,Pennsylvania,Elk,803.0,2003,Unspecified,"Landfill, WTE",1.0,nan,U,0.0,0,0,0,0.0,0,0.0,0.0,0.0,0.0,0.0,0.0,22789.7,0.0,0.0
4131,Pennsylvania,Elk,803.0,2004,Unspecified,"Landfill, WTE",1.0,nan,U,0.0,0,0,0,0.0,0,0.0,0.0,0.0,0.0,0.0,0.0,23559.899999999998,0.0,0.0
4132,Pennsylvania,Elk,803.0,2005,Unspecified,"Landfill, WTE",1.0,nan,U,0.0,0,0,0,0.0,0,0.0,0.0,0.0,0.0,0.0,0.0,22993.2,0.0,0.0
4133,Pennsylvania,Elk,803.0,2006,Unspecified,"Landfill, WTE",1.0,nan,U,0.0,0,0,0,0.0,0,0.0,0.0,0.0,0.0,0.0,0.0,24236.9,0.0,0.0
4134,Pennsylvania,Elk,803.0,2007,Unspecified,"Landfill, WTE",1.0,nan,U,0.0,0,0,0,0.0,0,0.0,0.0,0.0,0.0,0.0,0.0,21614.6,0.0,0.0
4135,Pennsylvania,Elk,803.0,2008,Unspecified,"Landfill, WTE",1.0,nan,U,0.0,0,0,0,0.0,0,0.0,0.0,0.0,0.0,0.0,0.0,20370.5,0.0,0.0
4136,Pennsylvania,Elk,803.0,2009,Unspecified,"Landfill, WTE",1.0,nan,U,0.0,0,0,0,0.0,0,0.0,0.0,0.0,0.0,0.0,0.0,18497.8,0.0,0.0
4137,Pennsylvania,Elk,803.0,2010,Unspecified,"Landfill, WTE",1.0,nan,U,0.0,0,0,0,0.0,0,0.0,0.0,0.0,0.0,0.0,0.0,18557.1,0.0,0.0
4138,Pennsylvania,Elk,803.0,2011,Unspecified,"Landfill, WTE",1.0,nan,U,0.0,0,0,0,0.0,0,0.0,0.0,0.0,0.0,0.0,0.0,18796.2,0.0,0.0
4139,Pennsylvania,Elk,803.0,2012,Unspecified,"Landfill, WTE",1.0,nan,U,0.0,0,0,0,0.0,0,0.0,0.0,0.0,0.0,0.0,0.0,18624.0,0.0,0.0
4140,Pennsylvania,Elk,803.0,2013,Unspecified,"Landfill, WTE",1.0,nan,U,0.0,0,0,0,0.0,0,0.0,0.0,0.0,0.0,0.0,0.0,17210.1,0.0,0.0
4141,Pennsylvania,Elk,803.0,2014,Unspecified,"Landfill, WTE",1.0,nan,U,0.0,0,0,0,0.0,0,0.0,0.0,0.0,0.0,0.0,0.0,18499.5,0.0,0.0
4142,Pennsylvania,Elk,803.0,2015,Unspecified,"Landfill, WTE",1.0,nan,U,0.0,0,0,0,0.0,0,0.0,0.0,0.0,0.0,0.0,0.0,17897.9,0.0,0.0
4143,Pennsylvania,Elk,803.0,2016,Unspecified,"Landfill, WTE",1.0,nan,U,0.0,0,0,0,0.0,0,0.0,0.0,0.0,0.0,0.0,0.0,17507.1,0.0,0.0
4144,Pennsylvania,Elk,803.0,2017,Unspecified,"Landfill, WTE",1.0,nan,U,0.0,0,0,0,0.0,0,0.0,0.0,0.0,0.0,0.0,0.0,18211.4,0.0,0.0
4145,Pennsylvania,Elk,803.0,2018,Unspecified,"Landfill, WTE",1.0,nan,U,0.0,0,0,0,0.0,0,0.0,0.0,0.0,0.0,0.0,0.0,17861.7,0.0,0.0
4146,Pennsylvania,Elk,803.0,2019,Unspecified,"Landfill, WTE",1.0,nan,U,0.0,0,0,0,0.0,0,0.0,0.0,0.0,0.0,0.0,0.0,18361.5,0.0,0.0
4147,Pennsylvania,Elk,803.0,2020,Unspecified,"Landfill, WTE",1.0,nan,U,0.0,0,0,0,0.0,0,0.0,0.0,0.0,0.0,0.0,0.0,18338.300000000003,0.0,0.0
4148,Pennsylvania,Elk,803.0,2021,Unspecified,"Landfill, WTE",1.0,nan,U,0.0,0,0,0,0.0,0,0.0,0.0,0.0,0.0,0.0,0.0,18768.5,0.0,0.0
4149,Pennsylvania,Elk,803.0,2022,Unspecified,"Landfill, WTE",1.0,nan,U,0.0,0,0,0,0.0,0,0.0,0.0,0.0,0.0,0.0,0.0,18051.8,0.0,0.0
4150,Pennsylvania,Elk,803.0,2023,Unspecified,"Landfill, WTE",1.0,nan,U,0.0,0,0,0,0.0,0,0.0,0.0,0.0,0.0,0.0,0.0,18824.3,0.0,0.0
4151,Pennsylvania,Elk,803.0,2024,Unspecified,"Landfill, WTE",1.0,nan,U,0.0,0,0,0,0.0,0,0.0,0.0,0.0,0.0,0.0,0.0,19503.800000000003,0.0,0.0
4152,Pennsylvania,Erie,803.0,2000,Unspecified,"Landfill, WTE",1.0,nan,U,0.0,0,0,0,0.0,0,0.0,0.0,0.0,0.0,0.0,0.0,159755.2,0.0,0.0
4153,Pennsylvania,Erie,803.0,2001,Unspecified,"Landfill, WTE",1.0,nan,U,0.0,0,0,0,0.0,0,0.0,0.0,0.0,0.0,0.0,0.0,189580.2,0.0,0.0
4154,Pennsylvania,Erie,803.0,2002,Unspecified,"Landfill, WTE",1.0,nan,U,0.0,0,0,0,0.0,0,0.0,0.0,0.0,0.0,0.0,0.0,190073.4,0.0,0.0
4155,Pennsylvania,Erie,803.0,2003,Unspecified,"Landfill, WTE",1.0,nan,U,0.0,0,0,0,0.0,0,0.0,0.0,0.0,0.0,0.0,0.0,186116.80000000002,0.0,0.0
4156,Pennsylvania,Erie,803.0,2004,Unspecified,"Landfill, WTE",1.0,nan,U,0.0,0,0,0,0.0,0,0.0,0.0,0.0,0.0,0.0,0.0,187015.2,0.0,0.0
4157,Pennsylvania,Erie,803.0,2005,Unspecified,"Landfill, WTE",1.0,nan,U,0.0,0,0,0,0.0,0,0.0,0.0,0.0,0.0,0.0,0.0,181929.9,0.0,0.0
4158,Pennsylvania,Erie,803.0,2006,Unspecified,"Landfill, WTE",1.0,nan,U,0.0,0,0,0,0.0,0,0.0,0.0,0.0,0.0,0.0,0.0,178140.5,0.0,0.0
4159,Pennsylvania,Erie,803.0,2007,Unspecified,"Landfill, WTE",1.0,nan,U,0.0,0,0,0,0.0,0,0.0,0.0,0.0,0.0,0.0,0.0,170243.4,0.0,0.0
4160,Pennsylvania,Erie,803.0,2008,Unspecified,"Landfill, WTE",1.0,nan,U,0.0,0,0,0,0.0,0,0.0,0.0,0.0,0.0,0.0,0.0,161050.7,0.0,0.0
4161,Pennsylvania,Erie,803.0,2009,Unspecified,"Landfill, WTE",1.0,nan,U,0.0,0,0,0,0.0,0,0.0,0.0,0.0,0.0,0.0,0.0,159849.5,0.0,0.0
4162,Pennsylvania,Erie,803.0,2010,Unspecified,"Landfill, WTE",1.0,nan,U,0.0,0,0,0,0.0,0,0.0,0.0,0.0,0.0,0.0,0.0,153800.6,0.0,0.0
4163,Pennsylvania,Erie,803.0,2011,Unspecified,"Landfill, WTE",1.0,nan,U,0.0,0,0,0,0.0,0,0.0,0.0,0.0,0.0,0.0,0.0,151927.2,0.0,0.0
4164,Pennsylvania,Erie,803.0,2012,Unspecified,"Landfill, WTE",1.0,nan,U,0.0,0,0,0,0.0,0,0.0,0.0,0.0,0.0,0.0,0.0,145044.6,0.0,0.0
4165,Pennsylvania,Erie,803.0,2013,Unspecified,"Landfill, WTE",1.0,nan,U,0.0,0,0,0,0.0,0,0.0,0.0,0.0,0.0,0.0,0.0,140692.9,0.0,0.0
4166,Pennsylvania,Erie,803.0,2014,Unspecified,"Landfill, WTE",1.0,nan,U,0.0,0,0,0,0.0,0,0.0,0.0,0.0,0.0,0.0,0.0,139485.30000000002,0.0,0.0
4167,Pennsylvania,Erie,803.0,2015,Unspecified,"Landfill, WTE",1.0,nan,U,0.0,0,0,0,0.0,0,0.0,0.0,0.0,0.0,0.0,0.0,138539.6,0.0,0.0
4168,Pennsylvania,Erie,803.0,2016,Unspecified,"Landfill, WTE",1.0,nan,U,0.0,0,0,0,0.0,0,0.0,0.0,0.0,0.0,0.0,0.0,153994.0,0.0,0.0
4169,Pennsylvania,Erie,803.0,2017,Unspecified,"Landfill, WTE",1.0,nan,U,0.0,0,0,0,0.0,0,0.0,0.0,0.0,0.0,0.0,0.0,153082.9,0.0,0.0
4170,Pennsylvania,Erie,803.0,2018,Unspecified,"Landfill, WTE",1.0,nan,U,0.0,0,0,0,0.0,0,0.0,0.0,0.0,0.0,0.0,0.0,112840.6,0.0,0.0
4171,Pennsylvania,Erie,803.0,2019,Unspecified,"Landfill, WTE",1.0,nan,U,0.0,0,0,0,0.0,0,0.0,0.0,0.0,0.0,0.0,0.0,105325.4,0.0,0.0
4172,Pennsylvania,Erie,803.0,2020,Unspecified,"Landfill, WTE",1.0,nan,U,0.0,0,0,0,0.0,0,0.0,0.0,0.0,0.0,0.0,0.0,108143.4,0.0,0.0
4173,Pennsylvania,Erie,803.0,2021,Unspecified,"Landfill, WTE",1.0,nan,U,0.0,0,0,0,0.0,0,0.0,0.0,0.0,0.0,0.0,0.0,195887.1,0.0,0.0
4174,Pennsylvania,Erie,803.0,2022,Unspecified,"Landfill, WTE",1.0,nan,U,0.0,0,0,0,0.0,0,0.0,0.0,0.0,0.0,0.0,0.0,197147.1,0.0,0.0
4175,Pennsylvania,Erie,803.0,2023,Unspecified,"Landfill, WTE",1.0,nan,U,0.0,0,0,0,0.0,0,0.0,0.0,0.0,0.0,0.0,0.0,202862.3,0.0,0.0
4176,Pennsylvania,Erie,803.0,2024,Unspecified,"Landfill, WTE",1.0,nan,U,0.0,0,0,0,0.0,0,0.0,0.0,0.0,0.0,0.0,0.0,209481.6,0.0,0.0
4177,Pennsylvania,Fayette,803.0,2000,Unspecified,"Landfill, WTE",1.0,nan,U,0.0,0,0,0,0.0,0,0.0,0.0,0.0,0.0,0.0,0.0,70604.3,0.0,0.0
4178,Pennsylvania,Fayette,803.0,2001,Unspecified,"Landfill, WTE",1.0,nan,U,0.0,0,0,0,0.0,0,0.0,0.0,0.0,0.0,0.0,0.0,75515.2,0.0,0.0
4179,Pennsylvania,Fayette,803.0,2002,Unspecified,"Landfill, WTE",1.0,nan,U,0.0,0,0,0,0.0,0,0.0,0.0,0.0,0.0,0.0,0.0,75128.09999999999,0.0,0.0
4180,Pennsylvania,Fayette,803.0,2003,Unspecified,"Landfill, WTE",1.0,nan,U,0.0,0,0,0,0.0,0,0.0,0.0,0.0,0.0,0.0,0.0,80183.4,0.0,0.0
4181,Pennsylvania,Fayette,803.0,2004,Unspecified,"Landfill, WTE",1.0,nan,U,0.0,0,0,0,0.0,0,0.0,0.0,0.0,0.0,0.0,0.0,83612.69999999998,0.0,0.0
4182,Pennsylvania,Fayette,803.0,2005,Unspecified,"Landfill, WTE",1.0,nan,U,0.0,0,0,0,0.0,0,0.0,0.0,0.0,0.0,0.0,0.0,80811.2,0.0,0.0
4183,Pennsylvania,Fayette,803.0,2006,Unspecified,"Landfill, WTE",1.0,nan,U,0.0,0,0,0,0.0,0,0.0,0.0,0.0,0.0,0.0,0.0,83847.40000000001,0.0,0.0
4184,Pennsylvania,Fayette,803.0,2007,Unspecified,"Landfill, WTE",1.0,nan,U,0.0,0,0,0,0.0,0,0.0,0.0,0.0,0.0,0.0,0.0,83154.70000000003,0.0,0.0
4185,Pennsylvania,Fayette,803.0,2008,Unspecified,"Landfill, WTE",1.0,nan,U,0.0,0,0,0,0.0,0,0.0,0.0,0.0,0.0,0.0,0.0,80358.8,0.0,0.0
4186,Pennsylvania,Fayette,803.0,2009,Unspecified,"Landfill, WTE",1.0,nan,U,0.0,0,0,0,0.0,0,0.0,0.0,0.0,0.0,0.0,0.0,79412.4,0.0,0.0
4187,Pennsylvania,Fayette,803.0,2010,Unspecified,"Landfill, WTE",1.0,nan,U,0.0,0,0,0,0.0,0,0.0,0.0,0.0,0.0,0.0,0.0,82481.7,0.0,0.0
4188,Pennsylvania,Fayette,803.0,2011,Unspecified,"Landfill, WTE",1.0,nan,U,0.0,0,0,0,0.0,0,0.0,0.0,0.0,0.0,0.0,0.0,85900.5,0.0,0.0
4189,Pennsylvania,Fayette,803.0,2012,Unspecified,"Landfill, WTE",1.0,nan,U,0.0,0,0,0,0.0,0,0.0,0.0,0.0,0.0,0.0,0.0,81896.8,0.0,0.0
4190,Pennsylvania,Fayette,803.0,2013,Unspecified,"Landfill, WTE",1.0,nan,U,0.0,0,0,0,0.0,0,0.0,0.0,0.0,0.0,0.0,0.0,81661.7,0.0,0.0
4191,Pennsylvania,Fayette,803.0,2014,Unspecified,"Landfill, WTE",1.0,nan,U,0.0,0,0,0,0.0,0,0.0,0.0,0.0,0.0,0.0,0.0,80845.1,0.0,0.0
4192,Pennsylvania,Fayette,803.0,2015,Unspecified,"Landfill, WTE",1.0,nan,U,0.0,0,0,0,0.0,0,0.0,0.0,0.0,0.0,0.0,0.0,79475.30000000002,0.0,0.0
4193,Pennsylvania,Fayette,803.0,2016,Unspecified,"Landfill, WTE",1.0,nan,U,0.0,0,0,0,0.0,0,0.0,0.0,0.0,0.0,0.0,0.0,81429.5,0.0,0.0
4194,Pennsylvania,Fayette,803.0,2017,Unspecified,"Landfill, WTE",1.0,nan,U,0.0,0,0,0,0.0,0,0.0,0.0,0.0,0.0,0.0,0.0,82824.5,0.0,0.0
4195,Pennsylvania,Fayette,803.0,2018,Unspecified,"Landfill, WTE",1.0,nan,U,0.0,0,0,0,0.0,0,0.0,0.0,0.0,0.0,0.0,0.0,84865.29999999999,0.0,0.0
4196,Pennsylvania,Fayette,803.0,2019,Unspecified,"Landfill, WTE",1.0,nan,U,0.0,0,0,0,0.0,0,0.0,0.0,0.0,0.0,0.0,0.0,83694.3,0.0,0.0
4197,Pennsylvania,Fayette,803.0,2020,Unspecified,"Landfill, WTE",1.0,nan,U,0.0,0,0,0,0.0,0,0.0,0.0,0.0,0.0,0.0,0.0,82316.80000000002,0.0,0.0
4198,Pennsylvania,Fayette,803.0,2021,Unspecified,"Landfill, WTE",1.0,nan,U,0.0,0,0,0,0.0,0,0.0,0.0,0.0,0.0,0.0,0.0,82640.9,0.0,0.0
4199,Pennsylvania,Fayette,803.0,2022,Unspecified,"Landfill, WTE",1.0,nan,U,0.0,0,0,0,0.0,0,0.0,0.0,0.0,0.0,0.0,0.0,79207.09999999999,0.0,0.0
4200,Pennsylvania,Fayette,803.0,2023,Unspecified,"Landfill, WTE",1.0,nan,U,0.0,0,0,0,0.0,0,0.0,0.0,0.0,0.0,0.0,0.0,79935.8,0.0,0.0
4201,Pennsylvania,Fayette,803.0,2024,Unspecified,"Landfill, WTE",1.0,nan,U,0.0,0,0,0,0.0,0,0.0,0.0,0.0,0.0,0.0,0.0,82852.1,0.0,0.0
4202,Pennsylvania,Forest,803.0,2000,Unspecified,"Landfill, WTE",1.0,nan,U,0.0,0,0,0,0.0,0,0.0,0.0,0.0,0.0,0.0,0.0,3136.2,0.0,0.0
4203,Pennsylvania,Forest,803.0,2001,Unspecified,"Landfill, WTE",1.0,nan,U,0.0,0,0,0,0.0,0,0.0,0.0,0.0,0.0,0.0,0.0,2680.2,0.0,0.0
4204,Pennsylvania,Forest,803.0,2002,Unspecified,"Landfill, WTE",1.0,nan,U,0.0,0,0,0,0.0,0,0.0,0.0,0.0,0.0,0.0,0.0,7835.4,0.0,0.0
4205,Pennsylvania,Forest,803.0,2003,Unspecified,"Landfill, WTE",1.0,nan,U,0.0,0,0,0,0.0,0,0.0,0.0,0.0,0.0,0.0,0.0,3638.2,0.0,0.0
4206,Pennsylvania,Forest,803.0,2004,Unspecified,"Landfill, WTE",1.0,nan,U,0.0,0,0,0,0.0,0,0.0,0.0,0.0,0.0,0.0,0.0,3037.6,0.0,0.0
4207,Pennsylvania,Forest,803.0,2005,Unspecified,"Landfill, WTE",1.0,nan,U,0.0,0,0,0,0.0,0,0.0,0.0,0.0,0.0,0.0,0.0,3678.2000000000003,0.0,0.0
4208,Pennsylvania,Forest,803.0,2006,Unspecified,"Landfill, WTE",1.0,nan,U,0.0,0,0,0,0.0,0,0.0,0.0,0.0,0.0,0.0,0.0,4157.7,0.0,0.0
4209,Pennsylvania,Forest,803.0,2007,Unspecified,"Landfill, WTE",1.0,nan,U,0.0,0,0,0,0.0,0,0.0,0.0,0.0,0.0,0.0,0.0,3413.4,0.0,0.0
4210,Pennsylvania,Forest,803.0,2008,Unspecified,"Landfill, WTE",1.0,nan,U,0.0,0,0,0,0.0,0,0.0,0.0,0.0,0.0,0.0,0.0,1024.4,0.0,0.0
4211,Pennsylvania,Forest,803.0,2009,Unspecified,"Landfill, WTE",1.0,nan,U,0.0,0,0,0,0.0,0,0.0,0.0,0.0,0.0,0.0,0.0,15.5,0.0,0.0
4212,Pennsylvania,Forest,803.0,2010,Unspecified,"Landfill, WTE",1.0,nan,U,0.0,0,0,0,0.0,0,0.0,0.0,0.0,0.0,0.0,0.0,44.3,0.0,0.0
4213,Pennsylvania,Forest,803.0,2011,Unspecified,"Landfill, WTE",1.0,nan,U,0.0,0,0,0,0.0,0,0.0,0.0,0.0,0.0,0.0,0.0,2.9,0.0,0.0
4214,Pennsylvania,Forest,803.0,2012,Unspecified,"Landfill, WTE",1.0,nan,U,0.0,0,0,0,0.0,0,0.0,0.0,0.0,0.0,0.0,0.0,11.9,0.0,0.0
4215,Pennsylvania,Forest,803.0,2013,Unspecified,"Landfill, WTE",1.0,nan,U,0.0,0,0,0,0.0,0,0.0,0.0,0.0,0.0,0.0,0.0,23.9,0.0,0.0
4216,Pennsylvania,Forest,803.0,2014,Unspecified,"Landfill, WTE",1.0,nan,U,0.0,0,0,0,0.0,0,0.0,0.0,0.0,0.0,0.0,0.0,30.7,0.0,0.0
4217,Pennsylvania,Forest,803.0,2015,Unspecified,"Landfill, WTE",1.0,nan,U,0.0,0,0,0,0.0,0,0.0,0.0,0.0,0.0,0.0,0.0,115.9,0.0,0.0
4218,Pennsylvania,Forest,803.0,2016,Unspecified,"Landfill, WTE",1.0,nan,U,0.0,0,0,0,0.0,0,0.0,0.0,0.0,0.0,0.0,0.0,63.6,0.0,0.0
4219,Pennsylvania,Forest,803.0,2017,Unspecified,"Landfill, WTE",1.0,nan,U,0.0,0,0,0,0.0,0,0.0,0.0,0.0,0.0,0.0,0.0,124.6,0.0,0.0
4220,Pennsylvania,Forest,803.0,2018,Unspecified,"Landfill, WTE",1.0,nan,U,0.0,0,0,0,0.0,0,0.0,0.0,0.0,0.0,0.0,0.0,89.5,0.0,0.0
4221,Pennsylvania,Forest,803.0,2019,Unspecified,"Landfill, WTE",1.0,nan,U,0.0,0,0,0,0.0,0,0.0,0.0,0.0,0.0,0.0,0.0,10.899999999999999,0.0,0.0
4222,Pennsylvania,Forest,803.0,2020,Unspecified,"Landfill, WTE",1.0,nan,U,0.0,0,0,0,0.0,0,0.0,0.0,0.0,0.0,0.0,0.0,1.0,0.0,0.0
4223,Pennsylvania,Forest,803.0,2021,Unspecified,"Landfill, WTE",1.0,nan,U,0.0,0,0,0,0.0,0,0.0,0.0,0.0,0.0,0.0,0.0,2.3,0.0,0.0
4224,Pennsylvania,Forest,803.0,2022,Unspecified,"Landfill, WTE",1.0,nan,U,0.0,0,0,0,0.0,0,0.0,0.0,0.0,0.0,0.0,0.0,7.4,0.0,0.0
4225,Pennsylvania,Forest,803.0,2023,Unspecified,"Landfill, WTE",1.0,nan,U,0.0,0,0,0,0.0,0,0.0,0.0,0.0,0.0,0.0,0.0,36.6,0.0,0.0
4226,Pennsylvania,Forest,803.0,2024,Unspecified,"Landfill, WTE",1.0,nan,U,0.0,0,0,0,0.0,0,0.0,0.0,0.0,0.0,0.0,0.0,8.1,0.0,0.0
4227,Pennsylvania,Franklin,803.0,2000,Unspecified,"Landfill, WTE",1.0,nan,U,0.0,0,0,0,0.0,0,0.0,0.0,0.0,0.0,0.0,0.0,79448.6,0.0,0.0
4228,Pennsylvania,Franklin,803.0,2001,Unspecified,"Landfill, WTE",1.0,nan,U,0.0,0,0,0,0.0,0,0.0,0.0,0.0,0.0,0.0,0.0,88593.20000000001,0.0,0.0
4229,Pennsylvania,Franklin,803.0,2002,Unspecified,"Landfill, WTE",1.0,nan,U,0.0,0,0,0,0.0,0,0.0,0.0,0.0,0.0,0.0,0.0,86224.2,0.0,0.0
4230,Pennsylvania,Franklin,803.0,2003,Unspecified,"Landfill, WTE",1.0,nan,U,0.0,0,0,0,0.0,0,0.0,0.0,0.0,0.0,0.0,0.0,92958.6,0.0,0.0
4231,Pennsylvania,Franklin,803.0,2004,Unspecified,"Landfill, WTE",1.0,nan,U,0.0,0,0,0,0.0,0,0.0,0.0,0.0,0.0,0.0,0.0,95232.6,0.0,0.0
4232,Pennsylvania,Franklin,803.0,2005,Unspecified,"Landfill, WTE",1.0,nan,U,0.0,0,0,0,0.0,0,0.0,0.0,0.0,0.0,0.0,0.0,98751.7,0.0,0.0
4233,Pennsylvania,Franklin,803.0,2006,Unspecified,"Landfill, WTE",1.0,nan,U,0.0,0,0,0,0.0,0,0.0,0.0,0.0,0.0,0.0,0.0,106913.1,0.0,0.0
4234,Pennsylvania,Franklin,803.0,2007,Unspecified,"Landfill, WTE",1.0,nan,U,0.0,0,0,0,0.0,0,0.0,0.0,0.0,0.0,0.0,0.0,104703.79999999999,0.0,0.0
4235,Pennsylvania,Franklin,803.0,2008,Unspecified,"Landfill, WTE",1.0,nan,U,0.0,0,0,0,0.0,0,0.0,0.0,0.0,0.0,0.0,0.0,105201.9,0.0,0.0
4236,Pennsylvania,Franklin,803.0,2009,Unspecified,"Landfill, WTE",1.0,nan,U,0.0,0,0,0,0.0,0,0.0,0.0,0.0,0.0,0.0,0.0,97740.6,0.0,0.0
4237,Pennsylvania,Franklin,803.0,2010,Unspecified,"Landfill, WTE",1.0,nan,U,0.0,0,0,0,0.0,0,0.0,0.0,0.0,0.0,0.0,0.0,97081.4,0.0,0.0
4238,Pennsylvania,Franklin,803.0,2011,Unspecified,"Landfill, WTE",1.0,nan,U,0.0,0,0,0,0.0,0,0.0,0.0,0.0,0.0,0.0,0.0,98216.80000000002,0.0,0.0
4239,Pennsylvania,Franklin,803.0,2012,Unspecified,"Landfill, WTE",1.0,nan,U,0.0,0,0,0,0.0,0,0.0,0.0,0.0,0.0,0.0,0.0,95463.8,0.0,0.0
4240,Pennsylvania,Franklin,803.0,2013,Unspecified,"Landfill, WTE",1.0,nan,U,0.0,0,0,0,0.0,0,0.0,0.0,0.0,0.0,0.0,0.0,90136.8,0.0,0.0
4241,Pennsylvania,Franklin,803.0,2014,Unspecified,"Landfill, WTE",1.0,nan,U,0.0,0,0,0,0.0,0,0.0,0.0,0.0,0.0,0.0,0.0,92012.1,0.0,0.0
4242,Pennsylvania,Franklin,803.0,2015,Unspecified,"Landfill, WTE",1.0,nan,U,0.0,0,0,0,0.0,0,0.0,0.0,0.0,0.0,0.0,0.0,99011.99999999999,0.0,0.0
4243,Pennsylvania,Franklin,803.0,2016,Unspecified,"Landfill, WTE",1.0,nan,U,0.0,0,0,0,0.0,0,0.0,0.0,0.0,0.0,0.0,0.0,96288.1,0.0,0.0
4244,Pennsylvania,Franklin,803.0,2017,Unspecified,"Landfill, WTE",1.0,nan,U,0.0,0,0,0,0.0,0,0.0,0.0,0.0,0.0,0.0,0.0,99523.00000000003,0.0,0.0
4245,Pennsylvania,Franklin,803.0,2018,Unspecified,"Landfill, WTE",1.0,nan,U,0.0,0,0,0,0.0,0,0.0,0.0,0.0,0.0,0.0,0.0,109284.5,0.0,0.0
4246,Pennsylvania,Franklin,803.0,2019,Unspecified,"Landfill, WTE",1.0,nan,U,0.0,0,0,0,0.0,0,0.0,0.0,0.0,0.0,0.0,0.0,109060.6,0.0,0.0
4247,Pennsylvania,Franklin,803.0,2020,Unspecified,"Landfill, WTE",1.0,nan,U,0.0,0,0,0,0.0,0,0.0,0.0,0.0,0.0,0.0,0.0,109063.3,0.0,0.0
4248,Pennsylvania,Franklin,803.0,2021,Unspecified,"Landfill, WTE",1.0,nan,U,0.0,0,0,0,0.0,0,0.0,0.0,0.0,0.0,0.0,0.0,111898.20000000001,0.0,0.0
4249,Pennsylvania,Franklin,803.0,2022,Unspecified,"Landfill, WTE",1.0,nan,U,0.0,0,0,0,0.0,0,0.0,0.0,0.0,0.0,0.0,0.0,109275.6,0.0,0.0
4250,Pennsylvania,Franklin,803.0,2023,Unspecified,"Landfill, WTE",1.0,nan,U,0.0,0,0,0,0.0,0,0.0,0.0,0.0,0.0,0.0,0.0,103572.4,0.0,0.0
4251,Pennsylvania,Franklin,803.0,2024,Unspecified,"Landfill, WTE",1.0,nan,U,0.0,0,0,0,0.0,0,0.0,0.0,0.0,0.0,0.0,0.0,117405.79999999999,0.0,0.0
4252,Pennsylvania,Fulton,803.0,2000,Unspecified,"Landfill, WTE",1.0,nan,U,0.0,0,0,0,0.0,0,0.0,0.0,0.0,0.0,0.0,0.0,4694.0,0.0,0.0
4253,Pennsylvania,Fulton,803.0,2001,Unspecified,"Landfill, WTE",1.0,nan,U,0.0,0,0,0,0.0,0,0.0,0.0,0.0,0.0,0.0,0.0,5279.3,0.0,0.0
4254,Pennsylvania,Fulton,803.0,2002,Unspecified,"Landfill, WTE",1.0,nan,U,0.0,0,0,0,0.0,0,0.0,0.0,0.0,0.0,0.0,0.0,5489.0,0.0,0.0
4255,Pennsylvania,Fulton,803.0,2003,Unspecified,"Landfill, WTE",1.0,nan,U,0.0,0,0,0,0.0,0,0.0,0.0,0.0,0.0,0.0,0.0,5864.6,0.0,0.0
4256,Pennsylvania,Fulton,803.0,2004,Unspecified,"Landfill, WTE",1.0,nan,U,0.0,0,0,0,0.0,0,0.0,0.0,0.0,0.0,0.0,0.0,6317.9,0.0,0.0
4257,Pennsylvania,Fulton,803.0,2005,Unspecified,"Landfill, WTE",1.0,nan,U,0.0,0,0,0,0.0,0,0.0,0.0,0.0,0.0,0.0,0.0,6237.1,0.0,0.0
4258,Pennsylvania,Fulton,803.0,2006,Unspecified,"Landfill, WTE",1.0,nan,U,0.0,0,0,0,0.0,0,0.0,0.0,0.0,0.0,0.0,0.0,6355.7,0.0,0.0
4259,Pennsylvania,Fulton,803.0,2007,Unspecified,"Landfill, WTE",1.0,nan,U,0.0,0,0,0,0.0,0,0.0,0.0,0.0,0.0,0.0,0.0,5642.7,0.0,0.0
4260,Pennsylvania,Fulton,803.0,2008,Unspecified,"Landfill, WTE",1.0,nan,U,0.0,0,0,0,0.0,0,0.0,0.0,0.0,0.0,0.0,0.0,5561.4,0.0,0.0
4261,Pennsylvania,Fulton,803.0,2009,Unspecified,"Landfill, WTE",1.0,nan,U,0.0,0,0,0,0.0,0,0.0,0.0,0.0,0.0,0.0,0.0,5390.1,0.0,0.0
4262,Pennsylvania,Fulton,803.0,2010,Unspecified,"Landfill, WTE",1.0,nan,U,0.0,0,0,0,0.0,0,0.0,0.0,0.0,0.0,0.0,0.0,4621.0,0.0,0.0
4263,Pennsylvania,Fulton,803.0,2011,Unspecified,"Landfill, WTE",1.0,nan,U,0.0,0,0,0,0.0,0,0.0,0.0,0.0,0.0,0.0,0.0,5448.999999999999,0.0,0.0
4264,Pennsylvania,Fulton,803.0,2012,Unspecified,"Landfill, WTE",1.0,nan,U,0.0,0,0,0,0.0,0,0.0,0.0,0.0,0.0,0.0,0.0,5270.3,0.0,0.0
4265,Pennsylvania,Fulton,803.0,2013,Unspecified,"Landfill, WTE",1.0,nan,U,0.0,0,0,0,0.0,0,0.0,0.0,0.0,0.0,0.0,0.0,3361.2000000000003,0.0,0.0
4266,Pennsylvania,Fulton,803.0,2014,Unspecified,"Landfill, WTE",1.0,nan,U,0.0,0,0,0,0.0,0,0.0,0.0,0.0,0.0,0.0,0.0,3400.8,0.0,0.0
4267,Pennsylvania,Fulton,803.0,2015,Unspecified,"Landfill, WTE",1.0,nan,U,0.0,0,0,0,0.0,0,0.0,0.0,0.0,0.0,0.0,0.0,3488.5,0.0,0.0
4268,Pennsylvania,Fulton,803.0,2016,Unspecified,"Landfill, WTE",1.0,nan,U,0.0,0,0,0,0.0,0,0.0,0.0,0.0,0.0,0.0,0.0,3337.6,0.0,0.0
4269,Pennsylvania,Fulton,803.0,2017,Unspecified,"Landfill, WTE",1.0,nan,U,0.0,0,0,0,0.0,0,0.0,0.0,0.0,0.0,0.0,0.0,3286.5,0.0,0.0
4270,Pennsylvania,Fulton,803.0,2018,Unspecified,"Landfill, WTE",1.0,nan,U,0.0,0,0,0,0.0,0,0.0,0.0,0.0,0.0,0.0,0.0,3159.0,0.0,0.0
4271,Pennsylvania,Fulton,803.0,2019,Unspecified,"Landfill, WTE",1.0,nan,U,0.0,0,0,0,0.0,0,0.0,0.0,0.0,0.0,0.0,0.0,894.2,0.0,0.0
4272,Pennsylvania,Fulton,803.0,2020,Unspecified,"Landfill, WTE",1.0,nan,U,0.0,0,0,0,0.0,0,0.0,0.0,0.0,0.0,0.0,0.0,1074.8,0.0,0.0
4273,Pennsylvania,Fulton,803.0,2021,Unspecified,"Landfill, WTE",1.0,nan,U,0.0,0,0,0,0.0,0,0.0,0.0,0.0,0.0,0.0,0.0,1034.5,0.0,0.0
4274,Pennsylvania,Fulton,803.0,2022,Unspecified,"Landfill, WTE",1.0,nan,U,0.0,0,0,0,0.0,0,0.0,0.0,0.0,0.0,0.0,0.0,1172.5,0.0,0.0
4275,Pennsylvania,Fulton,803.0,2023,Unspecified,"Landfill, WTE",1.0,nan,U,0.0,0,0,0,0.0,0,0.0,0.0,0.0,0.0,0.0,0.0,896.5,0.0,0.0
4276,Pennsylvania,Fulton,803.0,2024,Unspecified,"Landfill, WTE",1.0,nan,U,0.0,0,0,0,0.0,0,0.0,0.0,0.0,0.0,0.0,0.0,1146.6,0.0,0.0
4277,Pennsylvania,Greene,803.0,2000,Unspecified,"Landfill, WTE",1.0,nan,U,0.0,0,0,0,0.0,0,0.0,0.0,0.0,0.0,0.0,0.0,20849.399999999998,0.0,0.0
4278,Pennsylvania,Greene,803.0,2001,Unspecified,"Landfill, WTE",1.0,nan,U,0.0,0,0,0,0.0,0,0.0,0.0,0.0,0.0,0.0,0.0,21740.7,0.0,0.0
4279,Pennsylvania,Greene,803.0,2002,Unspecified,"Landfill, WTE",1.0,nan,U,0.0,0,0,0,0.0,0,0.0,0.0,0.0,0.0,0.0,0.0,22476.100000000002,0.0,0.0
4280,Pennsylvania,Greene,803.0,2003,Unspecified,"Landfill, WTE",1.0,nan,U,0.0,0,0,0,0.0,0,0.0,0.0,0.0,0.0,0.0,0.0,23729.499999999996,0.0,0.0
4281,Pennsylvania,Greene,803.0,2004,Unspecified,"Landfill, WTE",1.0,nan,U,0.0,0,0,0,0.0,0,0.0,0.0,0.0,0.0,0.0,0.0,23722.699999999997,0.0,0.0
4282,Pennsylvania,Greene,803.0,2005,Unspecified,"Landfill, WTE",1.0,nan,U,0.0,0,0,0,0.0,0,0.0,0.0,0.0,0.0,0.0,0.0,22552.8,0.0,0.0
4283,Pennsylvania,Greene,803.0,2006,Unspecified,"Landfill, WTE",1.0,nan,U,0.0,0,0,0,0.0,0,0.0,0.0,0.0,0.0,0.0,0.0,22080.5,0.0,0.0
4284,Pennsylvania,Greene,803.0,2007,Unspecified,"Landfill, WTE",1.0,nan,U,0.0,0,0,0,0.0,0,0.0,0.0,0.0,0.0,0.0,0.0,21921.8,0.0,0.0
4285,Pennsylvania,Greene,803.0,2008,Unspecified,"Landfill, WTE",1.0,nan,U,0.0,0,0,0,0.0,0,0.0,0.0,0.0,0.0,0.0,0.0,20808.8,0.0,0.0
4286,Pennsylvania,Greene,803.0,2009,Unspecified,"Landfill, WTE",1.0,nan,U,0.0,0,0,0,0.0,0,0.0,0.0,0.0,0.0,0.0,0.0,21046.1,0.0,0.0
4287,Pennsylvania,Greene,803.0,2010,Unspecified,"Landfill, WTE",1.0,nan,U,0.0,0,0,0,0.0,0,0.0,0.0,0.0,0.0,0.0,0.0,21892.4,0.0,0.0
4288,Pennsylvania,Greene,803.0,2011,Unspecified,"Landfill, WTE",1.0,nan,U,0.0,0,0,0,0.0,0,0.0,0.0,0.0,0.0,0.0,0.0,22070.399999999998,0.0,0.0
4289,Pennsylvania,Greene,803.0,2012,Unspecified,"Landfill, WTE",1.0,nan,U,0.0,0,0,0,0.0,0,0.0,0.0,0.0,0.0,0.0,0.0,20706.7,0.0,0.0
4290,Pennsylvania,Greene,803.0,2013,Unspecified,"Landfill, WTE",1.0,nan,U,0.0,0,0,0,0.0,0,0.0,0.0,0.0,0.0,0.0,0.0,19308.7,0.0,0.0
4291,Pennsylvania,Greene,803.0,2014,Unspecified,"Landfill, WTE",1.0,nan,U,0.0,0,0,0,0.0,0,0.0,0.0,0.0,0.0,0.0,0.0,21081.8,0.0,0.0
4292,Pennsylvania,Greene,803.0,2015,Unspecified,"Landfill, WTE",1.0,nan,U,0.0,0,0,0,0.0,0,0.0,0.0,0.0,0.0,0.0,0.0,21362.600000000002,0.0,0.0
4293,Pennsylvania,Greene,803.0,2016,Unspecified,"Landfill, WTE",1.0,nan,U,0.0,0,0,0,0.0,0,0.0,0.0,0.0,0.0,0.0,0.0,18584.1,0.0,0.0
4294,Pennsylvania,Greene,803.0,2017,Unspecified,"Landfill, WTE",1.0,nan,U,0.0,0,0,0,0.0,0,0.0,0.0,0.0,0.0,0.0,0.0,18282.699999999997,0.0,0.0
4295,Pennsylvania,Greene,803.0,2018,Unspecified,"Landfill, WTE",1.0,nan,U,0.0,0,0,0,0.0,0,0.0,0.0,0.0,0.0,0.0,0.0,18481.9,0.0,0.0
4296,Pennsylvania,Greene,803.0,2019,Unspecified,"Landfill, WTE",1.0,nan,U,0.0,0,0,0,0.0,0,0.0,0.0,0.0,0.0,0.0,0.0,20102.600000000002,0.0,0.0
4297,Pennsylvania,Greene,803.0,2020,Unspecified,"Landfill, WTE",1.0,nan,U,0.0,0,0,0,0.0,0,0.0,0.0,0.0,0.0,0.0,0.0,18807.6,0.0,0.0
4298,Pennsylvania,Greene,803.0,2021,Unspecified,"Landfill, WTE",1.0,nan,U,0.0,0,0,0,0.0,0,0.0,0.0,0.0,0.0,0.0,0.0,39109.2,0.0,0.0
4299,Pennsylvania,Greene,803.0,2022,Unspecified,"Landfill, WTE",1.0,nan,U,0.0,0,0,0,0.0,0,0.0,0.0,0.0,0.0,0.0,0.0,48540.299999999996,0.0,0.0
4300,Pennsylvania,Greene,803.0,2023,Unspecified,"Landfill, WTE",1.0,nan,U,0.0,0,0,0,0.0,0,0.0,0.0,0.0,0.0,0.0,0.0,51750.0,0.0,0.0
4301,Pennsylvania,Greene,803.0,2024,Unspecified,"Landfill, WTE",1.0,nan,U,0.0,0,0,0,0.0,0,0.0,0.0,0.0,0.0,0.0,0.0,54816.5,0.0,0.0
4302,Pennsylvania,Huntingdon,803.0,2000,Unspecified,"Landfill, WTE",1.0,nan,U,0.0,0,0,0,0.0,0,0.0,0.0,0.0,0.0,0.0,0.0,14736.699999999999,0.0,0.0
4303,Pennsylvania,Huntingdon,803.0,2001,Unspecified,"Landfill, WTE",1.0,nan,U,0.0,0,0,0,0.0,0,0.0,0.0,0.0,0.0,0.0,0.0,18602.300000000003,0.0,0.0
4304,Pennsylvania,Huntingdon,803.0,2002,Unspecified,"Landfill, WTE",1.0,nan,U,0.0,0,0,0,0.0,0,0.0,0.0,0.0,0.0,0.0,0.0,27773.199999999997,0.0,0.0
4305,Pennsylvania,Huntingdon,803.0,2003,Unspecified,"Landfill, WTE",1.0,nan,U,0.0,0,0,0,0.0,0,0.0,0.0,0.0,0.0,0.0,0.0,22214.100000000002,0.0,0.0
4306,Pennsylvania,Huntingdon,803.0,2004,Unspecified,"Landfill, WTE",1.0,nan,U,0.0,0,0,0,0.0,0,0.0,0.0,0.0,0.0,0.0,0.0,23959.499999999996,0.0,0.0
4307,Pennsylvania,Huntingdon,803.0,2005,Unspecified,"Landfill, WTE",1.0,nan,U,0.0,0,0,0,0.0,0,0.0,0.0,0.0,0.0,0.0,0.0,22918.0,0.0,0.0
4308,Pennsylvania,Huntingdon,803.0,2006,Unspecified,"Landfill, WTE",1.0,nan,U,0.0,0,0,0,0.0,0,0.0,0.0,0.0,0.0,0.0,0.0,22771.4,0.0,0.0
4309,Pennsylvania,Huntingdon,803.0,2007,Unspecified,"Landfill, WTE",1.0,nan,U,0.0,0,0,0,0.0,0,0.0,0.0,0.0,0.0,0.0,0.0,23832.7,0.0,0.0
4310,Pennsylvania,Huntingdon,803.0,2008,Unspecified,"Landfill, WTE",1.0,nan,U,0.0,0,0,0,0.0,0,0.0,0.0,0.0,0.0,0.0,0.0,23479.299999999996,0.0,0.0
4311,Pennsylvania,Huntingdon,803.0,2009,Unspecified,"Landfill, WTE",1.0,nan,U,0.0,0,0,0,0.0,0,0.0,0.0,0.0,0.0,0.0,0.0,24754.8,0.0,0.0
4312,Pennsylvania,Huntingdon,803.0,2010,Unspecified,"Landfill, WTE",1.0,nan,U,0.0,0,0,0,0.0,0,0.0,0.0,0.0,0.0,0.0,0.0,23055.9,0.0,0.0
4313,Pennsylvania,Huntingdon,803.0,2011,Unspecified,"Landfill, WTE",1.0,nan,U,0.0,0,0,0,0.0,0,0.0,0.0,0.0,0.0,0.0,0.0,22361.500000000004,0.0,0.0
4314,Pennsylvania,Huntingdon,803.0,2012,Unspecified,"Landfill, WTE",1.0,nan,U,0.0,0,0,0,0.0,0,0.0,0.0,0.0,0.0,0.0,0.0,25049.100000000002,0.0,0.0
4315,Pennsylvania,Huntingdon,803.0,2013,Unspecified,"Landfill, WTE",1.0,nan,U,0.0,0,0,0,0.0,0,0.0,0.0,0.0,0.0,0.0,0.0,28096.399999999994,0.0,0.0
4316,Pennsylvania,Huntingdon,803.0,2014,Unspecified,"Landfill, WTE",1.0,nan,U,0.0,0,0,0,0.0,0,0.0,0.0,0.0,0.0,0.0,0.0,29578.4,0.0,0.0
4317,Pennsylvania,Huntingdon,803.0,2015,Unspecified,"Landfill, WTE",1.0,nan,U,0.0,0,0,0,0.0,0,0.0,0.0,0.0,0.0,0.0,0.0,28250.4,0.0,0.0
4318,Pennsylvania,Huntingdon,803.0,2016,Unspecified,"Landfill, WTE",1.0,nan,U,0.0,0,0,0,0.0,0,0.0,0.0,0.0,0.0,0.0,0.0,29594.3,0.0,0.0
4319,Pennsylvania,Huntingdon,803.0,2017,Unspecified,"Landfill, WTE",1.0,nan,U,0.0,0,0,0,0.0,0,0.0,0.0,0.0,0.0,0.0,0.0,32948.2,0.0,0.0
4320,Pennsylvania,Huntingdon,803.0,2018,Unspecified,"Landfill, WTE",1.0,nan,U,0.0,0,0,0,0.0,0,0.0,0.0,0.0,0.0,0.0,0.0,36051.6,0.0,0.0
4321,Pennsylvania,Huntingdon,803.0,2019,Unspecified,"Landfill, WTE",1.0,nan,U,0.0,0,0,0,0.0,0,0.0,0.0,0.0,0.0,0.0,0.0,35826.4,0.0,0.0
4322,Pennsylvania,Huntingdon,803.0,2020,Unspecified,"Landfill, WTE",1.0,nan,U,0.0,0,0,0,0.0,0,0.0,0.0,0.0,0.0,0.0,0.0,37522.9,0.0,0.0
4323,Pennsylvania,Huntingdon,803.0,2021,Unspecified,"Landfill, WTE",1.0,nan,U,0.0,0,0,0,0.0,0,0.0,0.0,0.0,0.0,0.0,0.0,39825.100000000006,0.0,0.0
4324,Pennsylvania,Huntingdon,803.0,2022,Unspecified,"Landfill, WTE",1.0,nan,U,0.0,0,0,0,0.0,0,0.0,0.0,0.0,0.0,0.0,0.0,35241.700000000004,0.0,0.0
4325,Pennsylvania,Huntingdon,803.0,2023,Unspecified,"Landfill, WTE",1.0,nan,U,0.0,0,0,0,0.0,0,0.0,0.0,0.0,0.0,0.0,0.0,30577.500000000004,0.0,0.0
4326,Pennsylvania,Huntingdon,803.0,2024,Unspecified,"Landfill, WTE",1.0,nan,U,0.0,0,0,0,0.0,0,0.0,0.0,0.0,0.0,0.0,0.0,37895.7,0.0,0.0
4327,Pennsylvania,Jefferson,803.0,2000,Unspecified,"Landfill, WTE",1.0,nan,U,0.0,0,0,0,0.0,0,0.0,0.0,0.0,0.0,0.0,0.0,23442.399999999998,0.0,0.0
4328,Pennsylvania,Jefferson,803.0,2001,Unspecified,"Landfill, WTE",1.0,nan,U,0.0,0,0,0,0.0,0,0.0,0.0,0.0,0.0,0.0,0.0,24590.9,0.0,0.0
4329,Pennsylvania,Jefferson,803.0,2002,Unspecified,"Landfill, WTE",1.0,nan,U,0.0,0,0,0,0.0,0,0.0,0.0,0.0,0.0,0.0,0.0,25622.4,0.0,0.0
4330,Pennsylvania,Jefferson,803.0,2003,Unspecified,"Landfill, WTE",1.0,nan,U,0.0,0,0,0,0.0,0,0.0,0.0,0.0,0.0,0.0,0.0,26778.5,0.0,0.0
4331,Pennsylvania,Jefferson,803.0,2004,Unspecified,"Landfill, WTE",1.0,nan,U,0.0,0,0,0,0.0,0,0.0,0.0,0.0,0.0,0.0,0.0,26915.999999999996,0.0,0.0
4332,Pennsylvania,Jefferson,803.0,2005,Unspecified,"Landfill, WTE",1.0,nan,U,0.0,0,0,0,0.0,0,0.0,0.0,0.0,0.0,0.0,0.0,28513.7,0.0,0.0
4333,Pennsylvania,Jefferson,803.0,2006,Unspecified,"Landfill, WTE",1.0,nan,U,0.0,0,0,0,0.0,0,0.0,0.0,0.0,0.0,0.0,0.0,30033.3,0.0,0.0
4334,Pennsylvania,Jefferson,803.0,2007,Unspecified,"Landfill, WTE",1.0,nan,U,0.0,0,0,0,0.0,0,0.0,0.0,0.0,0.0,0.0,0.0,28064.4,0.0,0.0
4335,Pennsylvania,Jefferson,803.0,2008,Unspecified,"Landfill, WTE",1.0,nan,U,0.0,0,0,0,0.0,0,0.0,0.0,0.0,0.0,0.0,0.0,27188.000000000004,0.0,0.0
4336,Pennsylvania,Jefferson,803.0,2009,Unspecified,"Landfill, WTE",1.0,nan,U,0.0,0,0,0,0.0,0,0.0,0.0,0.0,0.0,0.0,0.0,24083.9,0.0,0.0
4337,Pennsylvania,Jefferson,803.0,2010,Unspecified,"Landfill, WTE",1.0,nan,U,0.0,0,0,0,0.0,0,0.0,0.0,0.0,0.0,0.0,0.0,23265.0,0.0,0.0
4338,Pennsylvania,Jefferson,803.0,2011,Unspecified,"Landfill, WTE",1.0,nan,U,0.0,0,0,0,0.0,0,0.0,0.0,0.0,0.0,0.0,0.0,23452.7,0.0,0.0
4339,Pennsylvania,Jefferson,803.0,2012,Unspecified,"Landfill, WTE",1.0,nan,U,0.0,0,0,0,0.0,0,0.0,0.0,0.0,0.0,0.0,0.0,24116.3,0.0,0.0
4340,Pennsylvania,Jefferson,803.0,2013,Unspecified,"Landfill, WTE",1.0,nan,U,0.0,0,0,0,0.0,0,0.0,0.0,0.0,0.0,0.0,0.0,24874.600000000002,0.0,0.0
4341,Pennsylvania,Jefferson,803.0,2014,Unspecified,"Landfill, WTE",1.0,nan,U,0.0,0,0,0,0.0,0,0.0,0.0,0.0,0.0,0.0,0.0,25588.5,0.0,0.0
4342,Pennsylvania,Jefferson,803.0,2015,Unspecified,"Landfill, WTE",1.0,nan,U,0.0,0,0,0,0.0,0,0.0,0.0,0.0,0.0,0.0,0.0,24094.6,0.0,0.0
4343,Pennsylvania,Jefferson,803.0,2016,Unspecified,"Landfill, WTE",1.0,nan,U,0.0,0,0,0,0.0,0,0.0,0.0,0.0,0.0,0.0,0.0,22363.5,0.0,0.0
4344,Pennsylvania,Jefferson,803.0,2017,Unspecified,"Landfill, WTE",1.0,nan,U,0.0,0,0,0,0.0,0,0.0,0.0,0.0,0.0,0.0,0.0,22340.5,0.0,0.0
4345,Pennsylvania,Jefferson,803.0,2018,Unspecified,"Landfill, WTE",1.0,nan,U,0.0,0,0,0,0.0,0,0.0,0.0,0.0,0.0,0.0,0.0,21394.1,0.0,0.0
4346,Pennsylvania,Jefferson,803.0,2019,Unspecified,"Landfill, WTE",1.0,nan,U,0.0,0,0,0,0.0,0,0.0,0.0,0.0,0.0,0.0,0.0,22705.2,0.0,0.0
4347,Pennsylvania,Jefferson,803.0,2020,Unspecified,"Landfill, WTE",1.0,nan,U,0.0,0,0,0,0.0,0,0.0,0.0,0.0,0.0,0.0,0.0,21940.3,0.0,0.0
4348,Pennsylvania,Jefferson,803.0,2021,Unspecified,"Landfill, WTE",1.0,nan,U,0.0,0,0,0,0.0,0,0.0,0.0,0.0,0.0,0.0,0.0,23065.300000000003,0.0,0.0
4349,Pennsylvania,Jefferson,803.0,2022,Unspecified,"Landfill, WTE",1.0,nan,U,0.0,0,0,0,0.0,0,0.0,0.0,0.0,0.0,0.0,0.0,21029.0,0.0,0.0
4350,Pennsylvania,Jefferson,803.0,2023,Unspecified,"Landfill, WTE",1.0,nan,U,0.0,0,0,0,0.0,0,0.0,0.0,0.0,0.0,0.0,0.0,17579.4,0.0,0.0
4351,Pennsylvania,Jefferson,803.0,2024,Unspecified,"Landfill, WTE",1.0,nan,U,0.0,0,0,0,0.0,0,0.0,0.0,0.0,0.0,0.0,0.0,17669.5,0.0,0.0
4352,Pennsylvania,Juniata,803.0,2000,Unspecified,"Landfill, WTE",1.0,nan,U,0.0,0,0,0,0.0,0,0.0,0.0,0.0,0.0,0.0,0.0,17654.5,0.0,0.0
4353,Pennsylvania,Juniata,803.0,2001,Unspecified,"Landfill, WTE",1.0,nan,U,0.0,0,0,0,0.0,0,0.0,0.0,0.0,0.0,0.0,0.0,10249.800000000001,0.0,0.0
4354,Pennsylvania,Juniata,803.0,2002,Unspecified,"Landfill, WTE",1.0,nan,U,0.0,0,0,0,0.0,0,0.0,0.0,0.0,0.0,0.0,0.0,8410.1,0.0,0.0
4355,Pennsylvania,Juniata,803.0,2003,Unspecified,"Landfill, WTE",1.0,nan,U,0.0,0,0,0,0.0,0,0.0,0.0,0.0,0.0,0.0,0.0,12611.2,0.0,0.0
4356,Pennsylvania,Juniata,803.0,2004,Unspecified,"Landfill, WTE",1.0,nan,U,0.0,0,0,0,0.0,0,0.0,0.0,0.0,0.0,0.0,0.0,13860.8,0.0,0.0
4357,Pennsylvania,Juniata,803.0,2005,Unspecified,"Landfill, WTE",1.0,nan,U,0.0,0,0,0,0.0,0,0.0,0.0,0.0,0.0,0.0,0.0,11322.900000000001,0.0,0.0
4358,Pennsylvania,Juniata,803.0,2006,Unspecified,"Landfill, WTE",1.0,nan,U,0.0,0,0,0,0.0,0,0.0,0.0,0.0,0.0,0.0,0.0,3141.7000000000003,0.0,0.0
4359,Pennsylvania,Juniata,803.0,2007,Unspecified,"Landfill, WTE",1.0,nan,U,0.0,0,0,0,0.0,0,0.0,0.0,0.0,0.0,0.0,0.0,2752.6,0.0,0.0
4360,Pennsylvania,Juniata,803.0,2008,Unspecified,"Landfill, WTE",1.0,nan,U,0.0,0,0,0,0.0,0,0.0,0.0,0.0,0.0,0.0,0.0,2608.9,0.0,0.0
4361,Pennsylvania,Juniata,803.0,2009,Unspecified,"Landfill, WTE",1.0,nan,U,0.0,0,0,0,0.0,0,0.0,0.0,0.0,0.0,0.0,0.0,1699.9,0.0,0.0
4362,Pennsylvania,Juniata,803.0,2010,Unspecified,"Landfill, WTE",1.0,nan,U,0.0,0,0,0,0.0,0,0.0,0.0,0.0,0.0,0.0,0.0,222.1,0.0,0.0
4363,Pennsylvania,Juniata,803.0,2011,Unspecified,"Landfill, WTE",1.0,nan,U,0.0,0,0,0,0.0,0,0.0,0.0,0.0,0.0,0.0,0.0,363.0,0.0,0.0
4364,Pennsylvania,Juniata,803.0,2012,Unspecified,"Landfill, WTE",1.0,nan,U,0.0,0,0,0,0.0,0,0.0,0.0,0.0,0.0,0.0,0.0,177.7,0.0,0.0
4365,Pennsylvania,Juniata,803.0,2013,Unspecified,"Landfill, WTE",1.0,nan,U,0.0,0,0,0,0.0,0,0.0,0.0,0.0,0.0,0.0,0.0,167.8,0.0,0.0
4366,Pennsylvania,Juniata,803.0,2014,Unspecified,"Landfill, WTE",1.0,nan,U,0.0,0,0,0,0.0,0,0.0,0.0,0.0,0.0,0.0,0.0,131.0,0.0,0.0
4367,Pennsylvania,Juniata,803.0,2015,Unspecified,"Landfill, WTE",1.0,nan,U,0.0,0,0,0,0.0,0,0.0,0.0,0.0,0.0,0.0,0.0,9356.099999999999,0.0,0.0
4368,Pennsylvania,Juniata,803.0,2016,Unspecified,"Landfill, WTE",1.0,nan,U,0.0,0,0,0,0.0,0,0.0,0.0,0.0,0.0,0.0,0.0,9148.9,0.0,0.0
4369,Pennsylvania,Juniata,803.0,2017,Unspecified,"Landfill, WTE",1.0,nan,U,0.0,0,0,0,0.0,0,0.0,0.0,0.0,0.0,0.0,0.0,9625.699999999999,0.0,0.0
4370,Pennsylvania,Juniata,803.0,2018,Unspecified,"Landfill, WTE",1.0,nan,U,0.0,0,0,0,0.0,0,0.0,0.0,0.0,0.0,0.0,0.0,9656.3,0.0,0.0
4371,Pennsylvania,Juniata,803.0,2019,Unspecified,"Landfill, WTE",1.0,nan,U,0.0,0,0,0,0.0,0,0.0,0.0,0.0,0.0,0.0,0.0,9858.1,0.0,0.0
4372,Pennsylvania,Juniata,803.0,2020,Unspecified,"Landfill, WTE",1.0,nan,U,0.0,0,0,0,0.0,0,0.0,0.0,0.0,0.0,0.0,0.0,9386.3,0.0,0.0
4373,Pennsylvania,Juniata,803.0,2021,Unspecified,"Landfill, WTE",1.0,nan,U,0.0,0,0,0,0.0,0,0.0,0.0,0.0,0.0,0.0,0.0,10518.699999999999,0.0,0.0
4374,Pennsylvania,Juniata,803.0,2022,Unspecified,"Landfill, WTE",1.0,nan,U,0.0,0,0,0,0.0,0,0.0,0.0,0.0,0.0,0.0,0.0,11740.800000000001,0.0,0.0
4375,Pennsylvania,Juniata,803.0,2023,Unspecified,"Landfill, WTE",1.0,nan,U,0.0,0,0,0,0.0,0,0.0,0.0,0.0,0.0,0.0,0.0,12562.4,0.0,0.0
4376,Pennsylvania,Juniata,803.0,2024,Unspecified,"Landfill, WTE",1.0,nan,U,0.0,0,0,0,0.0,0,0.0,0.0,0.0,0.0,0.0,0.0,13783.4,0.0,0.0
4377,Pennsylvania,Lackawanna,803.0,2000,Unspecified,"Landfill, WTE",1.0,nan,U,0.0,0,0,0,0.0,0,0.0,0.0,0.0,0.0,0.0,0.0,199236.9,0.0,0.0
4378,Pennsylvania,Lackawanna,803.0,2001,Unspecified,"Landfill, WTE",1.0,nan,U,0.0,0,0,0,0.0,0,0.0,0.0,0.0,0.0,0.0,0.0,216453.1,0.0,0.0
4379,Pennsylvania,Lackawanna,803.0,2002,Unspecified,"Landfill, WTE",1.0,nan,U,0.0,0,0,0,0.0,0,0.0,0.0,0.0,0.0,0.0,0.0,221444.5,0.0,0.0
4380,Pennsylvania,Lackawanna,803.0,2003,Unspecified,"Landfill, WTE",1.0,nan,U,0.0,0,0,0,0.0,0,0.0,0.0,0.0,0.0,0.0,0.0,244034.00000000003,0.0,0.0
4381,Pennsylvania,Lackawanna,803.0,2004,Unspecified,"Landfill, WTE",1.0,nan,U,0.0,0,0,0,0.0,0,0.0,0.0,0.0,0.0,0.0,0.0,261110.30000000002,0.0,0.0
4382,Pennsylvania,Lackawanna,803.0,2005,Unspecified,"Landfill, WTE",1.0,nan,U,0.0,0,0,0,0.0,0,0.0,0.0,0.0,0.0,0.0,0.0,267074.3,0.0,0.0
4383,Pennsylvania,Lackawanna,803.0,2006,Unspecified,"Landfill, WTE",1.0,nan,U,0.0,0,0,0,0.0,0,0.0,0.0,0.0,0.0,0.0,0.0,299752.9,0.0,0.0
4384,Pennsylvania,Lackawanna,803.0,2007,Unspecified,"Landfill, WTE",1.0,nan,U,0.0,0,0,0,0.0,0,0.0,0.0,0.0,0.0,0.0,0.0,278951.5,0.0,0.0
4385,Pennsylvania,Lackawanna,803.0,2008,Unspecified,"Landfill, WTE",1.0,nan,U,0.0,0,0,0,0.0,0,0.0,0.0,0.0,0.0,0.0,0.0,257455.1,0.0,0.0
4386,Pennsylvania,Lackawanna,803.0,2009,Unspecified,"Landfill, WTE",1.0,nan,U,0.0,0,0,0,0.0,0,0.0,0.0,0.0,0.0,0.0,0.0,227413.4,0.0,0.0
4387,Pennsylvania,Lackawanna,803.0,2010,Unspecified,"Landfill, WTE",1.0,nan,U,0.0,0,0,0,0.0,0,0.0,0.0,0.0,0.0,0.0,0.0,210605.6,0.0,0.0
4388,Pennsylvania,Lackawanna,803.0,2011,Unspecified,"Landfill, WTE",1.0,nan,U,0.0,0,0,0,0.0,0,0.0,0.0,0.0,0.0,0.0,0.0,227057.4,0.0,0.0
4389,Pennsylvania,Lackawanna,803.0,2012,Unspecified,"Landfill, WTE",1.0,nan,U,0.0,0,0,0,0.0,0,0.0,0.0,0.0,0.0,0.0,0.0,216395.1,0.0,0.0
4390,Pennsylvania,Lackawanna,803.0,2013,Unspecified,"Landfill, WTE",1.0,nan,U,0.0,0,0,0,0.0,0,0.0,0.0,0.0,0.0,0.0,0.0,209805.9,0.0,0.0
4391,Pennsylvania,Lackawanna,803.0,2014,Unspecified,"Landfill, WTE",1.0,nan,U,0.0,0,0,0,0.0,0,0.0,0.0,0.0,0.0,0.0,0.0,204636.4,0.0,0.0
4392,Pennsylvania,Lackawanna,803.0,2015,Unspecified,"Landfill, WTE",1.0,nan,U,0.0,0,0,0,0.0,0,0.0,0.0,0.0,0.0,0.0,0.0,208484.9,0.0,0.0
4393,Pennsylvania,Lackawanna,803.0,2016,Unspecified,"Landfill, WTE",1.0,nan,U,0.0,0,0,0,0.0,0,0.0,0.0,0.0,0.0,0.0,0.0,216616.0,0.0,0.0
4394,Pennsylvania,Lackawanna,803.0,2017,Unspecified,"Landfill, WTE",1.0,nan,U,0.0,0,0,0,0.0,0,0.0,0.0,0.0,0.0,0.0,0.0,239438.3,0.0,0.0
4395,Pennsylvania,Lackawanna,803.0,2018,Unspecified,"Landfill, WTE",1.0,nan,U,0.0,0,0,0,0.0,0,0.0,0.0,0.0,0.0,0.0,0.0,240287.40000000002,0.0,0.0
4396,Pennsylvania,Lackawanna,803.0,2019,Unspecified,"Landfill, WTE",1.0,nan,U,0.0,0,0,0,0.0,0,0.0,0.0,0.0,0.0,0.0,0.0,225248.60000000003,0.0,0.0
4397,Pennsylvania,Lackawanna,803.0,2020,Unspecified,"Landfill, WTE",1.0,nan,U,0.0,0,0,0,0.0,0,0.0,0.0,0.0,0.0,0.0,0.0,216330.1,0.0,0.0
4398,Pennsylvania,Lackawanna,803.0,2021,Unspecified,"Landfill, WTE",1.0,nan,U,0.0,0,0,0,0.0,0,0.0,0.0,0.0,0.0,0.0,0.0,213154.19999999998,0.0,0.0
4399,Pennsylvania,Lackawanna,803.0,2022,Unspecified,"Landfill, WTE",1.0,nan,U,0.0,0,0,0,0.0,0,0.0,0.0,0.0,0.0,0.0,0.0,186216.40000000002,0.0,0.0
4400,Pennsylvania,Lackawanna,803.0,2023,Unspecified,"Landfill, WTE",1.0,nan,U,0.0,0,0,0,0.0,0,0.0,0.0,0.0,0.0,0.0,0.0,173268.5,0.0,0.0
4401,Pennsylvania,Lackawanna,803.0,2024,Unspecified,"Landfill, WTE",1.0,nan,U,0.0,0,0,0,0.0,0,0.0,0.0,0.0,0.0,0.0,0.0,160222.5,0.0,0.0
4402,Pennsylvania,Lancaster,803.0,2000,Unspecified,"Landfill, WTE",1.0,nan,U,0.0,0,0,0,0.0,0,0.0,0.0,0.0,0.0,0.0,0.0,311952.6,0.0,0.0
4403,Pennsylvania,Lancaster,803.0,2001,Unspecified,"Landfill, WTE",1.0,nan,U,0.0,0,0,0,0.0,0,0.0,0.0,0.0,0.0,0.0,0.0,312881.0,0.0,0.0
4404,Pennsylvania,Lancaster,803.0,2002,Unspecified,"Landfill, WTE",1.0,nan,U,0.0,0,0,0,0.0,0,0.0,0.0,0.0,0.0,0.0,0.0,317606.20000000007,0.0,0.0
4405,Pennsylvania,Lancaster,803.0,2003,Unspecified,"Landfill, WTE",1.0,nan,U,0.0,0,0,0,0.0,0,0.0,0.0,0.0,0.0,0.0,0.0,337173.10000000003,0.0,0.0
4406,Pennsylvania,Lancaster,803.0,2004,Unspecified,"Landfill, WTE",1.0,nan,U,0.0,0,0,0,0.0,0,0.0,0.0,0.0,0.0,0.0,0.0,340206.9,0.0,0.0
4407,Pennsylvania,Lancaster,803.0,2005,Unspecified,"Landfill, WTE",1.0,nan,U,0.0,0,0,0,0.0,0,0.0,0.0,0.0,0.0,0.0,0.0,325176.50000000006,0.0,0.0
4408,Pennsylvania,Lancaster,803.0,2006,Unspecified,"Landfill, WTE",1.0,nan,U,0.0,0,0,0,0.0,0,0.0,0.0,0.0,0.0,0.0,0.0,334467.2,0.0,0.0
4409,Pennsylvania,Lancaster,803.0,2007,Unspecified,"Landfill, WTE",1.0,nan,U,0.0,0,0,0,0.0,0,0.0,0.0,0.0,0.0,0.0,0.0,331323.5,0.0,0.0
4410,Pennsylvania,Lancaster,803.0,2008,Unspecified,"Landfill, WTE",1.0,nan,U,0.0,0,0,0,0.0,0,0.0,0.0,0.0,0.0,0.0,0.0,318056.9,0.0,0.0
4411,Pennsylvania,Lancaster,803.0,2009,Unspecified,"Landfill, WTE",1.0,nan,U,0.0,0,0,0,0.0,0,0.0,0.0,0.0,0.0,0.0,0.0,318193.0,0.0,0.0
4412,Pennsylvania,Lancaster,803.0,2010,Unspecified,"Landfill, WTE",1.0,nan,U,0.0,0,0,0,0.0,0,0.0,0.0,0.0,0.0,0.0,0.0,317085.0,0.0,0.0
4413,Pennsylvania,Lancaster,803.0,2011,Unspecified,"Landfill, WTE",1.0,nan,U,0.0,0,0,0,0.0,0,0.0,0.0,0.0,0.0,0.0,0.0,330610.1,0.0,0.0
4414,Pennsylvania,Lancaster,803.0,2012,Unspecified,"Landfill, WTE",1.0,nan,U,0.0,0,0,0,0.0,0,0.0,0.0,0.0,0.0,0.0,0.0,322640.2,0.0,0.0
4415,Pennsylvania,Lancaster,803.0,2013,Unspecified,"Landfill, WTE",1.0,nan,U,0.0,0,0,0,0.0,0,0.0,0.0,0.0,0.0,0.0,0.0,321594.89999999997,0.0,0.0
4416,Pennsylvania,Lancaster,803.0,2014,Unspecified,"Landfill, WTE",1.0,nan,U,0.0,0,0,0,0.0,0,0.0,0.0,0.0,0.0,0.0,0.0,322712.7,0.0,0.0
4417,Pennsylvania,Lancaster,803.0,2015,Unspecified,"Landfill, WTE",1.0,nan,U,0.0,0,0,0,0.0,0,0.0,0.0,0.0,0.0,0.0,0.0,320075.60000000003,0.0,0.0
4418,Pennsylvania,Lancaster,803.0,2016,Unspecified,"Landfill, WTE",1.0,nan,U,0.0,0,0,0,0.0,0,0.0,0.0,0.0,0.0,0.0,0.0,325924.69999999995,0.0,0.0
4419,Pennsylvania,Lancaster,803.0,2017,Unspecified,"Landfill, WTE",1.0,nan,U,0.0,0,0,0,0.0,0,0.0,0.0,0.0,0.0,0.0,0.0,335360.6,0.0,0.0
4420,Pennsylvania,Lancaster,803.0,2018,Unspecified,"Landfill, WTE",1.0,nan,U,0.0,0,0,0,0.0,0,0.0,0.0,0.0,0.0,0.0,0.0,375316.9,0.0,0.0
4421,Pennsylvania,Lancaster,803.0,2019,Unspecified,"Landfill, WTE",1.0,nan,U,0.0,0,0,0,0.0,0,0.0,0.0,0.0,0.0,0.0,0.0,360345.8,0.0,0.0
4422,Pennsylvania,Lancaster,803.0,2020,Unspecified,"Landfill, WTE",1.0,nan,U,0.0,0,0,0,0.0,0,0.0,0.0,0.0,0.0,0.0,0.0,350943.1,0.0,0.0
4423,Pennsylvania,Lancaster,803.0,2021,Unspecified,"Landfill, WTE",1.0,nan,U,0.0,0,0,0,0.0,0,0.0,0.0,0.0,0.0,0.0,0.0,361796.1,0.0,0.0
4424,Pennsylvania,Lancaster,803.0,2022,Unspecified,"Landfill, WTE",1.0,nan,U,0.0,0,0,0,0.0,0,0.0,0.0,0.0,0.0,0.0,0.0,364320.60000000003,0.0,0.0
4425,Pennsylvania,Lancaster,803.0,2023,Unspecified,"Landfill, WTE",1.0,nan,U,0.0,0,0,0,0.0,0,0.0,0.0,0.0,0.0,0.0,0.0,368320.30000000005,0.0,0.0
4426,Pennsylvania,Lancaster,803.0,2024,Unspecified,"Landfill, WTE",1.0,nan,U,0.0,0,0,0,0.0,0,0.0,0.0,0.0,0.0,0.0,0.0,368121.9,0.0,0.0
4427,Pennsylvania,Lawrence,803.0,2000,Unspecified,"Landfill, WTE",1.0,nan,U,0.0,0,0,0,0.0,0,0.0,0.0,0.0,0.0,0.0,0.0,8571.2,0.0,0.0
4428,Pennsylvania,Lawrence,803.0,2001,Unspecified,"Landfill, WTE",1.0,nan,U,0.0,0,0,0,0.0,0,0.0,0.0,0.0,0.0,0.0,0.0,9702.199999999999,0.0,0.0
4429,Pennsylvania,Lawrence,803.0,2002,Unspecified,"Landfill, WTE",1.0,nan,U,0.0,0,0,0,0.0,0,0.0,0.0,0.0,0.0,0.0,0.0,21839.9,0.0,0.0
4430,Pennsylvania,Lawrence,803.0,2003,Unspecified,"Landfill, WTE",1.0,nan,U,0.0,0,0,0,0.0,0,0.0,0.0,0.0,0.0,0.0,0.0,21929.300000000003,0.0,0.0
4431,Pennsylvania,Lawrence,803.0,2004,Unspecified,"Landfill, WTE",1.0,nan,U,0.0,0,0,0,0.0,0,0.0,0.0,0.0,0.0,0.0,0.0,20109.7,0.0,0.0
4432,Pennsylvania,Lawrence,803.0,2005,Unspecified,"Landfill, WTE",1.0,nan,U,0.0,0,0,0,0.0,0,0.0,0.0,0.0,0.0,0.0,0.0,19472.4,0.0,0.0
4433,Pennsylvania,Lawrence,803.0,2006,Unspecified,"Landfill, WTE",1.0,nan,U,0.0,0,0,0,0.0,0,0.0,0.0,0.0,0.0,0.0,0.0,19124.1,0.0,0.0
4434,Pennsylvania,Lawrence,803.0,2007,Unspecified,"Landfill, WTE",1.0,nan,U,0.0,0,0,0,0.0,0,0.0,0.0,0.0,0.0,0.0,0.0,18745.7,0.0,0.0
4435,Pennsylvania,Lawrence,803.0,2008,Unspecified,"Landfill, WTE",1.0,nan,U,0.0,0,0,0,0.0,0,0.0,0.0,0.0,0.0,0.0,0.0,13764.9,0.0,0.0
4436,Pennsylvania,Lawrence,803.0,2009,Unspecified,"Landfill, WTE",1.0,nan,U,0.0,0,0,0,0.0,0,0.0,0.0,0.0,0.0,0.0,0.0,7831.5,0.0,0.0
4437,Pennsylvania,Lawrence,803.0,2010,Unspecified,"Landfill, WTE",1.0,nan,U,0.0,0,0,0,0.0,0,0.0,0.0,0.0,0.0,0.0,0.0,19238.300000000003,0.0,0.0
4438,Pennsylvania,Lawrence,803.0,2011,Unspecified,"Landfill, WTE",1.0,nan,U,0.0,0,0,0,0.0,0,0.0,0.0,0.0,0.0,0.0,0.0,19853.0,0.0,0.0
4439,Pennsylvania,Lawrence,803.0,2012,Unspecified,"Landfill, WTE",1.0,nan,U,0.0,0,0,0,0.0,0,0.0,0.0,0.0,0.0,0.0,0.0,17484.8,0.0,0.0
4440,Pennsylvania,Lawrence,803.0,2013,Unspecified,"Landfill, WTE",1.0,nan,U,0.0,0,0,0,0.0,0,0.0,0.0,0.0,0.0,0.0,0.0,14378.699999999999,0.0,0.0
4441,Pennsylvania,Lawrence,803.0,2014,Unspecified,"Landfill, WTE",1.0,nan,U,0.0,0,0,0,0.0,0,0.0,0.0,0.0,0.0,0.0,0.0,12847.7,0.0,0.0
4442,Pennsylvania,Lawrence,803.0,2015,Unspecified,"Landfill, WTE",1.0,nan,U,0.0,0,0,0,0.0,0,0.0,0.0,0.0,0.0,0.0,0.0,12829.7,0.0,0.0
4443,Pennsylvania,Lawrence,803.0,2016,Unspecified,"Landfill, WTE",1.0,nan,U,0.0,0,0,0,0.0,0,0.0,0.0,0.0,0.0,0.0,0.0,11892.3,0.0,0.0
4444,Pennsylvania,Lawrence,803.0,2017,Unspecified,"Landfill, WTE",1.0,nan,U,0.0,0,0,0,0.0,0,0.0,0.0,0.0,0.0,0.0,0.0,11368.100000000002,0.0,0.0
4445,Pennsylvania,Lawrence,803.0,2018,Unspecified,"Landfill, WTE",1.0,nan,U,0.0,0,0,0,0.0,0,0.0,0.0,0.0,0.0,0.0,0.0,10972.699999999999,0.0,0.0
4446,Pennsylvania,Lawrence,803.0,2019,Unspecified,"Landfill, WTE",1.0,nan,U,0.0,0,0,0,0.0,0,0.0,0.0,0.0,0.0,0.0,0.0,10830.1,0.0,0.0
4447,Pennsylvania,Lawrence,803.0,2020,Unspecified,"Landfill, WTE",1.0,nan,U,0.0,0,0,0,0.0,0,0.0,0.0,0.0,0.0,0.0,0.0,10139.5,0.0,0.0
4448,Pennsylvania,Lawrence,803.0,2021,Unspecified,"Landfill, WTE",1.0,nan,U,0.0,0,0,0,0.0,0,0.0,0.0,0.0,0.0,0.0,0.0,8711.7,0.0,0.0
4449,Pennsylvania,Lawrence,803.0,2022,Unspecified,"Landfill, WTE",1.0,nan,U,0.0,0,0,0,0.0,0,0.0,0.0,0.0,0.0,0.0,0.0,7623.3,0.0,0.0
4450,Pennsylvania,Lawrence,803.0,2023,Unspecified,"Landfill, WTE",1.0,nan,U,0.0,0,0,0,0.0,0,0.0,0.0,0.0,0.0,0.0,0.0,7460.7,0.0,0.0
4451,Pennsylvania,Lawrence,803.0,2024,Unspecified,"Landfill, WTE",1.0,nan,U,0.0,0,0,0,0.0,0,0.0,0.0,0.0,0.0,0.0,0.0,7227.000000000001,0.0,0.0
4452,Pennsylvania,Lebanon,803.0,2000,Unspecified,"Landfill, WTE",1.0,nan,U,0.0,0,0,0,0.0,0,0.0,0.0,0.0,0.0,0.0,0.0,70615.6,0.0,0.0
4453,Pennsylvania,Lebanon,803.0,2001,Unspecified,"Landfill, WTE",1.0,nan,U,0.0,0,0,0,0.0,0,0.0,0.0,0.0,0.0,0.0,0.0,70817.20000000001,0.0,0.0
4454,Pennsylvania,Lebanon,803.0,2002,Unspecified,"Landfill, WTE",1.0,nan,U,0.0,0,0,0,0.0,0,0.0,0.0,0.0,0.0,0.0,0.0,73857.8,0.0,0.0
4455,Pennsylvania,Lebanon,803.0,2003,Unspecified,"Landfill, WTE",1.0,nan,U,0.0,0,0,0,0.0,0,0.0,0.0,0.0,0.0,0.0,0.0,80727.3,0.0,0.0
4456,Pennsylvania,Lebanon,803.0,2004,Unspecified,"Landfill, WTE",1.0,nan,U,0.0,0,0,0,0.0,0,0.0,0.0,0.0,0.0,0.0,0.0,84563.8,0.0,0.0
4457,Pennsylvania,Lebanon,803.0,2005,Unspecified,"Landfill, WTE",1.0,nan,U,0.0,0,0,0,0.0,0,0.0,0.0,0.0,0.0,0.0,0.0,82828.0,0.0,0.0
4458,Pennsylvania,Lebanon,803.0,2006,Unspecified,"Landfill, WTE",1.0,nan,U,0.0,0,0,0,0.0,0,0.0,0.0,0.0,0.0,0.0,0.0,82942.9,0.0,0.0
4459,Pennsylvania,Lebanon,803.0,2007,Unspecified,"Landfill, WTE",1.0,nan,U,0.0,0,0,0,0.0,0,0.0,0.0,0.0,0.0,0.0,0.0,77660.9,0.0,0.0
4460,Pennsylvania,Lebanon,803.0,2008,Unspecified,"Landfill, WTE",1.0,nan,U,0.0,0,0,0,0.0,0,0.0,0.0,0.0,0.0,0.0,0.0,74209.4,0.0,0.0
4461,Pennsylvania,Lebanon,803.0,2009,Unspecified,"Landfill, WTE",1.0,nan,U,0.0,0,0,0,0.0,0,0.0,0.0,0.0,0.0,0.0,0.0,82212.4,0.0,0.0
4462,Pennsylvania,Lebanon,803.0,2010,Unspecified,"Landfill, WTE",1.0,nan,U,0.0,0,0,0,0.0,0,0.0,0.0,0.0,0.0,0.0,0.0,82587.79999999999,0.0,0.0
4463,Pennsylvania,Lebanon,803.0,2011,Unspecified,"Landfill, WTE",1.0,nan,U,0.0,0,0,0,0.0,0,0.0,0.0,0.0,0.0,0.0,0.0,86668.60000000002,0.0,0.0
4464,Pennsylvania,Lebanon,803.0,2012,Unspecified,"Landfill, WTE",1.0,nan,U,0.0,0,0,0,0.0,0,0.0,0.0,0.0,0.0,0.0,0.0,81450.70000000001,0.0,0.0
4465,Pennsylvania,Lebanon,803.0,2013,Unspecified,"Landfill, WTE",1.0,nan,U,0.0,0,0,0,0.0,0,0.0,0.0,0.0,0.0,0.0,0.0,80371.09999999999,0.0,0.0
4466,Pennsylvania,Lebanon,803.0,2014,Unspecified,"Landfill, WTE",1.0,nan,U,0.0,0,0,0,0.0,0,0.0,0.0,0.0,0.0,0.0,0.0,80151.0,0.0,0.0
4467,Pennsylvania,Lebanon,803.0,2015,Unspecified,"Landfill, WTE",1.0,nan,U,0.0,0,0,0,0.0,0,0.0,0.0,0.0,0.0,0.0,0.0,79893.59999999999,0.0,0.0
4468,Pennsylvania,Lebanon,803.0,2016,Unspecified,"Landfill, WTE",1.0,nan,U,0.0,0,0,0,0.0,0,0.0,0.0,0.0,0.0,0.0,0.0,83042.90000000001,0.0,0.0
4469,Pennsylvania,Lebanon,803.0,2017,Unspecified,"Landfill, WTE",1.0,nan,U,0.0,0,0,0,0.0,0,0.0,0.0,0.0,0.0,0.0,0.0,85469.5,0.0,0.0
4470,Pennsylvania,Lebanon,803.0,2018,Unspecified,"Landfill, WTE",1.0,nan,U,0.0,0,0,0,0.0,0,0.0,0.0,0.0,0.0,0.0,0.0,91689.3,0.0,0.0
4471,Pennsylvania,Lebanon,803.0,2019,Unspecified,"Landfill, WTE",1.0,nan,U,0.0,0,0,0,0.0,0,0.0,0.0,0.0,0.0,0.0,0.0,96143.7,0.0,0.0
4472,Pennsylvania,Lebanon,803.0,2020,Unspecified,"Landfill, WTE",1.0,nan,U,0.0,0,0,0,0.0,0,0.0,0.0,0.0,0.0,0.0,0.0,99017.6,0.0,0.0
4473,Pennsylvania,Lebanon,803.0,2021,Unspecified,"Landfill, WTE",1.0,nan,U,0.0,0,0,0,0.0,0,0.0,0.0,0.0,0.0,0.0,0.0,102041.7,0.0,0.0
4474,Pennsylvania,Lebanon,803.0,2022,Unspecified,"Landfill, WTE",1.0,nan,U,0.0,0,0,0,0.0,0,0.0,0.0,0.0,0.0,0.0,0.0,98705.40000000001,0.0,0.0
4475,Pennsylvania,Lebanon,803.0,2023,Unspecified,"Landfill, WTE",1.0,nan,U,0.0,0,0,0,0.0,0,0.0,0.0,0.0,0.0,0.0,0.0,99219.9,0.0,0.0
4476,Pennsylvania,Lebanon,803.0,2024,Unspecified,"Landfill, WTE",1.0,nan,U,0.0,0,0,0,0.0,0,0.0,0.0,0.0,0.0,0.0,0.0,97633.0,0.0,0.0
4477,Pennsylvania,Lehigh,803.0,2000,Unspecified,"Landfill, WTE",1.0,nan,U,0.0,0,0,0,0.0,0,0.0,0.0,0.0,0.0,0.0,0.0,277174.1,0.0,0.0
4478,Pennsylvania,Lehigh,803.0,2001,Unspecified,"Landfill, WTE",1.0,nan,U,0.0,0,0,0,0.0,0,0.0,0.0,0.0,0.0,0.0,0.0,298698.6,0.0,0.0
4479,Pennsylvania,Lehigh,803.0,2002,Unspecified,"Landfill, WTE",1.0,nan,U,0.0,0,0,0,0.0,0,0.0,0.0,0.0,0.0,0.0,0.0,282176.9,0.0,0.0
4480,Pennsylvania,Lehigh,803.0,2003,Unspecified,"Landfill, WTE",1.0,nan,U,0.0,0,0,0,0.0,0,0.0,0.0,0.0,0.0,0.0,0.0,317372.7,0.0,0.0
4481,Pennsylvania,Lehigh,803.0,2004,Unspecified,"Landfill, WTE",1.0,nan,U,0.0,0,0,0,0.0,0,0.0,0.0,0.0,0.0,0.0,0.0,310990.4,0.0,0.0
4482,Pennsylvania,Lehigh,803.0,2005,Unspecified,"Landfill, WTE",1.0,nan,U,0.0,0,0,0,0.0,0,0.0,0.0,0.0,0.0,0.0,0.0,311716.69999999995,0.0,0.0
4483,Pennsylvania,Lehigh,803.0,2006,Unspecified,"Landfill, WTE",1.0,nan,U,0.0,0,0,0,0.0,0,0.0,0.0,0.0,0.0,0.0,0.0,326824.5,0.0,0.0
4484,Pennsylvania,Lehigh,803.0,2007,Unspecified,"Landfill, WTE",1.0,nan,U,0.0,0,0,0,0.0,0,0.0,0.0,0.0,0.0,0.0,0.0,308315.4,0.0,0.0
4485,Pennsylvania,Lehigh,803.0,2008,Unspecified,"Landfill, WTE",1.0,nan,U,0.0,0,0,0,0.0,0,0.0,0.0,0.0,0.0,0.0,0.0,306887.80000000005,0.0,0.0
4486,Pennsylvania,Lehigh,803.0,2009,Unspecified,"Landfill, WTE",1.0,nan,U,0.0,0,0,0,0.0,0,0.0,0.0,0.0,0.0,0.0,0.0,293030.69999999995,0.0,0.0
4487,Pennsylvania,Lehigh,803.0,2010,Unspecified,"Landfill, WTE",1.0,nan,U,0.0,0,0,0,0.0,0,0.0,0.0,0.0,0.0,0.0,0.0,286734.9,0.0,0.0
4488,Pennsylvania,Lehigh,803.0,2011,Unspecified,"Landfill, WTE",1.0,nan,U,0.0,0,0,0,0.0,0,0.0,0.0,0.0,0.0,0.0,0.0,288113.2,0.0,0.0
4489,Pennsylvania,Lehigh,803.0,2012,Unspecified,"Landfill, WTE",1.0,nan,U,0.0,0,0,0,0.0,0,0.0,0.0,0.0,0.0,0.0,0.0,272605.1,0.0,0.0
4490,Pennsylvania,Lehigh,803.0,2013,Unspecified,"Landfill, WTE",1.0,nan,U,0.0,0,0,0,0.0,0,0.0,0.0,0.0,0.0,0.0,0.0,260055.1,0.0,0.0
4491,Pennsylvania,Lehigh,803.0,2014,Unspecified,"Landfill, WTE",1.0,nan,U,0.0,0,0,0,0.0,0,0.0,0.0,0.0,0.0,0.0,0.0,260049.00000000003,0.0,0.0
4492,Pennsylvania,Lehigh,803.0,2015,Unspecified,"Landfill, WTE",1.0,nan,U,0.0,0,0,0,0.0,0,0.0,0.0,0.0,0.0,0.0,0.0,264854.80000000005,0.0,0.0
4493,Pennsylvania,Lehigh,803.0,2016,Unspecified,"Landfill, WTE",1.0,nan,U,0.0,0,0,0,0.0,0,0.0,0.0,0.0,0.0,0.0,0.0,271973.8,0.0,0.0
4494,Pennsylvania,Lehigh,803.0,2017,Unspecified,"Landfill, WTE",1.0,nan,U,0.0,0,0,0,0.0,0,0.0,0.0,0.0,0.0,0.0,0.0,273407.99999999994,0.0,0.0
4495,Pennsylvania,Lehigh,803.0,2018,Unspecified,"Landfill, WTE",1.0,nan,U,0.0,0,0,0,0.0,0,0.0,0.0,0.0,0.0,0.0,0.0,291943.60000000003,0.0,0.0
4496,Pennsylvania,Lehigh,803.0,2019,Unspecified,"Landfill, WTE",1.0,nan,U,0.0,0,0,0,0.0,0,0.0,0.0,0.0,0.0,0.0,0.0,283333.0,0.0,0.0
4497,Pennsylvania,Lehigh,803.0,2020,Unspecified,"Landfill, WTE",1.0,nan,U,0.0,0,0,0,0.0,0,0.0,0.0,0.0,0.0,0.0,0.0,250300.30000000002,0.0,0.0
4498,Pennsylvania,Lehigh,803.0,2021,Unspecified,"Landfill, WTE",1.0,nan,U,0.0,0,0,0,0.0,0,0.0,0.0,0.0,0.0,0.0,0.0,266361.89999999997,0.0,0.0
4499,Pennsylvania,Lehigh,803.0,2022,Unspecified,"Landfill, WTE",1.0,nan,U,0.0,0,0,0,0.0,0,0.0,0.0,0.0,0.0,0.0,0.0,257216.80000000002,0.0,0.0
4500,Pennsylvania,Lehigh,803.0,2023,Unspecified,"Landfill, WTE",1.0,nan,U,0.0,0,0,0,0.0,0,0.0,0.0,0.0,0.0,0.0,0.0,249750.90000000002,0.0,0.0
4501,Pennsylvania,Lehigh,803.0,2024,Unspecified,"Landfill, WTE",1.0,nan,U,0.0,0,0,0,0.0,0,0.0,0.0,0.0,0.0,0.0,0.0,218920.99999999997,0.0,0.0
4502,Pennsylvania,Luzerne,803.0,2000,Unspecified,"Landfill, WTE",1.0,nan,U,0.0,0,0,0,0.0,0,0.0,0.0,0.0,0.0,0.0,0.0,244030.09999999998,0.0,0.0
4503,Pennsylvania,Luzerne,803.0,2001,Unspecified,"Landfill, WTE",1.0,nan,U,0.0,0,0,0,0.0,0,0.0,0.0,0.0,0.0,0.0,0.0,217384.9,0.0,0.0
4504,Pennsylvania,Luzerne,803.0,2002,Unspecified,"Landfill, WTE",1.0,nan,U,0.0,0,0,0,0.0,0,0.0,0.0,0.0,0.0,0.0,0.0,219490.1,0.0,0.0
4505,Pennsylvania,Luzerne,803.0,2003,Unspecified,"Landfill, WTE",1.0,nan,U,0.0,0,0,0,0.0,0,0.0,0.0,0.0,0.0,0.0,0.0,242067.7,0.0,0.0
4506,Pennsylvania,Luzerne,803.0,2004,Unspecified,"Landfill, WTE",1.0,nan,U,0.0,0,0,0,0.0,0,0.0,0.0,0.0,0.0,0.0,0.0,257787.69999999998,0.0,0.0
4507,Pennsylvania,Luzerne,803.0,2005,Unspecified,"Landfill, WTE",1.0,nan,U,0.0,0,0,0,0.0,0,0.0,0.0,0.0,0.0,0.0,0.0,261509.6,0.0,0.0
4508,Pennsylvania,Luzerne,803.0,2006,Unspecified,"Landfill, WTE",1.0,nan,U,0.0,0,0,0,0.0,0,0.0,0.0,0.0,0.0,0.0,0.0,260810.8,0.0,0.0
4509,Pennsylvania,Luzerne,803.0,2007,Unspecified,"Landfill, WTE",1.0,nan,U,0.0,0,0,0,0.0,0,0.0,0.0,0.0,0.0,0.0,0.0,276952.7,0.0,0.0
4510,Pennsylvania,Luzerne,803.0,2008,Unspecified,"Landfill, WTE",1.0,nan,U,0.0,0,0,0,0.0,0,0.0,0.0,0.0,0.0,0.0,0.0,264683.30000000005,0.0,0.0
4511,Pennsylvania,Luzerne,803.0,2009,Unspecified,"Landfill, WTE",1.0,nan,U,0.0,0,0,0,0.0,0,0.0,0.0,0.0,0.0,0.0,0.0,252234.8,0.0,0.0
4512,Pennsylvania,Luzerne,803.0,2010,Unspecified,"Landfill, WTE",1.0,nan,U,0.0,0,0,0,0.0,0,0.0,0.0,0.0,0.0,0.0,0.0,246472.19999999998,0.0,0.0
4513,Pennsylvania,Luzerne,803.0,2011,Unspecified,"Landfill, WTE",1.0,nan,U,0.0,0,0,0,0.0,0,0.0,0.0,0.0,0.0,0.0,0.0,231556.99999999997,0.0,0.0
4514,Pennsylvania,Luzerne,803.0,2012,Unspecified,"Landfill, WTE",1.0,nan,U,0.0,0,0,0,0.0,0,0.0,0.0,0.0,0.0,0.0,0.0,222438.6,0.0,0.0
4515,Pennsylvania,Luzerne,803.0,2013,Unspecified,"Landfill, WTE",1.0,nan,U,0.0,0,0,0,0.0,0,0.0,0.0,0.0,0.0,0.0,0.0,206039.69999999998,0.0,0.0
4516,Pennsylvania,Luzerne,803.0,2014,Unspecified,"Landfill, WTE",1.0,nan,U,0.0,0,0,0,0.0,0,0.0,0.0,0.0,0.0,0.0,0.0,209014.69999999998,0.0,0.0
4517,Pennsylvania,Luzerne,803.0,2015,Unspecified,"Landfill, WTE",1.0,nan,U,0.0,0,0,0,0.0,0,0.0,0.0,0.0,0.0,0.0,0.0,204564.2,0.0,0.0
4518,Pennsylvania,Luzerne,803.0,2016,Unspecified,"Landfill, WTE",1.0,nan,U,0.0,0,0,0,0.0,0,0.0,0.0,0.0,0.0,0.0,0.0,195286.0,0.0,0.0
4519,Pennsylvania,Luzerne,803.0,2017,Unspecified,"Landfill, WTE",1.0,nan,U,0.0,0,0,0,0.0,0,0.0,0.0,0.0,0.0,0.0,0.0,209636.40000000002,0.0,0.0
4520,Pennsylvania,Luzerne,803.0,2018,Unspecified,"Landfill, WTE",1.0,nan,U,0.0,0,0,0,0.0,0,0.0,0.0,0.0,0.0,0.0,0.0,233179.0,0.0,0.0
4521,Pennsylvania,Luzerne,803.0,2019,Unspecified,"Landfill, WTE",1.0,nan,U,0.0,0,0,0,0.0,0,0.0,0.0,0.0,0.0,0.0,0.0,255590.5,0.0,0.0
4522,Pennsylvania,Luzerne,803.0,2020,Unspecified,"Landfill, WTE",1.0,nan,U,0.0,0,0,0,0.0,0,0.0,0.0,0.0,0.0,0.0,0.0,229886.4,0.0,0.0
4523,Pennsylvania,Luzerne,803.0,2021,Unspecified,"Landfill, WTE",1.0,nan,U,0.0,0,0,0,0.0,0,0.0,0.0,0.0,0.0,0.0,0.0,248088.59999999998,0.0,0.0
4524,Pennsylvania,Luzerne,803.0,2022,Unspecified,"Landfill, WTE",1.0,nan,U,0.0,0,0,0,0.0,0,0.0,0.0,0.0,0.0,0.0,0.0,261463.10000000003,0.0,0.0
4525,Pennsylvania,Luzerne,803.0,2023,Unspecified,"Landfill, WTE",1.0,nan,U,0.0,0,0,0,0.0,0,0.0,0.0,0.0,0.0,0.0,0.0,261317.19999999995,0.0,0.0
4526,Pennsylvania,Luzerne,803.0,2024,Unspecified,"Landfill, WTE",1.0,nan,U,0.0,0,0,0,0.0,0,0.0,0.0,0.0,0.0,0.0,0.0,264323.89999999997,0.0,0.0
4527,Pennsylvania,Lycoming,803.0,2000,Unspecified,"Landfill, WTE",1.0,nan,U,0.0,0,0,0,0.0,0,0.0,0.0,0.0,0.0,0.0,0.0,81631.5,0.0,0.0
4528,Pennsylvania,Lycoming,803.0,2001,Unspecified,"Landfill, WTE",1.0,nan,U,0.0,0,0,0,0.0,0,0.0,0.0,0.0,0.0,0.0,0.0,87054.19999999998,0.0,0.0
4529,Pennsylvania,Lycoming,803.0,2002,Unspecified,"Landfill, WTE",1.0,nan,U,0.0,0,0,0,0.0,0,0.0,0.0,0.0,0.0,0.0,0.0,86266.8,0.0,0.0
4530,Pennsylvania,Lycoming,803.0,2003,Unspecified,"Landfill, WTE",1.0,nan,U,0.0,0,0,0,0.0,0,0.0,0.0,0.0,0.0,0.0,0.0,88868.0,0.0,0.0
4531,Pennsylvania,Lycoming,803.0,2004,Unspecified,"Landfill, WTE",1.0,nan,U,0.0,0,0,0,0.0,0,0.0,0.0,0.0,0.0,0.0,0.0,89695.40000000001,0.0,0.0
4532,Pennsylvania,Lycoming,803.0,2005,Unspecified,"Landfill, WTE",1.0,nan,U,0.0,0,0,0,0.0,0,0.0,0.0,0.0,0.0,0.0,0.0,84206.5,0.0,0.0
4533,Pennsylvania,Lycoming,803.0,2006,Unspecified,"Landfill, WTE",1.0,nan,U,0.0,0,0,0,0.0,0,0.0,0.0,0.0,0.0,0.0,0.0,84827.6,0.0,0.0
4534,Pennsylvania,Lycoming,803.0,2007,Unspecified,"Landfill, WTE",1.0,nan,U,0.0,0,0,0,0.0,0,0.0,0.0,0.0,0.0,0.0,0.0,80144.20000000001,0.0,0.0
4535,Pennsylvania,Lycoming,803.0,2008,Unspecified,"Landfill, WTE",1.0,nan,U,0.0,0,0,0,0.0,0,0.0,0.0,0.0,0.0,0.0,0.0,77280.3,0.0,0.0
4536,Pennsylvania,Lycoming,803.0,2009,Unspecified,"Landfill, WTE",1.0,nan,U,0.0,0,0,0,0.0,0,0.0,0.0,0.0,0.0,0.0,0.0,77406.79999999999,0.0,0.0
4537,Pennsylvania,Lycoming,803.0,2010,Unspecified,"Landfill, WTE",1.0,nan,U,0.0,0,0,0,0.0,0,0.0,0.0,0.0,0.0,0.0,0.0,73342.99999999999,0.0,0.0
4538,Pennsylvania,Lycoming,803.0,2011,Unspecified,"Landfill, WTE",1.0,nan,U,0.0,0,0,0,0.0,0,0.0,0.0,0.0,0.0,0.0,0.0,85314.5,0.0,0.0
4539,Pennsylvania,Lycoming,803.0,2012,Unspecified,"Landfill, WTE",1.0,nan,U,0.0,0,0,0,0.0,0,0.0,0.0,0.0,0.0,0.0,0.0,83594.0,0.0,0.0
4540,Pennsylvania,Lycoming,803.0,2013,Unspecified,"Landfill, WTE",1.0,nan,U,0.0,0,0,0,0.0,0,0.0,0.0,0.0,0.0,0.0,0.0,77123.70000000001,0.0,0.0
4541,Pennsylvania,Lycoming,803.0,2014,Unspecified,"Landfill, WTE",1.0,nan,U,0.0,0,0,0,0.0,0,0.0,0.0,0.0,0.0,0.0,0.0,75565.6,0.0,0.0
4542,Pennsylvania,Lycoming,803.0,2015,Unspecified,"Landfill, WTE",1.0,nan,U,0.0,0,0,0,0.0,0,0.0,0.0,0.0,0.0,0.0,0.0,73679.5,0.0,0.0
4543,Pennsylvania,Lycoming,803.0,2016,Unspecified,"Landfill, WTE",1.0,nan,U,0.0,0,0,0,0.0,0,0.0,0.0,0.0,0.0,0.0,0.0,71187.40000000001,0.0,0.0
4544,Pennsylvania,Lycoming,803.0,2017,Unspecified,"Landfill, WTE",1.0,nan,U,0.0,0,0,0,0.0,0,0.0,0.0,0.0,0.0,0.0,0.0,75338.6,0.0,0.0
4545,Pennsylvania,Lycoming,803.0,2018,Unspecified,"Landfill, WTE",1.0,nan,U,0.0,0,0,0,0.0,0,0.0,0.0,0.0,0.0,0.0,0.0,77486.0,0.0,0.0
4546,Pennsylvania,Lycoming,803.0,2019,Unspecified,"Landfill, WTE",1.0,nan,U,0.0,0,0,0,0.0,0,0.0,0.0,0.0,0.0,0.0,0.0,76574.8,0.0,0.0
4547,Pennsylvania,Lycoming,803.0,2020,Unspecified,"Landfill, WTE",1.0,nan,U,0.0,0,0,0,0.0,0,0.0,0.0,0.0,0.0,0.0,0.0,76086.79999999999,0.0,0.0
4548,Pennsylvania,Lycoming,803.0,2021,Unspecified,"Landfill, WTE",1.0,nan,U,0.0,0,0,0,0.0,0,0.0,0.0,0.0,0.0,0.0,0.0,79432.49999999999,0.0,0.0
4549,Pennsylvania,Lycoming,803.0,2022,Unspecified,"Landfill, WTE",1.0,nan,U,0.0,0,0,0,0.0,0,0.0,0.0,0.0,0.0,0.0,0.0,78069.2,0.0,0.0
4550,Pennsylvania,Lycoming,803.0,2023,Unspecified,"Landfill, WTE",1.0,nan,U,0.0,0,0,0,0.0,0,0.0,0.0,0.0,0.0,0.0,0.0,78559.6,0.0,0.0
4551,Pennsylvania,Lycoming,803.0,2024,Unspecified,"Landfill, WTE",1.0,nan,U,0.0,0,0,0,0.0,0,0.0,0.0,0.0,0.0,0.0,0.0,78854.2,0.0,0.0
4552,Pennsylvania,Mckean,803.0,2000,Unspecified,"Landfill, WTE",1.0,nan,U,0.0,0,0,0,0.0,0,0.0,0.0,0.0,0.0,0.0,0.0,27805.0,0.0,0.0
4553,Pennsylvania,Mckean,803.0,2001,Unspecified,"Landfill, WTE",1.0,nan,U,0.0,0,0,0,0.0,0,0.0,0.0,0.0,0.0,0.0,0.0,36437.5,0.0,0.0
4554,Pennsylvania,Mckean,803.0,2002,Unspecified,"Landfill, WTE",1.0,nan,U,0.0,0,0,0,0.0,0,0.0,0.0,0.0,0.0,0.0,0.0,30026.5,0.0,0.0
4555,Pennsylvania,Mckean,803.0,2003,Unspecified,"Landfill, WTE",1.0,nan,U,0.0,0,0,0,0.0,0,0.0,0.0,0.0,0.0,0.0,0.0,26912.0,0.0,0.0
4556,Pennsylvania,Mckean,803.0,2004,Unspecified,"Landfill, WTE",1.0,nan,U,0.0,0,0,0,0.0,0,0.0,0.0,0.0,0.0,0.0,0.0,27876.1,0.0,0.0
4557,Pennsylvania,Mckean,803.0,2005,Unspecified,"Landfill, WTE",1.0,nan,U,0.0,0,0,0,0.0,0,0.0,0.0,0.0,0.0,0.0,0.0,27424.399999999998,0.0,0.0
4558,Pennsylvania,Mckean,803.0,2006,Unspecified,"Landfill, WTE",1.0,nan,U,0.0,0,0,0,0.0,0,0.0,0.0,0.0,0.0,0.0,0.0,23625.800000000003,0.0,0.0
4559,Pennsylvania,Mckean,803.0,2007,Unspecified,"Landfill, WTE",1.0,nan,U,0.0,0,0,0,0.0,0,0.0,0.0,0.0,0.0,0.0,0.0,23630.2,0.0,0.0
4560,Pennsylvania,Mckean,803.0,2008,Unspecified,"Landfill, WTE",1.0,nan,U,0.0,0,0,0,0.0,0,0.0,0.0,0.0,0.0,0.0,0.0,17699.9,0.0,0.0
4561,Pennsylvania,Mckean,803.0,2009,Unspecified,"Landfill, WTE",1.0,nan,U,0.0,0,0,0,0.0,0,0.0,0.0,0.0,0.0,0.0,0.0,19366.1,0.0,0.0
4562,Pennsylvania,Mckean,803.0,2010,Unspecified,"Landfill, WTE",1.0,nan,U,0.0,0,0,0,0.0,0,0.0,0.0,0.0,0.0,0.0,0.0,20013.7,0.0,0.0
4563,Pennsylvania,Mckean,803.0,2011,Unspecified,"Landfill, WTE",1.0,nan,U,0.0,0,0,0,0.0,0,0.0,0.0,0.0,0.0,0.0,0.0,19083.8,0.0,0.0
4564,Pennsylvania,Mckean,803.0,2012,Unspecified,"Landfill, WTE",1.0,nan,U,0.0,0,0,0,0.0,0,0.0,0.0,0.0,0.0,0.0,0.0,18660.5,0.0,0.0
4565,Pennsylvania,Mckean,803.0,2013,Unspecified,"Landfill, WTE",1.0,nan,U,0.0,0,0,0,0.0,0,0.0,0.0,0.0,0.0,0.0,0.0,17424.6,0.0,0.0
4566,Pennsylvania,Mckean,803.0,2014,Unspecified,"Landfill, WTE",1.0,nan,U,0.0,0,0,0,0.0,0,0.0,0.0,0.0,0.0,0.0,0.0,16147.8,0.0,0.0
4567,Pennsylvania,Mckean,803.0,2015,Unspecified,"Landfill, WTE",1.0,nan,U,0.0,0,0,0,0.0,0,0.0,0.0,0.0,0.0,0.0,0.0,16500.7,0.0,0.0
4568,Pennsylvania,Mckean,803.0,2016,Unspecified,"Landfill, WTE",1.0,nan,U,0.0,0,0,0,0.0,0,0.0,0.0,0.0,0.0,0.0,0.0,15066.5,0.0,0.0
4569,Pennsylvania,Mckean,803.0,2017,Unspecified,"Landfill, WTE",1.0,nan,U,0.0,0,0,0,0.0,0,0.0,0.0,0.0,0.0,0.0,0.0,16020.199999999999,0.0,0.0
4570,Pennsylvania,Mckean,803.0,2018,Unspecified,"Landfill, WTE",1.0,nan,U,0.0,0,0,0,0.0,0,0.0,0.0,0.0,0.0,0.0,0.0,15921.199999999999,0.0,0.0
4571,Pennsylvania,Mckean,803.0,2019,Unspecified,"Landfill, WTE",1.0,nan,U,0.0,0,0,0,0.0,0,0.0,0.0,0.0,0.0,0.0,0.0,17092.7,0.0,0.0
4572,Pennsylvania,Mckean,803.0,2020,Unspecified,"Landfill, WTE",1.0,nan,U,0.0,0,0,0,0.0,0,0.0,0.0,0.0,0.0,0.0,0.0,17787.4,0.0,0.0
4573,Pennsylvania,Mckean,803.0,2021,Unspecified,"Landfill, WTE",1.0,nan,U,0.0,0,0,0,0.0,0,0.0,0.0,0.0,0.0,0.0,0.0,18692.0,0.0,0.0
4574,Pennsylvania,Mckean,803.0,2022,Unspecified,"Landfill, WTE",1.0,nan,U,0.0,0,0,0,0.0,0,0.0,0.0,0.0,0.0,0.0,0.0,17815.5,0.0,0.0
4575,Pennsylvania,Mckean,803.0,2023,Unspecified,"Landfill, WTE",1.0,nan,U,0.0,0,0,0,0.0,0,0.0,0.0,0.0,0.0,0.0,0.0,17479.600000000002,0.0,0.0
4576,Pennsylvania,Mckean,803.0,2024,Unspecified,"Landfill, WTE",1.0,nan,U,0.0,0,0,0,0.0,0,0.0,0.0,0.0,0.0,0.0,0.0,17487.600000000002,0.0,0.0
4577,Pennsylvania,Mercer,803.0,2000,Unspecified,"Landfill, WTE",1.0,nan,U,0.0,0,0,0,0.0,0,0.0,0.0,0.0,0.0,0.0,0.0,39767.6,0.0,0.0
4578,Pennsylvania,Mercer,803.0,2001,Unspecified,"Landfill, WTE",1.0,nan,U,0.0,0,0,0,0.0,0,0.0,0.0,0.0,0.0,0.0,0.0,20832.699999999997,0.0,0.0
4579,Pennsylvania,Mercer,803.0,2002,Unspecified,"Landfill, WTE",1.0,nan,U,0.0,0,0,0,0.0,0,0.0,0.0,0.0,0.0,0.0,0.0,61434.6,0.0,0.0
4580,Pennsylvania,Mercer,803.0,2003,Unspecified,"Landfill, WTE",1.0,nan,U,0.0,0,0,0,0.0,0,0.0,0.0,0.0,0.0,0.0,0.0,69447.5,0.0,0.0
4581,Pennsylvania,Mercer,803.0,2004,Unspecified,"Landfill, WTE",1.0,nan,U,0.0,0,0,0,0.0,0,0.0,0.0,0.0,0.0,0.0,0.0,75093.0,0.0,0.0
4582,Pennsylvania,Mercer,803.0,2005,Unspecified,"Landfill, WTE",1.0,nan,U,0.0,0,0,0,0.0,0,0.0,0.0,0.0,0.0,0.0,0.0,72051.5,0.0,0.0
4583,Pennsylvania,Mercer,803.0,2006,Unspecified,"Landfill, WTE",1.0,nan,U,0.0,0,0,0,0.0,0,0.0,0.0,0.0,0.0,0.0,0.0,73248.4,0.0,0.0
4584,Pennsylvania,Mercer,803.0,2007,Unspecified,"Landfill, WTE",1.0,nan,U,0.0,0,0,0,0.0,0,0.0,0.0,0.0,0.0,0.0,0.0,69873.7,0.0,0.0
4585,Pennsylvania,Mercer,803.0,2008,Unspecified,"Landfill, WTE",1.0,nan,U,0.0,0,0,0,0.0,0,0.0,0.0,0.0,0.0,0.0,0.0,101311.3,0.0,0.0
4586,Pennsylvania,Mercer,803.0,2009,Unspecified,"Landfill, WTE",1.0,nan,U,0.0,0,0,0,0.0,0,0.0,0.0,0.0,0.0,0.0,0.0,121231.20000000001,0.0,0.0
4587,Pennsylvania,Mercer,803.0,2010,Unspecified,"Landfill, WTE",1.0,nan,U,0.0,0,0,0,0.0,0,0.0,0.0,0.0,0.0,0.0,0.0,130437.1,0.0,0.0
4588,Pennsylvania,Mercer,803.0,2011,Unspecified,"Landfill, WTE",1.0,nan,U,0.0,0,0,0,0.0,0,0.0,0.0,0.0,0.0,0.0,0.0,146485.9,0.0,0.0
4589,Pennsylvania,Mercer,803.0,2012,Unspecified,"Landfill, WTE",1.0,nan,U,0.0,0,0,0,0.0,0,0.0,0.0,0.0,0.0,0.0,0.0,151063.6,0.0,0.0
4590,Pennsylvania,Mercer,803.0,2013,Unspecified,"Landfill, WTE",1.0,nan,U,0.0,0,0,0,0.0,0,0.0,0.0,0.0,0.0,0.0,0.0,141053.2,0.0,0.0
4591,Pennsylvania,Mercer,803.0,2014,Unspecified,"Landfill, WTE",1.0,nan,U,0.0,0,0,0,0.0,0,0.0,0.0,0.0,0.0,0.0,0.0,135217.90000000002,0.0,0.0
4592,Pennsylvania,Mercer,803.0,2015,Unspecified,"Landfill, WTE",1.0,nan,U,0.0,0,0,0,0.0,0,0.0,0.0,0.0,0.0,0.0,0.0,132398.9,0.0,0.0
4593,Pennsylvania,Mercer,803.0,2016,Unspecified,"Landfill, WTE",1.0,nan,U,0.0,0,0,0,0.0,0,0.0,0.0,0.0,0.0,0.0,0.0,145120.6,0.0,0.0
4594,Pennsylvania,Mercer,803.0,2017,Unspecified,"Landfill, WTE",1.0,nan,U,0.0,0,0,0,0.0,0,0.0,0.0,0.0,0.0,0.0,0.0,136071.8,0.0,0.0
4595,Pennsylvania,Mercer,803.0,2018,Unspecified,"Landfill, WTE",1.0,nan,U,0.0,0,0,0,0.0,0,0.0,0.0,0.0,0.0,0.0,0.0,132022.1,0.0,0.0
4596,Pennsylvania,Mercer,803.0,2019,Unspecified,"Landfill, WTE",1.0,nan,U,0.0,0,0,0,0.0,0,0.0,0.0,0.0,0.0,0.0,0.0,135654.0,0.0,0.0
4597,Pennsylvania,Mercer,803.0,2020,Unspecified,"Landfill, WTE",1.0,nan,U,0.0,0,0,0,0.0,0,0.0,0.0,0.0,0.0,0.0,0.0,134537.9,0.0,0.0
4598,Pennsylvania,Mercer,803.0,2021,Unspecified,"Landfill, WTE",1.0,nan,U,0.0,0,0,0,0.0,0,0.0,0.0,0.0,0.0,0.0,0.0,141149.5,0.0,0.0
4599,Pennsylvania,Mercer,803.0,2022,Unspecified,"Landfill, WTE",1.0,nan,U,0.0,0,0,0,0.0,0,0.0,0.0,0.0,0.0,0.0,0.0,140746.2,0.0,0.0
4600,Pennsylvania,Mercer,803.0,2023,Unspecified,"Landfill, WTE",1.0,nan,U,0.0,0,0,0,0.0,0,0.0,0.0,0.0,0.0,0.0,0.0,146187.8,0.0,0.0
4601,Pennsylvania,Mercer,803.0,2024,Unspecified,"Landfill, WTE",1.0,nan,U,0.0,0,0,0,0.0,0,0.0,0.0,0.0,0.0,0.0,0.0,143063.3,0.0,0.0
4602,Pennsylvania,Mifflin,803.0,2000,Unspecified,"Landfill, WTE",1.0,nan,U,0.0,0,0,0,0.0,0,0.0,0.0,0.0,0.0,0.0,0.0,25436.1,0.0,0.0
4603,Pennsylvania,Mifflin,803.0,2001,Unspecified,"Landfill, WTE",1.0,nan,U,0.0,0,0,0,0.0,0,0.0,0.0,0.0,0.0,0.0,0.0,21690.1,0.0,0.0
4604,Pennsylvania,Mifflin,803.0,2002,Unspecified,"Landfill, WTE",1.0,nan,U,0.0,0,0,0,0.0,0,0.0,0.0,0.0,0.0,0.0,0.0,17425.0,0.0,0.0
4605,Pennsylvania,Mifflin,803.0,2003,Unspecified,"Landfill, WTE",1.0,nan,U,0.0,0,0,0,0.0,0,0.0,0.0,0.0,0.0,0.0,0.0,22842.5,0.0,0.0
4606,Pennsylvania,Mifflin,803.0,2004,Unspecified,"Landfill, WTE",1.0,nan,U,0.0,0,0,0,0.0,0,0.0,0.0,0.0,0.0,0.0,0.0,25154.199999999997,0.0,0.0
4607,Pennsylvania,Mifflin,803.0,2005,Unspecified,"Landfill, WTE",1.0,nan,U,0.0,0,0,0,0.0,0,0.0,0.0,0.0,0.0,0.0,0.0,29500.4,0.0,0.0
4608,Pennsylvania,Mifflin,803.0,2006,Unspecified,"Landfill, WTE",1.0,nan,U,0.0,0,0,0,0.0,0,0.0,0.0,0.0,0.0,0.0,0.0,47309.7,0.0,0.0
4609,Pennsylvania,Mifflin,803.0,2007,Unspecified,"Landfill, WTE",1.0,nan,U,0.0,0,0,0,0.0,0,0.0,0.0,0.0,0.0,0.0,0.0,44466.600000000006,0.0,0.0
4610,Pennsylvania,Mifflin,803.0,2008,Unspecified,"Landfill, WTE",1.0,nan,U,0.0,0,0,0,0.0,0,0.0,0.0,0.0,0.0,0.0,0.0,38612.9,0.0,0.0
4611,Pennsylvania,Mifflin,803.0,2009,Unspecified,"Landfill, WTE",1.0,nan,U,0.0,0,0,0,0.0,0,0.0,0.0,0.0,0.0,0.0,0.0,36025.4,0.0,0.0
4612,Pennsylvania,Mifflin,803.0,2010,Unspecified,"Landfill, WTE",1.0,nan,U,0.0,0,0,0,0.0,0,0.0,0.0,0.0,0.0,0.0,0.0,37771.8,0.0,0.0
4613,Pennsylvania,Mifflin,803.0,2011,Unspecified,"Landfill, WTE",1.0,nan,U,0.0,0,0,0,0.0,0,0.0,0.0,0.0,0.0,0.0,0.0,41570.3,0.0,0.0
4614,Pennsylvania,Mifflin,803.0,2012,Unspecified,"Landfill, WTE",1.0,nan,U,0.0,0,0,0,0.0,0,0.0,0.0,0.0,0.0,0.0,0.0,43589.1,0.0,0.0
4615,Pennsylvania,Mifflin,803.0,2013,Unspecified,"Landfill, WTE",1.0,nan,U,0.0,0,0,0,0.0,0,0.0,0.0,0.0,0.0,0.0,0.0,39924.59999999999,0.0,0.0
4616,Pennsylvania,Mifflin,803.0,2014,Unspecified,"Landfill, WTE",1.0,nan,U,0.0,0,0,0,0.0,0,0.0,0.0,0.0,0.0,0.0,0.0,39578.799999999996,0.0,0.0
4617,Pennsylvania,Mifflin,803.0,2015,Unspecified,"Landfill, WTE",1.0,nan,U,0.0,0,0,0,0.0,0,0.0,0.0,0.0,0.0,0.0,0.0,19803.600000000002,0.0,0.0
4618,Pennsylvania,Mifflin,803.0,2016,Unspecified,"Landfill, WTE",1.0,nan,U,0.0,0,0,0,0.0,0,0.0,0.0,0.0,0.0,0.0,0.0,19329.0,0.0,0.0
4619,Pennsylvania,Mifflin,803.0,2017,Unspecified,"Landfill, WTE",1.0,nan,U,0.0,0,0,0,0.0,0,0.0,0.0,0.0,0.0,0.0,0.0,20995.4,0.0,0.0
4620,Pennsylvania,Mifflin,803.0,2018,Unspecified,"Landfill, WTE",1.0,nan,U,0.0,0,0,0,0.0,0,0.0,0.0,0.0,0.0,0.0,0.0,22220.4,0.0,0.0
4621,Pennsylvania,Mifflin,803.0,2019,Unspecified,"Landfill, WTE",1.0,nan,U,0.0,0,0,0,0.0,0,0.0,0.0,0.0,0.0,0.0,0.0,22268.2,0.0,0.0
4622,Pennsylvania,Mifflin,803.0,2020,Unspecified,"Landfill, WTE",1.0,nan,U,0.0,0,0,0,0.0,0,0.0,0.0,0.0,0.0,0.0,0.0,22522.6,0.0,0.0
4623,Pennsylvania,Mifflin,803.0,2021,Unspecified,"Landfill, WTE",1.0,nan,U,0.0,0,0,0,0.0,0,0.0,0.0,0.0,0.0,0.0,0.0,23922.1,0.0,0.0
4624,Pennsylvania,Mifflin,803.0,2022,Unspecified,"Landfill, WTE",1.0,nan,U,0.0,0,0,0,0.0,0,0.0,0.0,0.0,0.0,0.0,0.0,22593.5,0.0,0.0
4625,Pennsylvania,Mifflin,803.0,2023,Unspecified,"Landfill, WTE",1.0,nan,U,0.0,0,0,0,0.0,0,0.0,0.0,0.0,0.0,0.0,0.0,22866.6,0.0,0.0
4626,Pennsylvania,Mifflin,803.0,2024,Unspecified,"Landfill, WTE",1.0,nan,U,0.0,0,0,0,0.0,0,0.0,0.0,0.0,0.0,0.0,0.0,22700.8,0.0,0.0
4627,Pennsylvania,Monroe,803.0,2000,Unspecified,"Landfill, WTE",1.0,nan,U,0.0,0,0,0,0.0,0,0.0,0.0,0.0,0.0,0.0,0.0,92476.09999999999,0.0,0.0
4628,Pennsylvania,Monroe,803.0,2001,Unspecified,"Landfill, WTE",1.0,nan,U,0.0,0,0,0,0.0,0,0.0,0.0,0.0,0.0,0.0,0.0,96360.7,0.0,0.0
4629,Pennsylvania,Monroe,803.0,2002,Unspecified,"Landfill, WTE",1.0,nan,U,0.0,0,0,0,0.0,0,0.0,0.0,0.0,0.0,0.0,0.0,102238.0,0.0,0.0
4630,Pennsylvania,Monroe,803.0,2003,Unspecified,"Landfill, WTE",1.0,nan,U,0.0,0,0,0,0.0,0,0.0,0.0,0.0,0.0,0.0,0.0,107964.8,0.0,0.0
4631,Pennsylvania,Monroe,803.0,2004,Unspecified,"Landfill, WTE",1.0,nan,U,0.0,0,0,0,0.0,0,0.0,0.0,0.0,0.0,0.0,0.0,110597.0,0.0,0.0
4632,Pennsylvania,Monroe,803.0,2005,Unspecified,"Landfill, WTE",1.0,nan,U,0.0,0,0,0,0.0,0,0.0,0.0,0.0,0.0,0.0,0.0,112703.1,0.0,0.0
4633,Pennsylvania,Monroe,803.0,2006,Unspecified,"Landfill, WTE",1.0,nan,U,0.0,0,0,0,0.0,0,0.0,0.0,0.0,0.0,0.0,0.0,110821.5,0.0,0.0
4634,Pennsylvania,Monroe,803.0,2007,Unspecified,"Landfill, WTE",1.0,nan,U,0.0,0,0,0,0.0,0,0.0,0.0,0.0,0.0,0.0,0.0,114325.1,0.0,0.0
4635,Pennsylvania,Monroe,803.0,2008,Unspecified,"Landfill, WTE",1.0,nan,U,0.0,0,0,0,0.0,0,0.0,0.0,0.0,0.0,0.0,0.0,109423.0,0.0,0.0
4636,Pennsylvania,Monroe,803.0,2009,Unspecified,"Landfill, WTE",1.0,nan,U,0.0,0,0,0,0.0,0,0.0,0.0,0.0,0.0,0.0,0.0,105707.20000000001,0.0,0.0
4637,Pennsylvania,Monroe,803.0,2010,Unspecified,"Landfill, WTE",1.0,nan,U,0.0,0,0,0,0.0,0,0.0,0.0,0.0,0.0,0.0,0.0,98065.79999999999,0.0,0.0
4638,Pennsylvania,Monroe,803.0,2011,Unspecified,"Landfill, WTE",1.0,nan,U,0.0,0,0,0,0.0,0,0.0,0.0,0.0,0.0,0.0,0.0,116524.20000000001,0.0,0.0
4639,Pennsylvania,Monroe,803.0,2012,Unspecified,"Landfill, WTE",1.0,nan,U,0.0,0,0,0,0.0,0,0.0,0.0,0.0,0.0,0.0,0.0,111350.6,0.0,0.0
4640,Pennsylvania,Monroe,803.0,2013,Unspecified,"Landfill, WTE",1.0,nan,U,0.0,0,0,0,0.0,0,0.0,0.0,0.0,0.0,0.0,0.0,113896.0,0.0,0.0
4641,Pennsylvania,Monroe,803.0,2014,Unspecified,"Landfill, WTE",1.0,nan,U,0.0,0,0,0,0.0,0,0.0,0.0,0.0,0.0,0.0,0.0,113239.0,0.0,0.0
4642,Pennsylvania,Monroe,803.0,2015,Unspecified,"Landfill, WTE",1.0,nan,U,0.0,0,0,0,0.0,0,0.0,0.0,0.0,0.0,0.0,0.0,110176.09999999999,0.0,0.0
4643,Pennsylvania,Monroe,803.0,2016,Unspecified,"Landfill, WTE",1.0,nan,U,0.0,0,0,0,0.0,0,0.0,0.0,0.0,0.0,0.0,0.0,114474.8,0.0,0.0
4644,Pennsylvania,Monroe,803.0,2017,Unspecified,"Landfill, WTE",1.0,nan,U,0.0,0,0,0,0.0,0,0.0,0.0,0.0,0.0,0.0,0.0,112655.4,0.0,0.0
4645,Pennsylvania,Monroe,803.0,2018,Unspecified,"Landfill, WTE",1.0,nan,U,0.0,0,0,0,0.0,0,0.0,0.0,0.0,0.0,0.0,0.0,132890.3,0.0,0.0
4646,Pennsylvania,Monroe,803.0,2019,Unspecified,"Landfill, WTE",1.0,nan,U,0.0,0,0,0,0.0,0,0.0,0.0,0.0,0.0,0.0,0.0,122123.4,0.0,0.0
4647,Pennsylvania,Monroe,803.0,2020,Unspecified,"Landfill, WTE",1.0,nan,U,0.0,0,0,0,0.0,0,0.0,0.0,0.0,0.0,0.0,0.0,131542.4,0.0,0.0
4648,Pennsylvania,Monroe,803.0,2021,Unspecified,"Landfill, WTE",1.0,nan,U,0.0,0,0,0,0.0,0,0.0,0.0,0.0,0.0,0.0,0.0,141743.4,0.0,0.0
4649,Pennsylvania,Monroe,803.0,2022,Unspecified,"Landfill, WTE",1.0,nan,U,0.0,0,0,0,0.0,0,0.0,0.0,0.0,0.0,0.0,0.0,134403.8,0.0,0.0
4650,Pennsylvania,Monroe,803.0,2023,Unspecified,"Landfill, WTE",1.0,nan,U,0.0,0,0,0,0.0,0,0.0,0.0,0.0,0.0,0.0,0.0,137923.4,0.0,0.0
4651,Pennsylvania,Monroe,803.0,2024,Unspecified,"Landfill, WTE",1.0,nan,U,0.0,0,0,0,0.0,0,0.0,0.0,0.0,0.0,0.0,0.0,140575.90000000002,0.0,0.0
4652,Pennsylvania,Montgomery,803.0,2000,Unspecified,"Landfill, WTE",1.0,nan,U,0.0,0,0,0,0.0,0,0.0,0.0,0.0,0.0,0.0,0.0,702653.2,0.0,0.0
4653,Pennsylvania,Montgomery,803.0,2001,Unspecified,"Landfill, WTE",1.0,nan,U,0.0,0,0,0,0.0,0,0.0,0.0,0.0,0.0,0.0,0.0,673692.6000000002,0.0,0.0
4654,Pennsylvania,Montgomery,803.0,2002,Unspecified,"Landfill, WTE",1.0,nan,U,0.0,0,0,0,0.0,0,0.0,0.0,0.0,0.0,0.0,0.0,787016.5,0.0,0.0
4655,Pennsylvania,Montgomery,803.0,2003,Unspecified,"Landfill, WTE",1.0,nan,U,0.0,0,0,0,0.0,0,0.0,0.0,0.0,0.0,0.0,0.0,830487.2999999999,0.0,0.0
4656,Pennsylvania,Montgomery,803.0,2004,Unspecified,"Landfill, WTE",1.0,nan,U,0.0,0,0,0,0.0,0,0.0,0.0,0.0,0.0,0.0,0.0,791175.3999999999,0.0,0.0
4657,Pennsylvania,Montgomery,803.0,2005,Unspecified,"Landfill, WTE",1.0,nan,U,0.0,0,0,0,0.0,0,0.0,0.0,0.0,0.0,0.0,0.0,821617.0,0.0,0.0
4658,Pennsylvania,Montgomery,803.0,2006,Unspecified,"Landfill, WTE",1.0,nan,U,0.0,0,0,0,0.0,0,0.0,0.0,0.0,0.0,0.0,0.0,812474.8999999999,0.0,0.0
4659,Pennsylvania,Montgomery,803.0,2007,Unspecified,"Landfill, WTE",1.0,nan,U,0.0,0,0,0,0.0,0,0.0,0.0,0.0,0.0,0.0,0.0,730658.0,0.0,0.0
4660,Pennsylvania,Montgomery,803.0,2008,Unspecified,"Landfill, WTE",1.0,nan,U,0.0,0,0,0,0.0,0,0.0,0.0,0.0,0.0,0.0,0.0,644054.6000000001,0.0,0.0
4661,Pennsylvania,Montgomery,803.0,2009,Unspecified,"Landfill, WTE",1.0,nan,U,0.0,0,0,0,0.0,0,0.0,0.0,0.0,0.0,0.0,0.0,660265.3999999999,0.0,0.0
4662,Pennsylvania,Montgomery,803.0,2010,Unspecified,"Landfill, WTE",1.0,nan,U,0.0,0,0,0,0.0,0,0.0,0.0,0.0,0.0,0.0,0.0,666855.2999999999,0.0,0.0
4663,Pennsylvania,Montgomery,803.0,2011,Unspecified,"Landfill, WTE",1.0,nan,U,0.0,0,0,0,0.0,0,0.0,0.0,0.0,0.0,0.0,0.0,695227.8999999999,0.0,0.0
4664,Pennsylvania,Montgomery,803.0,2012,Unspecified,"Landfill, WTE",1.0,nan,U,0.0,0,0,0,0.0,0,0.0,0.0,0.0,0.0,0.0,0.0,642613.4,0.0,0.0
4665,Pennsylvania,Montgomery,803.0,2013,Unspecified,"Landfill, WTE",1.0,nan,U,0.0,0,0,0,0.0,0,0.0,0.0,0.0,0.0,0.0,0.0,623598.7999999999,0.0,0.0
4666,Pennsylvania,Montgomery,803.0,2014,Unspecified,"Landfill, WTE",1.0,nan,U,0.0,0,0,0,0.0,0,0.0,0.0,0.0,0.0,0.0,0.0,626421.6,0.0,0.0
4667,Pennsylvania,Montgomery,803.0,2015,Unspecified,"Landfill, WTE",1.0,nan,U,0.0,0,0,0,0.0,0,0.0,0.0,0.0,0.0,0.0,0.0,612928.0999999999,0.0,0.0
4668,Pennsylvania,Montgomery,803.0,2016,Unspecified,"Landfill, WTE",1.0,nan,U,0.0,0,0,0,0.0,0,0.0,0.0,0.0,0.0,0.0,0.0,530043.2000000001,0.0,0.0
4669,Pennsylvania,Montgomery,803.0,2017,Unspecified,"Landfill, WTE",1.0,nan,U,0.0,0,0,0,0.0,0,0.0,0.0,0.0,0.0,0.0,0.0,544363.7000000001,0.0,0.0
4670,Pennsylvania,Montgomery,803.0,2018,Unspecified,"Landfill, WTE",1.0,nan,U,0.0,0,0,0,0.0,0,0.0,0.0,0.0,0.0,0.0,0.0,572349.7,0.0,0.0
4671,Pennsylvania,Montgomery,803.0,2019,Unspecified,"Landfill, WTE",1.0,nan,U,0.0,0,0,0,0.0,0,0.0,0.0,0.0,0.0,0.0,0.0,645598.6000000001,0.0,0.0
4672,Pennsylvania,Montgomery,803.0,2020,Unspecified,"Landfill, WTE",1.0,nan,U,0.0,0,0,0,0.0,0,0.0,0.0,0.0,0.0,0.0,0.0,630233.6,0.0,0.0
4673,Pennsylvania,Montgomery,803.0,2021,Unspecified,"Landfill, WTE",1.0,nan,U,0.0,0,0,0,0.0,0,0.0,0.0,0.0,0.0,0.0,0.0,676284.6,0.0,0.0
4674,Pennsylvania,Montgomery,803.0,2022,Unspecified,"Landfill, WTE",1.0,nan,U,0.0,0,0,0,0.0,0,0.0,0.0,0.0,0.0,0.0,0.0,671040.3,0.0,0.0
4675,Pennsylvania,Montgomery,803.0,2023,Unspecified,"Landfill, WTE",1.0,nan,U,0.0,0,0,0,0.0,0,0.0,0.0,0.0,0.0,0.0,0.0,649035.2999999999,0.0,0.0
4676,Pennsylvania,Montgomery,803.0,2024,Unspecified,"Landfill, WTE",1.0,nan,U,0.0,0,0,0,0.0,0,0.0,0.0,0.0,0.0,0.0,0.0,660619.7000000001,0.0,0.0
4677,Pennsylvania,Montour,803.0,2000,Unspecified,"Landfill, WTE",1.0,nan,U,0.0,0,0,0,0.0,0,0.0,0.0,0.0,0.0,0.0,0.0,11271.5,0.0,0.0
4678,Pennsylvania,Montour,803.0,2001,Unspecified,"Landfill, WTE",1.0,nan,U,0.0,0,0,0,0.0,0,0.0,0.0,0.0,0.0,0.0,0.0,9879.6,0.0,0.0
4679,Pennsylvania,Montour,803.0,2002,Unspecified,"Landfill, WTE",1.0,nan,U,0.0,0,0,0,0.0,0,0.0,0.0,0.0,0.0,0.0,0.0,10665.9,0.0,0.0
4680,Pennsylvania,Montour,803.0,2003,Unspecified,"Landfill, WTE",1.0,nan,U,0.0,0,0,0,0.0,0,0.0,0.0,0.0,0.0,0.0,0.0,9264.8,0.0,0.0
4681,Pennsylvania,Montour,803.0,2004,Unspecified,"Landfill, WTE",1.0,nan,U,0.0,0,0,0,0.0,0,0.0,0.0,0.0,0.0,0.0,0.0,9342.7,0.0,0.0
4682,Pennsylvania,Montour,803.0,2005,Unspecified,"Landfill, WTE",1.0,nan,U,0.0,0,0,0,0.0,0,0.0,0.0,0.0,0.0,0.0,0.0,8817.900000000001,0.0,0.0
4683,Pennsylvania,Montour,803.0,2006,Unspecified,"Landfill, WTE",1.0,nan,U,0.0,0,0,0,0.0,0,0.0,0.0,0.0,0.0,0.0,0.0,9898.9,0.0,0.0
4684,Pennsylvania,Montour,803.0,2007,Unspecified,"Landfill, WTE",1.0,nan,U,0.0,0,0,0,0.0,0,0.0,0.0,0.0,0.0,0.0,0.0,8872.800000000001,0.0,0.0
4685,Pennsylvania,Montour,803.0,2008,Unspecified,"Landfill, WTE",1.0,nan,U,0.0,0,0,0,0.0,0,0.0,0.0,0.0,0.0,0.0,0.0,15770.3,0.0,0.0
4686,Pennsylvania,Montour,803.0,2009,Unspecified,"Landfill, WTE",1.0,nan,U,0.0,0,0,0,0.0,0,0.0,0.0,0.0,0.0,0.0,0.0,7872.3,0.0,0.0
4687,Pennsylvania,Montour,803.0,2010,Unspecified,"Landfill, WTE",1.0,nan,U,0.0,0,0,0,0.0,0,0.0,0.0,0.0,0.0,0.0,0.0,8114.6,0.0,0.0
4688,Pennsylvania,Montour,803.0,2011,Unspecified,"Landfill, WTE",1.0,nan,U,0.0,0,0,0,0.0,0,0.0,0.0,0.0,0.0,0.0,0.0,9342.8,0.0,0.0
4689,Pennsylvania,Montour,803.0,2012,Unspecified,"Landfill, WTE",1.0,nan,U,0.0,0,0,0,0.0,0,0.0,0.0,0.0,0.0,0.0,0.0,8841.4,0.0,0.0
4690,Pennsylvania,Montour,803.0,2013,Unspecified,"Landfill, WTE",1.0,nan,U,0.0,0,0,0,0.0,0,0.0,0.0,0.0,0.0,0.0,0.0,8296.6,0.0,0.0
4691,Pennsylvania,Montour,803.0,2014,Unspecified,"Landfill, WTE",1.0,nan,U,0.0,0,0,0,0.0,0,0.0,0.0,0.0,0.0,0.0,0.0,8761.0,0.0,0.0
4692,Pennsylvania,Montour,803.0,2015,Unspecified,"Landfill, WTE",1.0,nan,U,0.0,0,0,0,0.0,0,0.0,0.0,0.0,0.0,0.0,0.0,8737.3,0.0,0.0
4693,Pennsylvania,Montour,803.0,2016,Unspecified,"Landfill, WTE",1.0,nan,U,0.0,0,0,0,0.0,0,0.0,0.0,0.0,0.0,0.0,0.0,8965.6,0.0,0.0
4694,Pennsylvania,Montour,803.0,2017,Unspecified,"Landfill, WTE",1.0,nan,U,0.0,0,0,0,0.0,0,0.0,0.0,0.0,0.0,0.0,0.0,9377.199999999999,0.0,0.0
4695,Pennsylvania,Montour,803.0,2018,Unspecified,"Landfill, WTE",1.0,nan,U,0.0,0,0,0,0.0,0,0.0,0.0,0.0,0.0,0.0,0.0,9558.1,0.0,0.0
4696,Pennsylvania,Montour,803.0,2019,Unspecified,"Landfill, WTE",1.0,nan,U,0.0,0,0,0,0.0,0,0.0,0.0,0.0,0.0,0.0,0.0,9482.8,0.0,0.0
4697,Pennsylvania,Montour,803.0,2020,Unspecified,"Landfill, WTE",1.0,nan,U,0.0,0,0,0,0.0,0,0.0,0.0,0.0,0.0,0.0,0.0,9443.6,0.0,0.0
4698,Pennsylvania,Montour,803.0,2021,Unspecified,"Landfill, WTE",1.0,nan,U,0.0,0,0,0,0.0,0,0.0,0.0,0.0,0.0,0.0,0.0,9922.2,0.0,0.0
4699,Pennsylvania,Montour,803.0,2022,Unspecified,"Landfill, WTE",1.0,nan,U,0.0,0,0,0,0.0,0,0.0,0.0,0.0,0.0,0.0,0.0,9402.1,0.0,0.0
4700,Pennsylvania,Montour,803.0,2023,Unspecified,"Landfill, WTE",1.0,nan,U,0.0,0,0,0,0.0,0,0.0,0.0,0.0,0.0,0.0,0.0,9962.8,0.0,0.0
4701,Pennsylvania,Montour,803.0,2024,Unspecified,"Landfill, WTE",1.0,nan,U,0.0,0,0,0,0.0,0,0.0,0.0,0.0,0.0,0.0,0.0,9962.699999999999,0.0,0.0
4702,Pennsylvania,Northampton,803.0,2000,Unspecified,"Landfill, WTE",1.0,nan,U,0.0,0,0,0,0.0,0,0.0,0.0,0.0,0.0,0.0,0.0,216404.8,0.0,0.0
4703,Pennsylvania,Northampton,803.0,2001,Unspecified,"Landfill, WTE",1.0,nan,U,0.0,0,0,0,0.0,0,0.0,0.0,0.0,0.0,0.0,0.0,208745.30000000005,0.0,0.0
4704,Pennsylvania,Northampton,803.0,2002,Unspecified,"Landfill, WTE",1.0,nan,U,0.0,0,0,0,0.0,0,0.0,0.0,0.0,0.0,0.0,0.0,218036.09999999998,0.0,0.0
4705,Pennsylvania,Northampton,803.0,2003,Unspecified,"Landfill, WTE",1.0,nan,U,0.0,0,0,0,0.0,0,0.0,0.0,0.0,0.0,0.0,0.0,222462.9,0.0,0.0
4706,Pennsylvania,Northampton,803.0,2004,Unspecified,"Landfill, WTE",1.0,nan,U,0.0,0,0,0,0.0,0,0.0,0.0,0.0,0.0,0.0,0.0,239090.2,0.0,0.0
4707,Pennsylvania,Northampton,803.0,2005,Unspecified,"Landfill, WTE",1.0,nan,U,0.0,0,0,0,0.0,0,0.0,0.0,0.0,0.0,0.0,0.0,234404.50000000003,0.0,0.0
4708,Pennsylvania,Northampton,803.0,2006,Unspecified,"Landfill, WTE",1.0,nan,U,0.0,0,0,0,0.0,0,0.0,0.0,0.0,0.0,0.0,0.0,233810.40000000002,0.0,0.0
4709,Pennsylvania,Northampton,803.0,2007,Unspecified,"Landfill, WTE",1.0,nan,U,0.0,0,0,0,0.0,0,0.0,0.0,0.0,0.0,0.0,0.0,223968.9,0.0,0.0
4710,Pennsylvania,Northampton,803.0,2008,Unspecified,"Landfill, WTE",1.0,nan,U,0.0,0,0,0,0.0,0,0.0,0.0,0.0,0.0,0.0,0.0,198426.79999999996,0.0,0.0
4711,Pennsylvania,Northampton,803.0,2009,Unspecified,"Landfill, WTE",1.0,nan,U,0.0,0,0,0,0.0,0,0.0,0.0,0.0,0.0,0.0,0.0,187504.80000000002,0.0,0.0
4712,Pennsylvania,Northampton,803.0,2010,Unspecified,"Landfill, WTE",1.0,nan,U,0.0,0,0,0,0.0,0,0.0,0.0,0.0,0.0,0.0,0.0,198332.4,0.0,0.0
4713,Pennsylvania,Northampton,803.0,2011,Unspecified,"Landfill, WTE",1.0,nan,U,0.0,0,0,0,0.0,0,0.0,0.0,0.0,0.0,0.0,0.0,199315.6,0.0,0.0
4714,Pennsylvania,Northampton,803.0,2012,Unspecified,"Landfill, WTE",1.0,nan,U,0.0,0,0,0,0.0,0,0.0,0.0,0.0,0.0,0.0,0.0,197048.40000000002,0.0,0.0
4715,Pennsylvania,Northampton,803.0,2013,Unspecified,"Landfill, WTE",1.0,nan,U,0.0,0,0,0,0.0,0,0.0,0.0,0.0,0.0,0.0,0.0,251597.89999999997,0.0,0.0
4716,Pennsylvania,Northampton,803.0,2014,Unspecified,"Landfill, WTE",1.0,nan,U,0.0,0,0,0,0.0,0,0.0,0.0,0.0,0.0,0.0,0.0,264933.79999999993,0.0,0.0
4717,Pennsylvania,Northampton,803.0,2015,Unspecified,"Landfill, WTE",1.0,nan,U,0.0,0,0,0,0.0,0,0.0,0.0,0.0,0.0,0.0,0.0,272764.5,0.0,0.0
4718,Pennsylvania,Northampton,803.0,2016,Unspecified,"Landfill, WTE",1.0,nan,U,0.0,0,0,0,0.0,0,0.0,0.0,0.0,0.0,0.0,0.0,263681.30000000005,0.0,0.0
4719,Pennsylvania,Northampton,803.0,2017,Unspecified,"Landfill, WTE",1.0,nan,U,0.0,0,0,0,0.0,0,0.0,0.0,0.0,0.0,0.0,0.0,319687.1,0.0,0.0
4720,Pennsylvania,Northampton,803.0,2018,Unspecified,"Landfill, WTE",1.0,nan,U,0.0,0,0,0,0.0,0,0.0,0.0,0.0,0.0,0.0,0.0,281488.2,0.0,0.0
4721,Pennsylvania,Northampton,803.0,2019,Unspecified,"Landfill, WTE",1.0,nan,U,0.0,0,0,0,0.0,0,0.0,0.0,0.0,0.0,0.0,0.0,281533.9,0.0,0.0
4722,Pennsylvania,Northampton,803.0,2020,Unspecified,"Landfill, WTE",1.0,nan,U,0.0,0,0,0,0.0,0,0.0,0.0,0.0,0.0,0.0,0.0,275450.0,0.0,0.0
4723,Pennsylvania,Northampton,803.0,2021,Unspecified,"Landfill, WTE",1.0,nan,U,0.0,0,0,0,0.0,0,0.0,0.0,0.0,0.0,0.0,0.0,278016.1,0.0,0.0
4724,Pennsylvania,Northampton,803.0,2022,Unspecified,"Landfill, WTE",1.0,nan,U,0.0,0,0,0,0.0,0,0.0,0.0,0.0,0.0,0.0,0.0,270927.0,0.0,0.0
4725,Pennsylvania,Northampton,803.0,2023,Unspecified,"Landfill, WTE",1.0,nan,U,0.0,0,0,0,0.0,0,0.0,0.0,0.0,0.0,0.0,0.0,266922.19999999995,0.0,0.0
4726,Pennsylvania,Northampton,803.0,2024,Unspecified,"Landfill, WTE",1.0,nan,U,0.0,0,0,0,0.0,0,0.0,0.0,0.0,0.0,0.0,0.0,276540.00000000006,0.0,0.0
4727,Pennsylvania,Northumberland,803.0,2000,Unspecified,"Landfill, WTE",1.0,nan,U,0.0,0,0,0,0.0,0,0.0,0.0,0.0,0.0,0.0,0.0,65886.4,0.0,0.0
4728,Pennsylvania,Northumberland,803.0,2001,Unspecified,"Landfill, WTE",1.0,nan,U,0.0,0,0,0,0.0,0,0.0,0.0,0.0,0.0,0.0,0.0,68899.5,0.0,0.0
4729,Pennsylvania,Northumberland,803.0,2002,Unspecified,"Landfill, WTE",1.0,nan,U,0.0,0,0,0,0.0,0,0.0,0.0,0.0,0.0,0.0,0.0,70977.1,0.0,0.0
4730,Pennsylvania,Northumberland,803.0,2003,Unspecified,"Landfill, WTE",1.0,nan,U,0.0,0,0,0,0.0,0,0.0,0.0,0.0,0.0,0.0,0.0,73603.7,0.0,0.0
4731,Pennsylvania,Northumberland,803.0,2004,Unspecified,"Landfill, WTE",1.0,nan,U,0.0,0,0,0,0.0,0,0.0,0.0,0.0,0.0,0.0,0.0,60082.299999999996,0.0,0.0
4732,Pennsylvania,Northumberland,803.0,2005,Unspecified,"Landfill, WTE",1.0,nan,U,0.0,0,0,0,0.0,0,0.0,0.0,0.0,0.0,0.0,0.0,37843.1,0.0,0.0
4733,Pennsylvania,Northumberland,803.0,2006,Unspecified,"Landfill, WTE",1.0,nan,U,0.0,0,0,0,0.0,0,0.0,0.0,0.0,0.0,0.0,0.0,43010.2,0.0,0.0
4734,Pennsylvania,Northumberland,803.0,2007,Unspecified,"Landfill, WTE",1.0,nan,U,0.0,0,0,0,0.0,0,0.0,0.0,0.0,0.0,0.0,0.0,55663.7,0.0,0.0
4735,Pennsylvania,Northumberland,803.0,2008,Unspecified,"Landfill, WTE",1.0,nan,U,0.0,0,0,0,0.0,0,0.0,0.0,0.0,0.0,0.0,0.0,60888.90000000001,0.0,0.0
4736,Pennsylvania,Northumberland,803.0,2009,Unspecified,"Landfill, WTE",1.0,nan,U,0.0,0,0,0,0.0,0,0.0,0.0,0.0,0.0,0.0,0.0,75988.1,0.0,0.0
4737,Pennsylvania,Northumberland,803.0,2010,Unspecified,"Landfill, WTE",1.0,nan,U,0.0,0,0,0,0.0,0,0.0,0.0,0.0,0.0,0.0,0.0,74167.6,0.0,0.0
4738,Pennsylvania,Northumberland,803.0,2011,Unspecified,"Landfill, WTE",1.0,nan,U,0.0,0,0,0,0.0,0,0.0,0.0,0.0,0.0,0.0,0.0,67859.5,0.0,0.0
4739,Pennsylvania,Northumberland,803.0,2012,Unspecified,"Landfill, WTE",1.0,nan,U,0.0,0,0,0,0.0,0,0.0,0.0,0.0,0.0,0.0,0.0,61599.600000000006,0.0,0.0
4740,Pennsylvania,Northumberland,803.0,2013,Unspecified,"Landfill, WTE",1.0,nan,U,0.0,0,0,0,0.0,0,0.0,0.0,0.0,0.0,0.0,0.0,100636.7,0.0,0.0
4741,Pennsylvania,Northumberland,803.0,2014,Unspecified,"Landfill, WTE",1.0,nan,U,0.0,0,0,0,0.0,0,0.0,0.0,0.0,0.0,0.0,0.0,103803.80000000002,0.0,0.0
4742,Pennsylvania,Northumberland,803.0,2015,Unspecified,"Landfill, WTE",1.0,nan,U,0.0,0,0,0,0.0,0,0.0,0.0,0.0,0.0,0.0,0.0,95408.0,0.0,0.0
4743,Pennsylvania,Northumberland,803.0,2016,Unspecified,"Landfill, WTE",1.0,nan,U,0.0,0,0,0,0.0,0,0.0,0.0,0.0,0.0,0.0,0.0,75839.4,0.0,0.0
4744,Pennsylvania,Northumberland,803.0,2017,Unspecified,"Landfill, WTE",1.0,nan,U,0.0,0,0,0,0.0,0,0.0,0.0,0.0,0.0,0.0,0.0,65314.200000000004,0.0,0.0
4745,Pennsylvania,Northumberland,803.0,2018,Unspecified,"Landfill, WTE",1.0,nan,U,0.0,0,0,0,0.0,0,0.0,0.0,0.0,0.0,0.0,0.0,53386.0,0.0,0.0
4746,Pennsylvania,Northumberland,803.0,2019,Unspecified,"Landfill, WTE",1.0,nan,U,0.0,0,0,0,0.0,0,0.0,0.0,0.0,0.0,0.0,0.0,44681.399999999994,0.0,0.0
4747,Pennsylvania,Northumberland,803.0,2020,Unspecified,"Landfill, WTE",1.0,nan,U,0.0,0,0,0,0.0,0,0.0,0.0,0.0,0.0,0.0,0.0,43415.799999999996,0.0,0.0
4748,Pennsylvania,Northumberland,803.0,2021,Unspecified,"Landfill, WTE",1.0,nan,U,0.0,0,0,0,0.0,0,0.0,0.0,0.0,0.0,0.0,0.0,44093.6,0.0,0.0
4749,Pennsylvania,Northumberland,803.0,2022,Unspecified,"Landfill, WTE",1.0,nan,U,0.0,0,0,0,0.0,0,0.0,0.0,0.0,0.0,0.0,0.0,46343.1,0.0,0.0
4750,Pennsylvania,Northumberland,803.0,2023,Unspecified,"Landfill, WTE",1.0,nan,U,0.0,0,0,0,0.0,0,0.0,0.0,0.0,0.0,0.0,0.0,52864.399999999994,0.0,0.0
4751,Pennsylvania,Northumberland,803.0,2024,Unspecified,"Landfill, WTE",1.0,nan,U,0.0,0,0,0,0.0,0,0.0,0.0,0.0,0.0,0.0,0.0,74759.8,0.0,0.0
4752,Pennsylvania,Perry,803.0,2000,Unspecified,"Landfill, WTE",1.0,nan,U,0.0,0,0,0,0.0,0,0.0,0.0,0.0,0.0,0.0,0.0,11847.1,0.0,0.0
4753,Pennsylvania,Perry,803.0,2001,Unspecified,"Landfill, WTE",1.0,nan,U,0.0,0,0,0,0.0,0,0.0,0.0,0.0,0.0,0.0,0.0,13501.0,0.0,0.0
4754,Pennsylvania,Perry,803.0,2002,Unspecified,"Landfill, WTE",1.0,nan,U,0.0,0,0,0,0.0,0,0.0,0.0,0.0,0.0,0.0,0.0,14309.400000000001,0.0,0.0
4755,Pennsylvania,Perry,803.0,2003,Unspecified,"Landfill, WTE",1.0,nan,U,0.0,0,0,0,0.0,0,0.0,0.0,0.0,0.0,0.0,0.0,13491.8,0.0,0.0
4756,Pennsylvania,Perry,803.0,2004,Unspecified,"Landfill, WTE",1.0,nan,U,0.0,0,0,0,0.0,0,0.0,0.0,0.0,0.0,0.0,0.0,13341.4,0.0,0.0
4757,Pennsylvania,Perry,803.0,2005,Unspecified,"Landfill, WTE",1.0,nan,U,0.0,0,0,0,0.0,0,0.0,0.0,0.0,0.0,0.0,0.0,13440.4,0.0,0.0
4758,Pennsylvania,Perry,803.0,2006,Unspecified,"Landfill, WTE",1.0,nan,U,0.0,0,0,0,0.0,0,0.0,0.0,0.0,0.0,0.0,0.0,11811.700000000003,0.0,0.0
4759,Pennsylvania,Perry,803.0,2007,Unspecified,"Landfill, WTE",1.0,nan,U,0.0,0,0,0,0.0,0,0.0,0.0,0.0,0.0,0.0,0.0,16686.4,0.0,0.0
4760,Pennsylvania,Perry,803.0,2008,Unspecified,"Landfill, WTE",1.0,nan,U,0.0,0,0,0,0.0,0,0.0,0.0,0.0,0.0,0.0,0.0,23686.900000000005,0.0,0.0
4761,Pennsylvania,Perry,803.0,2009,Unspecified,"Landfill, WTE",1.0,nan,U,0.0,0,0,0,0.0,0,0.0,0.0,0.0,0.0,0.0,0.0,19915.4,0.0,0.0
4762,Pennsylvania,Perry,803.0,2010,Unspecified,"Landfill, WTE",1.0,nan,U,0.0,0,0,0,0.0,0,0.0,0.0,0.0,0.0,0.0,0.0,17367.4,0.0,0.0
4763,Pennsylvania,Perry,803.0,2011,Unspecified,"Landfill, WTE",1.0,nan,U,0.0,0,0,0,0.0,0,0.0,0.0,0.0,0.0,0.0,0.0,15701.600000000002,0.0,0.0
4764,Pennsylvania,Perry,803.0,2012,Unspecified,"Landfill, WTE",1.0,nan,U,0.0,0,0,0,0.0,0,0.0,0.0,0.0,0.0,0.0,0.0,13529.000000000002,0.0,0.0
4765,Pennsylvania,Perry,803.0,2013,Unspecified,"Landfill, WTE",1.0,nan,U,0.0,0,0,0,0.0,0,0.0,0.0,0.0,0.0,0.0,0.0,9441.2,0.0,0.0
4766,Pennsylvania,Perry,803.0,2014,Unspecified,"Landfill, WTE",1.0,nan,U,0.0,0,0,0,0.0,0,0.0,0.0,0.0,0.0,0.0,0.0,8780.4,0.0,0.0
4767,Pennsylvania,Perry,803.0,2015,Unspecified,"Landfill, WTE",1.0,nan,U,0.0,0,0,0,0.0,0,0.0,0.0,0.0,0.0,0.0,0.0,11916.7,0.0,0.0
4768,Pennsylvania,Perry,803.0,2016,Unspecified,"Landfill, WTE",1.0,nan,U,0.0,0,0,0,0.0,0,0.0,0.0,0.0,0.0,0.0,0.0,12578.099999999999,0.0,0.0
4769,Pennsylvania,Perry,803.0,2017,Unspecified,"Landfill, WTE",1.0,nan,U,0.0,0,0,0,0.0,0,0.0,0.0,0.0,0.0,0.0,0.0,12349.999999999998,0.0,0.0
4770,Pennsylvania,Perry,803.0,2018,Unspecified,"Landfill, WTE",1.0,nan,U,0.0,0,0,0,0.0,0,0.0,0.0,0.0,0.0,0.0,0.0,12401.4,0.0,0.0
4771,Pennsylvania,Perry,803.0,2019,Unspecified,"Landfill, WTE",1.0,nan,U,0.0,0,0,0,0.0,0,0.0,0.0,0.0,0.0,0.0,0.0,13756.899999999998,0.0,0.0
4772,Pennsylvania,Perry,803.0,2020,Unspecified,"Landfill, WTE",1.0,nan,U,0.0,0,0,0,0.0,0,0.0,0.0,0.0,0.0,0.0,0.0,13302.8,0.0,0.0
4773,Pennsylvania,Perry,803.0,2021,Unspecified,"Landfill, WTE",1.0,nan,U,0.0,0,0,0,0.0,0,0.0,0.0,0.0,0.0,0.0,0.0,12974.1,0.0,0.0
4774,Pennsylvania,Perry,803.0,2022,Unspecified,"Landfill, WTE",1.0,nan,U,0.0,0,0,0,0.0,0,0.0,0.0,0.0,0.0,0.0,0.0,14488.4,0.0,0.0
4775,Pennsylvania,Perry,803.0,2023,Unspecified,"Landfill, WTE",1.0,nan,U,0.0,0,0,0,0.0,0,0.0,0.0,0.0,0.0,0.0,0.0,12311.000000000002,0.0,0.0
4776,Pennsylvania,Perry,803.0,2024,Unspecified,"Landfill, WTE",1.0,nan,U,0.0,0,0,0,0.0,0,0.0,0.0,0.0,0.0,0.0,0.0,15720.1,0.0,0.0
4777,Pennsylvania,Philadelphia,803.0,2000,Unspecified,"Landfill, WTE",1.0,nan,U,0.0,0,0,0,0.0,0,0.0,0.0,0.0,0.0,0.0,0.0,1813644.4000000004,0.0,0.0
4778,Pennsylvania,Philadelphia,803.0,2001,Unspecified,"Landfill, WTE",1.0,nan,U,0.0,0,0,0,0.0,0,0.0,0.0,0.0,0.0,0.0,0.0,1789033.0999999999,0.0,0.0
4779,Pennsylvania,Philadelphia,803.0,2002,Unspecified,"Landfill, WTE",1.0,nan,U,0.0,0,0,0,0.0,0,0.0,0.0,0.0,0.0,0.0,0.0,1766671.8000000003,0.0,0.0
4780,Pennsylvania,Philadelphia,803.0,2003,Unspecified,"Landfill, WTE",1.0,nan,U,0.0,0,0,0,0.0,0,0.0,0.0,0.0,0.0,0.0,0.0,1802001.8,0.0,0.0
4781,Pennsylvania,Philadelphia,803.0,2004,Unspecified,"Landfill, WTE",1.0,nan,U,0.0,0,0,0,0.0,0,0.0,0.0,0.0,0.0,0.0,0.0,1904384.8,0.0,0.0
4782,Pennsylvania,Philadelphia,803.0,2005,Unspecified,"Landfill, WTE",1.0,nan,U,0.0,0,0,0,0.0,0,0.0,0.0,0.0,0.0,0.0,0.0,1865211.6999999997,0.0,0.0
4783,Pennsylvania,Philadelphia,803.0,2006,Unspecified,"Landfill, WTE",1.0,nan,U,0.0,0,0,0,0.0,0,0.0,0.0,0.0,0.0,0.0,0.0,1836087.7,0.0,0.0
4784,Pennsylvania,Philadelphia,803.0,2007,Unspecified,"Landfill, WTE",1.0,nan,U,0.0,0,0,0,0.0,0,0.0,0.0,0.0,0.0,0.0,0.0,1806879.5000000002,0.0,0.0
4785,Pennsylvania,Philadelphia,803.0,2008,Unspecified,"Landfill, WTE",1.0,nan,U,0.0,0,0,0,0.0,0,0.0,0.0,0.0,0.0,0.0,0.0,1660394.6,0.0,0.0
4786,Pennsylvania,Philadelphia,803.0,2009,Unspecified,"Landfill, WTE",1.0,nan,U,0.0,0,0,0,0.0,0,0.0,0.0,0.0,0.0,0.0,0.0,1438834.9,0.0,0.0
4787,Pennsylvania,Philadelphia,803.0,2010,Unspecified,"Landfill, WTE",1.0,nan,U,0.0,0,0,0,0.0,0,0.0,0.0,0.0,0.0,0.0,0.0,1376490.3,0.0,0.0
4788,Pennsylvania,Philadelphia,803.0,2011,Unspecified,"Landfill, WTE",1.0,nan,U,0.0,0,0,0,0.0,0,0.0,0.0,0.0,0.0,0.0,0.0,1390446.7,0.0,0.0
4789,Pennsylvania,Philadelphia,803.0,2012,Unspecified,"Landfill, WTE",1.0,nan,U,0.0,0,0,0,0.0,0,0.0,0.0,0.0,0.0,0.0,0.0,1291072.0,0.0,0.0
4790,Pennsylvania,Philadelphia,803.0,2013,Unspecified,"Landfill, WTE",1.0,nan,U,0.0,0,0,0,0.0,0,0.0,0.0,0.0,0.0,0.0,0.0,1316446.9,0.0,0.0
4791,Pennsylvania,Philadelphia,803.0,2014,Unspecified,"Landfill, WTE",1.0,nan,U,0.0,0,0,0,0.0,0,0.0,0.0,0.0,0.0,0.0,0.0,1316762.4000000001,0.0,0.0
4792,Pennsylvania,Philadelphia,803.0,2015,Unspecified,"Landfill, WTE",1.0,nan,U,0.0,0,0,0,0.0,0,0.0,0.0,0.0,0.0,0.0,0.0,1328303.7999999998,0.0,0.0
4793,Pennsylvania,Philadelphia,803.0,2016,Unspecified,"Landfill, WTE",1.0,nan,U,0.0,0,0,0,0.0,0,0.0,0.0,0.0,0.0,0.0,0.0,1230297.1999999997,0.0,0.0
4794,Pennsylvania,Philadelphia,803.0,2017,Unspecified,"Landfill, WTE",1.0,nan,U,0.0,0,0,0,0.0,0,0.0,0.0,0.0,0.0,0.0,0.0,1161941.5000000002,0.0,0.0
4795,Pennsylvania,Philadelphia,803.0,2018,Unspecified,"Landfill, WTE",1.0,nan,U,0.0,0,0,0,0.0,0,0.0,0.0,0.0,0.0,0.0,0.0,1295842.9000000001,0.0,0.0
4796,Pennsylvania,Philadelphia,803.0,2019,Unspecified,"Landfill, WTE",1.0,nan,U,0.0,0,0,0,0.0,0,0.0,0.0,0.0,0.0,0.0,0.0,1283257.5,0.0,0.0
4797,Pennsylvania,Philadelphia,803.0,2020,Unspecified,"Landfill, WTE",1.0,nan,U,0.0,0,0,0,0.0,0,0.0,0.0,0.0,0.0,0.0,0.0,1261102.2,0.0,0.0
4798,Pennsylvania,Philadelphia,803.0,2021,Unspecified,"Landfill, WTE",1.0,nan,U,0.0,0,0,0,0.0,0,0.0,0.0,0.0,0.0,0.0,0.0,1329182.7,0.0,0.0
4799,Pennsylvania,Philadelphia,803.0,2022,Unspecified,"Landfill, WTE",1.0,nan,U,0.0,0,0,0,0.0,0,0.0,0.0,0.0,0.0,0.0,0.0,1287174.7,0.0,0.0
4800,Pennsylvania,Philadelphia,803.0,2023,Unspecified,"Landfill, WTE",1.0,nan,U,0.0,0,0,0,0.0,0,0.0,0.0,0.0,0.0,0.0,0.0,1321710.4,0.0,0.0
4801,Pennsylvania,Philadelphia,803.0,2024,Unspecified,"Landfill, WTE",1.0,nan,U,0.0,0,0,0,0.0,0,0.0,0.0,0.0,0.0,0.0,0.0,1281069.4,0.0,0.0
4802,Pennsylvania,Pike,803.0,2000,Unspecified,"Landfill, WTE",1.0,nan,U,0.0,0,0,0,0.0,0,0.0,0.0,0.0,0.0,0.0,0.0,9255.1,0.0,0.0
4803,Pennsylvania,Pike,803.0,2001,Unspecified,"Landfill, WTE",1.0,nan,U,0.0,0,0,0,0.0,0,0.0,0.0,0.0,0.0,0.0,0.0,10401.300000000001,0.0,0.0
4804,Pennsylvania,Pike,803.0,2002,Unspecified,"Landfill, WTE",1.0,nan,U,0.0,0,0,0,0.0,0,0.0,0.0,0.0,0.0,0.0,0.0,11066.6,0.0,0.0
4805,Pennsylvania,Pike,803.0,2003,Unspecified,"Landfill, WTE",1.0,nan,U,0.0,0,0,0,0.0,0,0.0,0.0,0.0,0.0,0.0,0.0,12102.699999999999,0.0,0.0
4806,Pennsylvania,Pike,803.0,2004,Unspecified,"Landfill, WTE",1.0,nan,U,0.0,0,0,0,0.0,0,0.0,0.0,0.0,0.0,0.0,0.0,10022.400000000001,0.0,0.0
4807,Pennsylvania,Pike,803.0,2005,Unspecified,"Landfill, WTE",1.0,nan,U,0.0,0,0,0,0.0,0,0.0,0.0,0.0,0.0,0.0,0.0,11791.4,0.0,0.0
4808,Pennsylvania,Pike,803.0,2006,Unspecified,"Landfill, WTE",1.0,nan,U,0.0,0,0,0,0.0,0,0.0,0.0,0.0,0.0,0.0,0.0,36244.5,0.0,0.0
4809,Pennsylvania,Pike,803.0,2007,Unspecified,"Landfill, WTE",1.0,nan,U,0.0,0,0,0,0.0,0,0.0,0.0,0.0,0.0,0.0,0.0,36697.7,0.0,0.0
4810,Pennsylvania,Pike,803.0,2008,Unspecified,"Landfill, WTE",1.0,nan,U,0.0,0,0,0,0.0,0,0.0,0.0,0.0,0.0,0.0,0.0,34353.9,0.0,0.0
4811,Pennsylvania,Pike,803.0,2009,Unspecified,"Landfill, WTE",1.0,nan,U,0.0,0,0,0,0.0,0,0.0,0.0,0.0,0.0,0.0,0.0,30550.300000000003,0.0,0.0
4812,Pennsylvania,Pike,803.0,2010,Unspecified,"Landfill, WTE",1.0,nan,U,0.0,0,0,0,0.0,0,0.0,0.0,0.0,0.0,0.0,0.0,25689.2,0.0,0.0
4813,Pennsylvania,Pike,803.0,2011,Unspecified,"Landfill, WTE",1.0,nan,U,0.0,0,0,0,0.0,0,0.0,0.0,0.0,0.0,0.0,0.0,26470.0,0.0,0.0
4814,Pennsylvania,Pike,803.0,2012,Unspecified,"Landfill, WTE",1.0,nan,U,0.0,0,0,0,0.0,0,0.0,0.0,0.0,0.0,0.0,0.0,22539.1,0.0,0.0
4815,Pennsylvania,Pike,803.0,2013,Unspecified,"Landfill, WTE",1.0,nan,U,0.0,0,0,0,0.0,0,0.0,0.0,0.0,0.0,0.0,0.0,32520.600000000002,0.0,0.0
4816,Pennsylvania,Pike,803.0,2014,Unspecified,"Landfill, WTE",1.0,nan,U,0.0,0,0,0,0.0,0,0.0,0.0,0.0,0.0,0.0,0.0,39674.9,0.0,0.0
4817,Pennsylvania,Pike,803.0,2015,Unspecified,"Landfill, WTE",1.0,nan,U,0.0,0,0,0,0.0,0,0.0,0.0,0.0,0.0,0.0,0.0,35784.6,0.0,0.0
4818,Pennsylvania,Pike,803.0,2016,Unspecified,"Landfill, WTE",1.0,nan,U,0.0,0,0,0,0.0,0,0.0,0.0,0.0,0.0,0.0,0.0,33733.1,0.0,0.0
4819,Pennsylvania,Pike,803.0,2017,Unspecified,"Landfill, WTE",1.0,nan,U,0.0,0,0,0,0.0,0,0.0,0.0,0.0,0.0,0.0,0.0,29243.6,0.0,0.0
4820,Pennsylvania,Pike,803.0,2018,Unspecified,"Landfill, WTE",1.0,nan,U,0.0,0,0,0,0.0,0,0.0,0.0,0.0,0.0,0.0,0.0,38098.1,0.0,0.0
4821,Pennsylvania,Pike,803.0,2019,Unspecified,"Landfill, WTE",1.0,nan,U,0.0,0,0,0,0.0,0,0.0,0.0,0.0,0.0,0.0,0.0,39403.8,0.0,0.0
4822,Pennsylvania,Pike,803.0,2020,Unspecified,"Landfill, WTE",1.0,nan,U,0.0,0,0,0,0.0,0,0.0,0.0,0.0,0.0,0.0,0.0,28723.699999999997,0.0,0.0
4823,Pennsylvania,Pike,803.0,2021,Unspecified,"Landfill, WTE",1.0,nan,U,0.0,0,0,0,0.0,0,0.0,0.0,0.0,0.0,0.0,0.0,45631.8,0.0,0.0
4824,Pennsylvania,Pike,803.0,2022,Unspecified,"Landfill, WTE",1.0,nan,U,0.0,0,0,0,0.0,0,0.0,0.0,0.0,0.0,0.0,0.0,46993.00000000001,0.0,0.0
4825,Pennsylvania,Pike,803.0,2023,Unspecified,"Landfill, WTE",1.0,nan,U,0.0,0,0,0,0.0,0,0.0,0.0,0.0,0.0,0.0,0.0,36389.4,0.0,0.0
4826,Pennsylvania,Pike,803.0,2024,Unspecified,"Landfill, WTE",1.0,nan,U,0.0,0,0,0,0.0,0,0.0,0.0,0.0,0.0,0.0,0.0,31703.899999999998,0.0,0.0
4827,Pennsylvania,Potter,803.0,2000,Unspecified,"Landfill, WTE",1.0,nan,U,0.0,0,0,0,0.0,0,0.0,0.0,0.0,0.0,0.0,0.0,4396.8,0.0,0.0
4828,Pennsylvania,Potter,803.0,2001,Unspecified,"Landfill, WTE",1.0,nan,U,0.0,0,0,0,0.0,0,0.0,0.0,0.0,0.0,0.0,0.0,114.5,0.0,0.0
4829,Pennsylvania,Potter,803.0,2002,Unspecified,"Landfill, WTE",1.0,nan,U,0.0,0,0,0,0.0,0,0.0,0.0,0.0,0.0,0.0,0.0,5.3,0.0,0.0
4830,Pennsylvania,Potter,803.0,2003,Unspecified,"Landfill, WTE",1.0,nan,U,0.0,0,0,0,0.0,0,0.0,0.0,0.0,0.0,0.0,0.0,128.8,0.0,0.0
4831,Pennsylvania,Potter,803.0,2004,Unspecified,"Landfill, WTE",1.0,nan,U,0.0,0,0,0,0.0,0,0.0,0.0,0.0,0.0,0.0,0.0,3707.5,0.0,0.0
4832,Pennsylvania,Potter,803.0,2005,Unspecified,"Landfill, WTE",1.0,nan,U,0.0,0,0,0,0.0,0,0.0,0.0,0.0,0.0,0.0,0.0,2376.9,0.0,0.0
4833,Pennsylvania,Potter,803.0,2006,Unspecified,"Landfill, WTE",1.0,nan,U,0.0,0,0,0,0.0,0,0.0,0.0,0.0,0.0,0.0,0.0,117.60000000000001,0.0,0.0
4834,Pennsylvania,Potter,803.0,2007,Unspecified,"Landfill, WTE",1.0,nan,U,0.0,0,0,0,0.0,0,0.0,0.0,0.0,0.0,0.0,0.0,103.2,0.0,0.0
4835,Pennsylvania,Potter,803.0,2008,Unspecified,"Landfill, WTE",1.0,nan,U,0.0,0,0,0,0.0,0,0.0,0.0,0.0,0.0,0.0,0.0,274.1,0.0,0.0
4836,Pennsylvania,Potter,803.0,2009,Unspecified,"Landfill, WTE",1.0,nan,U,0.0,0,0,0,0.0,0,0.0,0.0,0.0,0.0,0.0,0.0,585.5,0.0,0.0
4837,Pennsylvania,Potter,803.0,2010,Unspecified,"Landfill, WTE",1.0,nan,U,0.0,0,0,0,0.0,0,0.0,0.0,0.0,0.0,0.0,0.0,32.8,0.0,0.0
4838,Pennsylvania,Potter,803.0,2011,Unspecified,"Landfill, WTE",1.0,nan,U,0.0,0,0,0,0.0,0,0.0,0.0,0.0,0.0,0.0,0.0,44.0,0.0,0.0
4839,Pennsylvania,Potter,803.0,2012,Unspecified,"Landfill, WTE",1.0,nan,U,0.0,0,0,0,0.0,0,0.0,0.0,0.0,0.0,0.0,0.0,111.5,0.0,0.0
4840,Pennsylvania,Potter,803.0,2013,Unspecified,"Landfill, WTE",1.0,nan,U,0.0,0,0,0,0.0,0,0.0,0.0,0.0,0.0,0.0,0.0,25.6,0.0,0.0
4841,Pennsylvania,Potter,803.0,2014,Unspecified,"Landfill, WTE",1.0,nan,U,0.0,0,0,0,0.0,0,0.0,0.0,0.0,0.0,0.0,0.0,45.9,0.0,0.0
4842,Pennsylvania,Potter,803.0,2015,Unspecified,"Landfill, WTE",1.0,nan,U,0.0,0,0,0,0.0,0,0.0,0.0,0.0,0.0,0.0,0.0,15.600000000000001,0.0,0.0
4843,Pennsylvania,Potter,803.0,2016,Unspecified,"Landfill, WTE",1.0,nan,U,0.0,0,0,0,0.0,0,0.0,0.0,0.0,0.0,0.0,0.0,6.6,0.0,0.0
4844,Pennsylvania,Potter,803.0,2017,Unspecified,"Landfill, WTE",1.0,nan,U,0.0,0,0,0,0.0,0,0.0,0.0,0.0,0.0,0.0,0.0,15.3,0.0,0.0
4845,Pennsylvania,Potter,803.0,2018,Unspecified,"Landfill, WTE",1.0,nan,U,0.0,0,0,0,0.0,0,0.0,0.0,0.0,0.0,0.0,0.0,557.8,0.0,0.0
4846,Pennsylvania,Potter,803.0,2019,Unspecified,"Landfill, WTE",1.0,nan,U,0.0,0,0,0,0.0,0,0.0,0.0,0.0,0.0,0.0,0.0,2185.6,0.0,0.0
4847,Pennsylvania,Potter,803.0,2020,Unspecified,"Landfill, WTE",1.0,nan,U,0.0,0,0,0,0.0,0,0.0,0.0,0.0,0.0,0.0,0.0,8447.6,0.0,0.0
4848,Pennsylvania,Potter,803.0,2021,Unspecified,"Landfill, WTE",1.0,nan,U,0.0,0,0,0,0.0,0,0.0,0.0,0.0,0.0,0.0,0.0,8665.0,0.0,0.0
4849,Pennsylvania,Potter,803.0,2022,Unspecified,"Landfill, WTE",1.0,nan,U,0.0,0,0,0,0.0,0,0.0,0.0,0.0,0.0,0.0,0.0,8267.7,0.0,0.0
4850,Pennsylvania,Potter,803.0,2023,Unspecified,"Landfill, WTE",1.0,nan,U,0.0,0,0,0,0.0,0,0.0,0.0,0.0,0.0,0.0,0.0,7217.099999999999,0.0,0.0
4851,Pennsylvania,Potter,803.0,2024,Unspecified,"Landfill, WTE",1.0,nan,U,0.0,0,0,0,0.0,0,0.0,0.0,0.0,0.0,0.0,0.0,6502.2,0.0,0.0
4852,Pennsylvania,Schuylkill,803.0,2000,Unspecified,"Landfill, WTE",1.0,nan,U,0.0,0,0,0,0.0,0,0.0,0.0,0.0,0.0,0.0,0.0,110474.2,0.0,0.0
4853,Pennsylvania,Schuylkill,803.0,2001,Unspecified,"Landfill, WTE",1.0,nan,U,0.0,0,0,0,0.0,0,0.0,0.0,0.0,0.0,0.0,0.0,129014.59999999999,0.0,0.0
4854,Pennsylvania,Schuylkill,803.0,2002,Unspecified,"Landfill, WTE",1.0,nan,U,0.0,0,0,0,0.0,0,0.0,0.0,0.0,0.0,0.0,0.0,142980.40000000002,0.0,0.0
4855,Pennsylvania,Schuylkill,803.0,2003,Unspecified,"Landfill, WTE",1.0,nan,U,0.0,0,0,0,0.0,0,0.0,0.0,0.0,0.0,0.0,0.0,147051.19999999998,0.0,0.0
4856,Pennsylvania,Schuylkill,803.0,2004,Unspecified,"Landfill, WTE",1.0,nan,U,0.0,0,0,0,0.0,0,0.0,0.0,0.0,0.0,0.0,0.0,167579.4,0.0,0.0
4857,Pennsylvania,Schuylkill,803.0,2005,Unspecified,"Landfill, WTE",1.0,nan,U,0.0,0,0,0,0.0,0,0.0,0.0,0.0,0.0,0.0,0.0,145506.3,0.0,0.0
4858,Pennsylvania,Schuylkill,803.0,2006,Unspecified,"Landfill, WTE",1.0,nan,U,0.0,0,0,0,0.0,0,0.0,0.0,0.0,0.0,0.0,0.0,144318.2,0.0,0.0
4859,Pennsylvania,Schuylkill,803.0,2007,Unspecified,"Landfill, WTE",1.0,nan,U,0.0,0,0,0,0.0,0,0.0,0.0,0.0,0.0,0.0,0.0,130834.0,0.0,0.0
4860,Pennsylvania,Schuylkill,803.0,2008,Unspecified,"Landfill, WTE",1.0,nan,U,0.0,0,0,0,0.0,0,0.0,0.0,0.0,0.0,0.0,0.0,120400.5,0.0,0.0
4861,Pennsylvania,Schuylkill,803.0,2009,Unspecified,"Landfill, WTE",1.0,nan,U,0.0,0,0,0,0.0,0,0.0,0.0,0.0,0.0,0.0,0.0,111028.9,0.0,0.0
4862,Pennsylvania,Schuylkill,803.0,2010,Unspecified,"Landfill, WTE",1.0,nan,U,0.0,0,0,0,0.0,0,0.0,0.0,0.0,0.0,0.0,0.0,109712.09999999999,0.0,0.0
4863,Pennsylvania,Schuylkill,803.0,2011,Unspecified,"Landfill, WTE",1.0,nan,U,0.0,0,0,0,0.0,0,0.0,0.0,0.0,0.0,0.0,0.0,119141.99999999999,0.0,0.0
4864,Pennsylvania,Schuylkill,803.0,2012,Unspecified,"Landfill, WTE",1.0,nan,U,0.0,0,0,0,0.0,0,0.0,0.0,0.0,0.0,0.0,0.0,120370.10000000002,0.0,0.0
4865,Pennsylvania,Schuylkill,803.0,2013,Unspecified,"Landfill, WTE",1.0,nan,U,0.0,0,0,0,0.0,0,0.0,0.0,0.0,0.0,0.0,0.0,107092.6,0.0,0.0
4866,Pennsylvania,Schuylkill,803.0,2014,Unspecified,"Landfill, WTE",1.0,nan,U,0.0,0,0,0,0.0,0,0.0,0.0,0.0,0.0,0.0,0.0,109676.3,0.0,0.0
4867,Pennsylvania,Schuylkill,803.0,2015,Unspecified,"Landfill, WTE",1.0,nan,U,0.0,0,0,0,0.0,0,0.0,0.0,0.0,0.0,0.0,0.0,114150.50000000001,0.0,0.0
4868,Pennsylvania,Schuylkill,803.0,2016,Unspecified,"Landfill, WTE",1.0,nan,U,0.0,0,0,0,0.0,0,0.0,0.0,0.0,0.0,0.0,0.0,134365.09999999995,0.0,0.0
4869,Pennsylvania,Schuylkill,803.0,2017,Unspecified,"Landfill, WTE",1.0,nan,U,0.0,0,0,0,0.0,0,0.0,0.0,0.0,0.0,0.0,0.0,148394.0,0.0,0.0
4870,Pennsylvania,Schuylkill,803.0,2018,Unspecified,"Landfill, WTE",1.0,nan,U,0.0,0,0,0,0.0,0,0.0,0.0,0.0,0.0,0.0,0.0,182059.60000000003,0.0,0.0
4871,Pennsylvania,Schuylkill,803.0,2019,Unspecified,"Landfill, WTE",1.0,nan,U,0.0,0,0,0,0.0,0,0.0,0.0,0.0,0.0,0.0,0.0,188524.00000000003,0.0,0.0
4872,Pennsylvania,Schuylkill,803.0,2020,Unspecified,"Landfill, WTE",1.0,nan,U,0.0,0,0,0,0.0,0,0.0,0.0,0.0,0.0,0.0,0.0,195449.40000000002,0.0,0.0
4873,Pennsylvania,Schuylkill,803.0,2021,Unspecified,"Landfill, WTE",1.0,nan,U,0.0,0,0,0,0.0,0,0.0,0.0,0.0,0.0,0.0,0.0,195161.00000000003,0.0,0.0
4874,Pennsylvania,Schuylkill,803.0,2022,Unspecified,"Landfill, WTE",1.0,nan,U,0.0,0,0,0,0.0,0,0.0,0.0,0.0,0.0,0.0,0.0,185721.40000000002,0.0,0.0
4875,Pennsylvania,Schuylkill,803.0,2023,Unspecified,"Landfill, WTE",1.0,nan,U,0.0,0,0,0,0.0,0,0.0,0.0,0.0,0.0,0.0,0.0,182145.9,0.0,0.0
4876,Pennsylvania,Schuylkill,803.0,2024,Unspecified,"Landfill, WTE",1.0,nan,U,0.0,0,0,0,0.0,0,0.0,0.0,0.0,0.0,0.0,0.0,158881.4,0.0,0.0
4877,Pennsylvania,Snyder,803.0,2000,Unspecified,"Landfill, WTE",1.0,nan,U,0.0,0,0,0,0.0,0,0.0,0.0,0.0,0.0,0.0,0.0,15777.4,0.0,0.0
4878,Pennsylvania,Snyder,803.0,2001,Unspecified,"Landfill, WTE",1.0,nan,U,0.0,0,0,0,0.0,0,0.0,0.0,0.0,0.0,0.0,0.0,12533.6,0.0,0.0
4879,Pennsylvania,Snyder,803.0,2002,Unspecified,"Landfill, WTE",1.0,nan,U,0.0,0,0,0,0.0,0,0.0,0.0,0.0,0.0,0.0,0.0,13568.1,0.0,0.0
4880,Pennsylvania,Snyder,803.0,2003,Unspecified,"Landfill, WTE",1.0,nan,U,0.0,0,0,0,0.0,0,0.0,0.0,0.0,0.0,0.0,0.0,14490.400000000001,0.0,0.0
4881,Pennsylvania,Snyder,803.0,2004,Unspecified,"Landfill, WTE",1.0,nan,U,0.0,0,0,0,0.0,0,0.0,0.0,0.0,0.0,0.0,0.0,17484.0,0.0,0.0
4882,Pennsylvania,Snyder,803.0,2005,Unspecified,"Landfill, WTE",1.0,nan,U,0.0,0,0,0,0.0,0,0.0,0.0,0.0,0.0,0.0,0.0,20991.300000000003,0.0,0.0
4883,Pennsylvania,Snyder,803.0,2006,Unspecified,"Landfill, WTE",1.0,nan,U,0.0,0,0,0,0.0,0,0.0,0.0,0.0,0.0,0.0,0.0,19026.0,0.0,0.0
4884,Pennsylvania,Snyder,803.0,2007,Unspecified,"Landfill, WTE",1.0,nan,U,0.0,0,0,0,0.0,0,0.0,0.0,0.0,0.0,0.0,0.0,15344.800000000001,0.0,0.0
4885,Pennsylvania,Snyder,803.0,2008,Unspecified,"Landfill, WTE",1.0,nan,U,0.0,0,0,0,0.0,0,0.0,0.0,0.0,0.0,0.0,0.0,17725.100000000002,0.0,0.0
4886,Pennsylvania,Snyder,803.0,2009,Unspecified,"Landfill, WTE",1.0,nan,U,0.0,0,0,0,0.0,0,0.0,0.0,0.0,0.0,0.0,0.0,15999.3,0.0,0.0
4887,Pennsylvania,Snyder,803.0,2010,Unspecified,"Landfill, WTE",1.0,nan,U,0.0,0,0,0,0.0,0,0.0,0.0,0.0,0.0,0.0,0.0,15383.9,0.0,0.0
4888,Pennsylvania,Snyder,803.0,2011,Unspecified,"Landfill, WTE",1.0,nan,U,0.0,0,0,0,0.0,0,0.0,0.0,0.0,0.0,0.0,0.0,17031.6,0.0,0.0
4889,Pennsylvania,Snyder,803.0,2012,Unspecified,"Landfill, WTE",1.0,nan,U,0.0,0,0,0,0.0,0,0.0,0.0,0.0,0.0,0.0,0.0,16395.6,0.0,0.0
4890,Pennsylvania,Snyder,803.0,2013,Unspecified,"Landfill, WTE",1.0,nan,U,0.0,0,0,0,0.0,0,0.0,0.0,0.0,0.0,0.0,0.0,14169.6,0.0,0.0
4891,Pennsylvania,Snyder,803.0,2014,Unspecified,"Landfill, WTE",1.0,nan,U,0.0,0,0,0,0.0,0,0.0,0.0,0.0,0.0,0.0,0.0,13310.800000000001,0.0,0.0
4892,Pennsylvania,Snyder,803.0,2015,Unspecified,"Landfill, WTE",1.0,nan,U,0.0,0,0,0,0.0,0,0.0,0.0,0.0,0.0,0.0,0.0,16187.2,0.0,0.0
4893,Pennsylvania,Snyder,803.0,2016,Unspecified,"Landfill, WTE",1.0,nan,U,0.0,0,0,0,0.0,0,0.0,0.0,0.0,0.0,0.0,0.0,15608.5,0.0,0.0
4894,Pennsylvania,Snyder,803.0,2017,Unspecified,"Landfill, WTE",1.0,nan,U,0.0,0,0,0,0.0,0,0.0,0.0,0.0,0.0,0.0,0.0,15011.5,0.0,0.0
4895,Pennsylvania,Snyder,803.0,2018,Unspecified,"Landfill, WTE",1.0,nan,U,0.0,0,0,0,0.0,0,0.0,0.0,0.0,0.0,0.0,0.0,14145.7,0.0,0.0
4896,Pennsylvania,Snyder,803.0,2019,Unspecified,"Landfill, WTE",1.0,nan,U,0.0,0,0,0,0.0,0,0.0,0.0,0.0,0.0,0.0,0.0,12859.2,0.0,0.0
4897,Pennsylvania,Snyder,803.0,2020,Unspecified,"Landfill, WTE",1.0,nan,U,0.0,0,0,0,0.0,0,0.0,0.0,0.0,0.0,0.0,0.0,11459.9,0.0,0.0
4898,Pennsylvania,Snyder,803.0,2021,Unspecified,"Landfill, WTE",1.0,nan,U,0.0,0,0,0,0.0,0,0.0,0.0,0.0,0.0,0.0,0.0,11167.1,0.0,0.0
4899,Pennsylvania,Snyder,803.0,2022,Unspecified,"Landfill, WTE",1.0,nan,U,0.0,0,0,0,0.0,0,0.0,0.0,0.0,0.0,0.0,0.0,9542.2,0.0,0.0
4900,Pennsylvania,Snyder,803.0,2023,Unspecified,"Landfill, WTE",1.0,nan,U,0.0,0,0,0,0.0,0,0.0,0.0,0.0,0.0,0.0,0.0,9150.5,0.0,0.0
4901,Pennsylvania,Snyder,803.0,2024,Unspecified,"Landfill, WTE",1.0,nan,U,0.0,0,0,0,0.0,0,0.0,0.0,0.0,0.0,0.0,0.0,9925.6,0.0,0.0
4902,Pennsylvania,Somerset,803.0,2000,Unspecified,"Landfill, WTE",1.0,nan,U,0.0,0,0,0,0.0,0,0.0,0.0,0.0,0.0,0.0,0.0,50031.4,0.0,0.0
4903,Pennsylvania,Somerset,803.0,2001,Unspecified,"Landfill, WTE",1.0,nan,U,0.0,0,0,0,0.0,0,0.0,0.0,0.0,0.0,0.0,0.0,51787.3,0.0,0.0
4904,Pennsylvania,Somerset,803.0,2002,Unspecified,"Landfill, WTE",1.0,nan,U,0.0,0,0,0,0.0,0,0.0,0.0,0.0,0.0,0.0,0.0,51356.399999999994,0.0,0.0
4905,Pennsylvania,Somerset,803.0,2003,Unspecified,"Landfill, WTE",1.0,nan,U,0.0,0,0,0,0.0,0,0.0,0.0,0.0,0.0,0.0,0.0,51521.5,0.0,0.0
4906,Pennsylvania,Somerset,803.0,2004,Unspecified,"Landfill, WTE",1.0,nan,U,0.0,0,0,0,0.0,0,0.0,0.0,0.0,0.0,0.0,0.0,52649.100000000006,0.0,0.0
4907,Pennsylvania,Somerset,803.0,2005,Unspecified,"Landfill, WTE",1.0,nan,U,0.0,0,0,0,0.0,0,0.0,0.0,0.0,0.0,0.0,0.0,50051.799999999996,0.0,0.0
4908,Pennsylvania,Somerset,803.0,2006,Unspecified,"Landfill, WTE",1.0,nan,U,0.0,0,0,0,0.0,0,0.0,0.0,0.0,0.0,0.0,0.0,50126.899999999994,0.0,0.0
4909,Pennsylvania,Somerset,803.0,2007,Unspecified,"Landfill, WTE",1.0,nan,U,0.0,0,0,0,0.0,0,0.0,0.0,0.0,0.0,0.0,0.0,53092.5,0.0,0.0
4910,Pennsylvania,Somerset,803.0,2008,Unspecified,"Landfill, WTE",1.0,nan,U,0.0,0,0,0,0.0,0,0.0,0.0,0.0,0.0,0.0,0.0,53060.09999999999,0.0,0.0
4911,Pennsylvania,Somerset,803.0,2009,Unspecified,"Landfill, WTE",1.0,nan,U,0.0,0,0,0,0.0,0,0.0,0.0,0.0,0.0,0.0,0.0,48907.6,0.0,0.0
4912,Pennsylvania,Somerset,803.0,2010,Unspecified,"Landfill, WTE",1.0,nan,U,0.0,0,0,0,0.0,0,0.0,0.0,0.0,0.0,0.0,0.0,48858.600000000006,0.0,0.0
4913,Pennsylvania,Somerset,803.0,2011,Unspecified,"Landfill, WTE",1.0,nan,U,0.0,0,0,0,0.0,0,0.0,0.0,0.0,0.0,0.0,0.0,50237.600000000006,0.0,0.0
4914,Pennsylvania,Somerset,803.0,2012,Unspecified,"Landfill, WTE",1.0,nan,U,0.0,0,0,0,0.0,0,0.0,0.0,0.0,0.0,0.0,0.0,46660.5,0.0,0.0
4915,Pennsylvania,Somerset,803.0,2013,Unspecified,"Landfill, WTE",1.0,nan,U,0.0,0,0,0,0.0,0,0.0,0.0,0.0,0.0,0.0,0.0,45327.9,0.0,0.0
4916,Pennsylvania,Somerset,803.0,2014,Unspecified,"Landfill, WTE",1.0,nan,U,0.0,0,0,0,0.0,0,0.0,0.0,0.0,0.0,0.0,0.0,48712.8,0.0,0.0
4917,Pennsylvania,Somerset,803.0,2015,Unspecified,"Landfill, WTE",1.0,nan,U,0.0,0,0,0,0.0,0,0.0,0.0,0.0,0.0,0.0,0.0,48281.200000000004,0.0,0.0
4918,Pennsylvania,Somerset,803.0,2016,Unspecified,"Landfill, WTE",1.0,nan,U,0.0,0,0,0,0.0,0,0.0,0.0,0.0,0.0,0.0,0.0,47429.4,0.0,0.0
4919,Pennsylvania,Somerset,803.0,2017,Unspecified,"Landfill, WTE",1.0,nan,U,0.0,0,0,0,0.0,0,0.0,0.0,0.0,0.0,0.0,0.0,44405.299999999996,0.0,0.0
4920,Pennsylvania,Somerset,803.0,2018,Unspecified,"Landfill, WTE",1.0,nan,U,0.0,0,0,0,0.0,0,0.0,0.0,0.0,0.0,0.0,0.0,45476.4,0.0,0.0
4921,Pennsylvania,Somerset,803.0,2019,Unspecified,"Landfill, WTE",1.0,nan,U,0.0,0,0,0,0.0,0,0.0,0.0,0.0,0.0,0.0,0.0,47690.100000000006,0.0,0.0
4922,Pennsylvania,Somerset,803.0,2020,Unspecified,"Landfill, WTE",1.0,nan,U,0.0,0,0,0,0.0,0,0.0,0.0,0.0,0.0,0.0,0.0,45811.899999999994,0.0,0.0
4923,Pennsylvania,Somerset,803.0,2021,Unspecified,"Landfill, WTE",1.0,nan,U,0.0,0,0,0,0.0,0,0.0,0.0,0.0,0.0,0.0,0.0,47741.59999999999,0.0,0.0
4924,Pennsylvania,Somerset,803.0,2022,Unspecified,"Landfill, WTE",1.0,nan,U,0.0,0,0,0,0.0,0,0.0,0.0,0.0,0.0,0.0,0.0,45992.8,0.0,0.0
4925,Pennsylvania,Somerset,803.0,2023,Unspecified,"Landfill, WTE",1.0,nan,U,0.0,0,0,0,0.0,0,0.0,0.0,0.0,0.0,0.0,0.0,39688.4,0.0,0.0
4926,Pennsylvania,Somerset,803.0,2024,Unspecified,"Landfill, WTE",1.0,nan,U,0.0,0,0,0,0.0,0,0.0,0.0,0.0,0.0,0.0,0.0,38690.40000000001,0.0,0.0
4927,Pennsylvania,Sullivan,803.0,2000,Unspecified,"Landfill, WTE",1.0,nan,U,0.0,0,0,0,0.0,0,0.0,0.0,0.0,0.0,0.0,0.0,481.4,0.0,0.0
4928,Pennsylvania,Sullivan,803.0,2001,Unspecified,"Landfill, WTE",1.0,nan,U,0.0,0,0,0,0.0,0,0.0,0.0,0.0,0.0,0.0,0.0,581.6,0.0,0.0
4929,Pennsylvania,Sullivan,803.0,2002,Unspecified,"Landfill, WTE",1.0,nan,U,0.0,0,0,0,0.0,0,0.0,0.0,0.0,0.0,0.0,0.0,1018.2,0.0,0.0
4930,Pennsylvania,Sullivan,803.0,2003,Unspecified,"Landfill, WTE",1.0,nan,U,0.0,0,0,0,0.0,0,0.0,0.0,0.0,0.0,0.0,0.0,1212.2,0.0,0.0
4931,Pennsylvania,Sullivan,803.0,2004,Unspecified,"Landfill, WTE",1.0,nan,U,0.0,0,0,0,0.0,0,0.0,0.0,0.0,0.0,0.0,0.0,1141.8999999999999,0.0,0.0
4932,Pennsylvania,Sullivan,803.0,2005,Unspecified,"Landfill, WTE",1.0,nan,U,0.0,0,0,0,0.0,0,0.0,0.0,0.0,0.0,0.0,0.0,1403.0,0.0,0.0
4933,Pennsylvania,Sullivan,803.0,2006,Unspecified,"Landfill, WTE",1.0,nan,U,0.0,0,0,0,0.0,0,0.0,0.0,0.0,0.0,0.0,0.0,8841.4,0.0,0.0
4934,Pennsylvania,Sullivan,803.0,2007,Unspecified,"Landfill, WTE",1.0,nan,U,0.0,0,0,0,0.0,0,0.0,0.0,0.0,0.0,0.0,0.0,1445.0,0.0,0.0
4935,Pennsylvania,Sullivan,803.0,2008,Unspecified,"Landfill, WTE",1.0,nan,U,0.0,0,0,0,0.0,0,0.0,0.0,0.0,0.0,0.0,0.0,1129.0,0.0,0.0
4936,Pennsylvania,Sullivan,803.0,2009,Unspecified,"Landfill, WTE",1.0,nan,U,0.0,0,0,0,0.0,0,0.0,0.0,0.0,0.0,0.0,0.0,1363.7,0.0,0.0
4937,Pennsylvania,Sullivan,803.0,2010,Unspecified,"Landfill, WTE",1.0,nan,U,0.0,0,0,0,0.0,0,0.0,0.0,0.0,0.0,0.0,0.0,1187.0,0.0,0.0
4938,Pennsylvania,Sullivan,803.0,2011,Unspecified,"Landfill, WTE",1.0,nan,U,0.0,0,0,0,0.0,0,0.0,0.0,0.0,0.0,0.0,0.0,2012.6000000000001,0.0,0.0
4939,Pennsylvania,Sullivan,803.0,2012,Unspecified,"Landfill, WTE",1.0,nan,U,0.0,0,0,0,0.0,0,0.0,0.0,0.0,0.0,0.0,0.0,3492.2999999999997,0.0,0.0
4940,Pennsylvania,Sullivan,803.0,2013,Unspecified,"Landfill, WTE",1.0,nan,U,0.0,0,0,0,0.0,0,0.0,0.0,0.0,0.0,0.0,0.0,2942.2,0.0,0.0
4941,Pennsylvania,Sullivan,803.0,2014,Unspecified,"Landfill, WTE",1.0,nan,U,0.0,0,0,0,0.0,0,0.0,0.0,0.0,0.0,0.0,0.0,2608.7,0.0,0.0
4942,Pennsylvania,Sullivan,803.0,2015,Unspecified,"Landfill, WTE",1.0,nan,U,0.0,0,0,0,0.0,0,0.0,0.0,0.0,0.0,0.0,0.0,2786.5,0.0,0.0
4943,Pennsylvania,Sullivan,803.0,2016,Unspecified,"Landfill, WTE",1.0,nan,U,0.0,0,0,0,0.0,0,0.0,0.0,0.0,0.0,0.0,0.0,3352.8,0.0,0.0
4944,Pennsylvania,Sullivan,803.0,2017,Unspecified,"Landfill, WTE",1.0,nan,U,0.0,0,0,0,0.0,0,0.0,0.0,0.0,0.0,0.0,0.0,3365.6,0.0,0.0
4945,Pennsylvania,Sullivan,803.0,2018,Unspecified,"Landfill, WTE",1.0,nan,U,0.0,0,0,0,0.0,0,0.0,0.0,0.0,0.0,0.0,0.0,3753.8,0.0,0.0
4946,Pennsylvania,Sullivan,803.0,2019,Unspecified,"Landfill, WTE",1.0,nan,U,0.0,0,0,0,0.0,0,0.0,0.0,0.0,0.0,0.0,0.0,6114.099999999999,0.0,0.0
4947,Pennsylvania,Sullivan,803.0,2020,Unspecified,"Landfill, WTE",1.0,nan,U,0.0,0,0,0,0.0,0,0.0,0.0,0.0,0.0,0.0,0.0,3950.0,0.0,0.0
4948,Pennsylvania,Sullivan,803.0,2021,Unspecified,"Landfill, WTE",1.0,nan,U,0.0,0,0,0,0.0,0,0.0,0.0,0.0,0.0,0.0,0.0,3595.7,0.0,0.0
4949,Pennsylvania,Sullivan,803.0,2022,Unspecified,"Landfill, WTE",1.0,nan,U,0.0,0,0,0,0.0,0,0.0,0.0,0.0,0.0,0.0,0.0,2595.1,0.0,0.0
4950,Pennsylvania,Sullivan,803.0,2023,Unspecified,"Landfill, WTE",1.0,nan,U,0.0,0,0,0,0.0,0,0.0,0.0,0.0,0.0,0.0,0.0,2534.0,0.0,0.0
4951,Pennsylvania,Sullivan,803.0,2024,Unspecified,"Landfill, WTE",1.0,nan,U,0.0,0,0,0,0.0,0,0.0,0.0,0.0,0.0,0.0,0.0,3144.5,0.0,0.0
4952,Pennsylvania,Susquehanna,803.0,2000,Unspecified,"Landfill, WTE",1.0,nan,U,0.0,0,0,0,0.0,0,0.0,0.0,0.0,0.0,0.0,0.0,18976.3,0.0,0.0
4953,Pennsylvania,Susquehanna,803.0,2001,Unspecified,"Landfill, WTE",1.0,nan,U,0.0,0,0,0,0.0,0,0.0,0.0,0.0,0.0,0.0,0.0,19395.0,0.0,0.0
4954,Pennsylvania,Susquehanna,803.0,2002,Unspecified,"Landfill, WTE",1.0,nan,U,0.0,0,0,0,0.0,0,0.0,0.0,0.0,0.0,0.0,0.0,20653.600000000002,0.0,0.0
4955,Pennsylvania,Susquehanna,803.0,2003,Unspecified,"Landfill, WTE",1.0,nan,U,0.0,0,0,0,0.0,0,0.0,0.0,0.0,0.0,0.0,0.0,19188.399999999998,0.0,0.0
4956,Pennsylvania,Susquehanna,803.0,2004,Unspecified,"Landfill, WTE",1.0,nan,U,0.0,0,0,0,0.0,0,0.0,0.0,0.0,0.0,0.0,0.0,16799.399999999998,0.0,0.0
4957,Pennsylvania,Susquehanna,803.0,2005,Unspecified,"Landfill, WTE",1.0,nan,U,0.0,0,0,0,0.0,0,0.0,0.0,0.0,0.0,0.0,0.0,16156.4,0.0,0.0
4958,Pennsylvania,Susquehanna,803.0,2006,Unspecified,"Landfill, WTE",1.0,nan,U,0.0,0,0,0,0.0,0,0.0,0.0,0.0,0.0,0.0,0.0,16781.399999999998,0.0,0.0
4959,Pennsylvania,Susquehanna,803.0,2007,Unspecified,"Landfill, WTE",1.0,nan,U,0.0,0,0,0,0.0,0,0.0,0.0,0.0,0.0,0.0,0.0,14674.1,0.0,0.0
4960,Pennsylvania,Susquehanna,803.0,2008,Unspecified,"Landfill, WTE",1.0,nan,U,0.0,0,0,0,0.0,0,0.0,0.0,0.0,0.0,0.0,0.0,13740.099999999999,0.0,0.0
4961,Pennsylvania,Susquehanna,803.0,2009,Unspecified,"Landfill, WTE",1.0,nan,U,0.0,0,0,0,0.0,0,0.0,0.0,0.0,0.0,0.0,0.0,13893.5,0.0,0.0
4962,Pennsylvania,Susquehanna,803.0,2010,Unspecified,"Landfill, WTE",1.0,nan,U,0.0,0,0,0,0.0,0,0.0,0.0,0.0,0.0,0.0,0.0,16414.7,0.0,0.0
4963,Pennsylvania,Susquehanna,803.0,2011,Unspecified,"Landfill, WTE",1.0,nan,U,0.0,0,0,0,0.0,0,0.0,0.0,0.0,0.0,0.0,0.0,16126.800000000001,0.0,0.0
4964,Pennsylvania,Susquehanna,803.0,2012,Unspecified,"Landfill, WTE",1.0,nan,U,0.0,0,0,0,0.0,0,0.0,0.0,0.0,0.0,0.0,0.0,19530.7,0.0,0.0
4965,Pennsylvania,Susquehanna,803.0,2013,Unspecified,"Landfill, WTE",1.0,nan,U,0.0,0,0,0,0.0,0,0.0,0.0,0.0,0.0,0.0,0.0,21405.6,0.0,0.0
4966,Pennsylvania,Susquehanna,803.0,2014,Unspecified,"Landfill, WTE",1.0,nan,U,0.0,0,0,0,0.0,0,0.0,0.0,0.0,0.0,0.0,0.0,20988.9,0.0,0.0
4967,Pennsylvania,Susquehanna,803.0,2015,Unspecified,"Landfill, WTE",1.0,nan,U,0.0,0,0,0,0.0,0,0.0,0.0,0.0,0.0,0.0,0.0,20529.2,0.0,0.0
4968,Pennsylvania,Susquehanna,803.0,2016,Unspecified,"Landfill, WTE",1.0,nan,U,0.0,0,0,0,0.0,0,0.0,0.0,0.0,0.0,0.0,0.0,20402.7,0.0,0.0
4969,Pennsylvania,Susquehanna,803.0,2017,Unspecified,"Landfill, WTE",1.0,nan,U,0.0,0,0,0,0.0,0,0.0,0.0,0.0,0.0,0.0,0.0,21474.3,0.0,0.0
4970,Pennsylvania,Susquehanna,803.0,2018,Unspecified,"Landfill, WTE",1.0,nan,U,0.0,0,0,0,0.0,0,0.0,0.0,0.0,0.0,0.0,0.0,29320.6,0.0,0.0
4971,Pennsylvania,Susquehanna,803.0,2019,Unspecified,"Landfill, WTE",1.0,nan,U,0.0,0,0,0,0.0,0,0.0,0.0,0.0,0.0,0.0,0.0,35495.7,0.0,0.0
4972,Pennsylvania,Susquehanna,803.0,2020,Unspecified,"Landfill, WTE",1.0,nan,U,0.0,0,0,0,0.0,0,0.0,0.0,0.0,0.0,0.0,0.0,29001.9,0.0,0.0
4973,Pennsylvania,Susquehanna,803.0,2021,Unspecified,"Landfill, WTE",1.0,nan,U,0.0,0,0,0,0.0,0,0.0,0.0,0.0,0.0,0.0,0.0,32497.1,0.0,0.0
4974,Pennsylvania,Susquehanna,803.0,2022,Unspecified,"Landfill, WTE",1.0,nan,U,0.0,0,0,0,0.0,0,0.0,0.0,0.0,0.0,0.0,0.0,34853.2,0.0,0.0
4975,Pennsylvania,Susquehanna,803.0,2023,Unspecified,"Landfill, WTE",1.0,nan,U,0.0,0,0,0,0.0,0,0.0,0.0,0.0,0.0,0.0,0.0,34076.899999999994,0.0,0.0
4976,Pennsylvania,Susquehanna,803.0,2024,Unspecified,"Landfill, WTE",1.0,nan,U,0.0,0,0,0,0.0,0,0.0,0.0,0.0,0.0,0.0,0.0,29684.7,0.0,0.0
4977,Pennsylvania,Tioga,803.0,2000,Unspecified,"Landfill, WTE",1.0,nan,U,0.0,0,0,0,0.0,0,0.0,0.0,0.0,0.0,0.0,0.0,11584.4,0.0,0.0
4978,Pennsylvania,Tioga,803.0,2001,Unspecified,"Landfill, WTE",1.0,nan,U,0.0,0,0,0,0.0,0,0.0,0.0,0.0,0.0,0.0,0.0,12880.9,0.0,0.0
4979,Pennsylvania,Tioga,803.0,2002,Unspecified,"Landfill, WTE",1.0,nan,U,0.0,0,0,0,0.0,0,0.0,0.0,0.0,0.0,0.0,0.0,12515.9,0.0,0.0
4980,Pennsylvania,Tioga,803.0,2003,Unspecified,"Landfill, WTE",1.0,nan,U,0.0,0,0,0,0.0,0,0.0,0.0,0.0,0.0,0.0,0.0,13666.6,0.0,0.0
4981,Pennsylvania,Tioga,803.0,2004,Unspecified,"Landfill, WTE",1.0,nan,U,0.0,0,0,0,0.0,0,0.0,0.0,0.0,0.0,0.0,0.0,13580.2,0.0,0.0
4982,Pennsylvania,Tioga,803.0,2005,Unspecified,"Landfill, WTE",1.0,nan,U,0.0,0,0,0,0.0,0,0.0,0.0,0.0,0.0,0.0,0.0,16973.6,0.0,0.0
4983,Pennsylvania,Tioga,803.0,2006,Unspecified,"Landfill, WTE",1.0,nan,U,0.0,0,0,0,0.0,0,0.0,0.0,0.0,0.0,0.0,0.0,16628.399999999998,0.0,0.0
4984,Pennsylvania,Tioga,803.0,2007,Unspecified,"Landfill, WTE",1.0,nan,U,0.0,0,0,0,0.0,0,0.0,0.0,0.0,0.0,0.0,0.0,17613.6,0.0,0.0
4985,Pennsylvania,Tioga,803.0,2008,Unspecified,"Landfill, WTE",1.0,nan,U,0.0,0,0,0,0.0,0,0.0,0.0,0.0,0.0,0.0,0.0,19150.5,0.0,0.0
4986,Pennsylvania,Tioga,803.0,2009,Unspecified,"Landfill, WTE",1.0,nan,U,0.0,0,0,0,0.0,0,0.0,0.0,0.0,0.0,0.0,0.0,18894.3,0.0,0.0
4987,Pennsylvania,Tioga,803.0,2010,Unspecified,"Landfill, WTE",1.0,nan,U,0.0,0,0,0,0.0,0,0.0,0.0,0.0,0.0,0.0,0.0,20378.100000000002,0.0,0.0
4988,Pennsylvania,Tioga,803.0,2011,Unspecified,"Landfill, WTE",1.0,nan,U,0.0,0,0,0,0.0,0,0.0,0.0,0.0,0.0,0.0,0.0,17204.7,0.0,0.0
4989,Pennsylvania,Tioga,803.0,2012,Unspecified,"Landfill, WTE",1.0,nan,U,0.0,0,0,0,0.0,0,0.0,0.0,0.0,0.0,0.0,0.0,16729.5,0.0,0.0
4990,Pennsylvania,Tioga,803.0,2013,Unspecified,"Landfill, WTE",1.0,nan,U,0.0,0,0,0,0.0,0,0.0,0.0,0.0,0.0,0.0,0.0,17372.6,0.0,0.0
4991,Pennsylvania,Tioga,803.0,2014,Unspecified,"Landfill, WTE",1.0,nan,U,0.0,0,0,0,0.0,0,0.0,0.0,0.0,0.0,0.0,0.0,16881.7,0.0,0.0
4992,Pennsylvania,Tioga,803.0,2015,Unspecified,"Landfill, WTE",1.0,nan,U,0.0,0,0,0,0.0,0,0.0,0.0,0.0,0.0,0.0,0.0,17338.899999999998,0.0,0.0
4993,Pennsylvania,Tioga,803.0,2016,Unspecified,"Landfill, WTE",1.0,nan,U,0.0,0,0,0,0.0,0,0.0,0.0,0.0,0.0,0.0,0.0,17671.2,0.0,0.0
4994,Pennsylvania,Tioga,803.0,2017,Unspecified,"Landfill, WTE",1.0,nan,U,0.0,0,0,0,0.0,0,0.0,0.0,0.0,0.0,0.0,0.0,17746.4,0.0,0.0
4995,Pennsylvania,Tioga,803.0,2018,Unspecified,"Landfill, WTE",1.0,nan,U,0.0,0,0,0,0.0,0,0.0,0.0,0.0,0.0,0.0,0.0,18837.5,0.0,0.0
4996,Pennsylvania,Tioga,803.0,2019,Unspecified,"Landfill, WTE",1.0,nan,U,0.0,0,0,0,0.0,0,0.0,0.0,0.0,0.0,0.0,0.0,19103.800000000003,0.0,0.0
4997,Pennsylvania,Tioga,803.0,2020,Unspecified,"Landfill, WTE",1.0,nan,U,0.0,0,0,0,0.0,0,0.0,0.0,0.0,0.0,0.0,0.0,21374.3,0.0,0.0
4998,Pennsylvania,Tioga,803.0,2021,Unspecified,"Landfill, WTE",1.0,nan,U,0.0,0,0,0,0.0,0,0.0,0.0,0.0,0.0,0.0,0.0,20809.699999999997,0.0,0.0
4999,Pennsylvania,Tioga,803.0,2022,Unspecified,"Landfill, WTE",1.0,nan,U,0.0,0,0,0,0.0,0,0.0,0.0,0.0,0.0,0.0,0.0,19975.399999999998,0.0,0.0
5000,Pennsylvania,Tioga,803.0,2023,Unspecified,"Landfill, WTE",1.0,nan,U,0.0,0,0,0,0.0,0,0.0,0.0,0.0,0.0,0.0,0.0,20235.0,0.0,0.0
5001,Pennsylvania,Tioga,803.0,2024,Unspecified,"Landfill, WTE",1.0,nan,U,0.0,0,0,0,0.0,0,0.0,0.0,0.0,0.0,0.0,0.0,22007.9,0.0,0.0
5002,Pennsylvania,Union,803.0,2000,Unspecified,"Landfill, WTE",1.0,nan,U,0.0,0,0,0,0.0,0,0.0,0.0,0.0,0.0,0.0,0.0,23879.800000000003,0.0,0.0
5003,Pennsylvania,Union,803.0,2001,Unspecified,"Landfill, WTE",1.0,nan,U,0.0,0,0,0,0.0,0,0.0,0.0,0.0,0.0,0.0,0.0,22421.0,0.0,0.0
5004,Pennsylvania,Union,803.0,2002,Unspecified,"Landfill, WTE",1.0,nan,U,0.0,0,0,0,0.0,0,0.0,0.0,0.0,0.0,0.0,0.0,22656.700000000004,0.0,0.0
5005,Pennsylvania,Union,803.0,2003,Unspecified,"Landfill, WTE",1.0,nan,U,0.0,0,0,0,0.0,0,0.0,0.0,0.0,0.0,0.0,0.0,24321.199999999997,0.0,0.0
5006,Pennsylvania,Union,803.0,2004,Unspecified,"Landfill, WTE",1.0,nan,U,0.0,0,0,0,0.0,0,0.0,0.0,0.0,0.0,0.0,0.0,25357.7,0.0,0.0
5007,Pennsylvania,Union,803.0,2005,Unspecified,"Landfill, WTE",1.0,nan,U,0.0,0,0,0,0.0,0,0.0,0.0,0.0,0.0,0.0,0.0,25387.5,0.0,0.0
5008,Pennsylvania,Union,803.0,2006,Unspecified,"Landfill, WTE",1.0,nan,U,0.0,0,0,0,0.0,0,0.0,0.0,0.0,0.0,0.0,0.0,25414.100000000002,0.0,0.0
5009,Pennsylvania,Union,803.0,2007,Unspecified,"Landfill, WTE",1.0,nan,U,0.0,0,0,0,0.0,0,0.0,0.0,0.0,0.0,0.0,0.0,23492.100000000002,0.0,0.0
5010,Pennsylvania,Union,803.0,2008,Unspecified,"Landfill, WTE",1.0,nan,U,0.0,0,0,0,0.0,0,0.0,0.0,0.0,0.0,0.0,0.0,22542.7,0.0,0.0
5011,Pennsylvania,Union,803.0,2009,Unspecified,"Landfill, WTE",1.0,nan,U,0.0,0,0,0,0.0,0,0.0,0.0,0.0,0.0,0.0,0.0,21878.399999999998,0.0,0.0
5012,Pennsylvania,Union,803.0,2010,Unspecified,"Landfill, WTE",1.0,nan,U,0.0,0,0,0,0.0,0,0.0,0.0,0.0,0.0,0.0,0.0,22723.199999999997,0.0,0.0
5013,Pennsylvania,Union,803.0,2011,Unspecified,"Landfill, WTE",1.0,nan,U,0.0,0,0,0,0.0,0,0.0,0.0,0.0,0.0,0.0,0.0,24093.2,0.0,0.0
5014,Pennsylvania,Union,803.0,2012,Unspecified,"Landfill, WTE",1.0,nan,U,0.0,0,0,0,0.0,0,0.0,0.0,0.0,0.0,0.0,0.0,24363.8,0.0,0.0
5015,Pennsylvania,Union,803.0,2013,Unspecified,"Landfill, WTE",1.0,nan,U,0.0,0,0,0,0.0,0,0.0,0.0,0.0,0.0,0.0,0.0,22358.5,0.0,0.0
5016,Pennsylvania,Union,803.0,2014,Unspecified,"Landfill, WTE",1.0,nan,U,0.0,0,0,0,0.0,0,0.0,0.0,0.0,0.0,0.0,0.0,20681.3,0.0,0.0
5017,Pennsylvania,Union,803.0,2015,Unspecified,"Landfill, WTE",1.0,nan,U,0.0,0,0,0,0.0,0,0.0,0.0,0.0,0.0,0.0,0.0,22079.199999999997,0.0,0.0
5018,Pennsylvania,Union,803.0,2016,Unspecified,"Landfill, WTE",1.0,nan,U,0.0,0,0,0,0.0,0,0.0,0.0,0.0,0.0,0.0,0.0,22116.2,0.0,0.0
5019,Pennsylvania,Union,803.0,2017,Unspecified,"Landfill, WTE",1.0,nan,U,0.0,0,0,0,0.0,0,0.0,0.0,0.0,0.0,0.0,0.0,22929.7,0.0,0.0
5020,Pennsylvania,Union,803.0,2018,Unspecified,"Landfill, WTE",1.0,nan,U,0.0,0,0,0,0.0,0,0.0,0.0,0.0,0.0,0.0,0.0,23809.199999999997,0.0,0.0
5021,Pennsylvania,Union,803.0,2019,Unspecified,"Landfill, WTE",1.0,nan,U,0.0,0,0,0,0.0,0,0.0,0.0,0.0,0.0,0.0,0.0,22882.5,0.0,0.0
5022,Pennsylvania,Union,803.0,2020,Unspecified,"Landfill, WTE",1.0,nan,U,0.0,0,0,0,0.0,0,0.0,0.0,0.0,0.0,0.0,0.0,22414.2,0.0,0.0
5023,Pennsylvania,Union,803.0,2021,Unspecified,"Landfill, WTE",1.0,nan,U,0.0,0,0,0,0.0,0,0.0,0.0,0.0,0.0,0.0,0.0,23397.300000000003,0.0,0.0
5024,Pennsylvania,Union,803.0,2022,Unspecified,"Landfill, WTE",1.0,nan,U,0.0,0,0,0,0.0,0,0.0,0.0,0.0,0.0,0.0,0.0,21706.1,0.0,0.0
5025,Pennsylvania,Union,803.0,2023,Unspecified,"Landfill, WTE",1.0,nan,U,0.0,0,0,0,0.0,0,0.0,0.0,0.0,0.0,0.0,0.0,21165.0,0.0,0.0
5026,Pennsylvania,Union,803.0,2024,Unspecified,"Landfill, WTE",1.0,nan,U,0.0,0,0,0,0.0,0,0.0,0.0,0.0,0.0,0.0,0.0,21161.2,0.0,0.0
5027,Pennsylvania,Venango,803.0,2000,Unspecified,"Landfill, WTE",1.0,nan,U,0.0,0,0,0,0.0,0,0.0,0.0,0.0,0.0,0.0,0.0,38223.2,0.0,0.0
5028,Pennsylvania,Venango,803.0,2001,Unspecified,"Landfill, WTE",1.0,nan,U,0.0,0,0,0,0.0,0,0.0,0.0,0.0,0.0,0.0,0.0,28921.600000000002,0.0,0.0
5029,Pennsylvania,Venango,803.0,2002,Unspecified,"Landfill, WTE",1.0,nan,U,0.0,0,0,0,0.0,0,0.0,0.0,0.0,0.0,0.0,0.0,34037.3,0.0,0.0
5030,Pennsylvania,Venango,803.0,2003,Unspecified,"Landfill, WTE",1.0,nan,U,0.0,0,0,0,0.0,0,0.0,0.0,0.0,0.0,0.0,0.0,37255.399999999994,0.0,0.0
5031,Pennsylvania,Venango,803.0,2004,Unspecified,"Landfill, WTE",1.0,nan,U,0.0,0,0,0,0.0,0,0.0,0.0,0.0,0.0,0.0,0.0,36422.100000000006,0.0,0.0
5032,Pennsylvania,Venango,803.0,2005,Unspecified,"Landfill, WTE",1.0,nan,U,0.0,0,0,0,0.0,0,0.0,0.0,0.0,0.0,0.0,0.0,34574.2,0.0,0.0
5033,Pennsylvania,Venango,803.0,2006,Unspecified,"Landfill, WTE",1.0,nan,U,0.0,0,0,0,0.0,0,0.0,0.0,0.0,0.0,0.0,0.0,32734.2,0.0,0.0
5034,Pennsylvania,Venango,803.0,2007,Unspecified,"Landfill, WTE",1.0,nan,U,0.0,0,0,0,0.0,0,0.0,0.0,0.0,0.0,0.0,0.0,27354.1,0.0,0.0
5035,Pennsylvania,Venango,803.0,2008,Unspecified,"Landfill, WTE",1.0,nan,U,0.0,0,0,0,0.0,0,0.0,0.0,0.0,0.0,0.0,0.0,14433.599999999999,0.0,0.0
5036,Pennsylvania,Venango,803.0,2009,Unspecified,"Landfill, WTE",1.0,nan,U,0.0,0,0,0,0.0,0,0.0,0.0,0.0,0.0,0.0,0.0,2994.0,0.0,0.0
5037,Pennsylvania,Venango,803.0,2010,Unspecified,"Landfill, WTE",1.0,nan,U,0.0,0,0,0,0.0,0,0.0,0.0,0.0,0.0,0.0,0.0,2360.5,0.0,0.0
5038,Pennsylvania,Venango,803.0,2011,Unspecified,"Landfill, WTE",1.0,nan,U,0.0,0,0,0,0.0,0,0.0,0.0,0.0,0.0,0.0,0.0,2508.3,0.0,0.0
5039,Pennsylvania,Venango,803.0,2012,Unspecified,"Landfill, WTE",1.0,nan,U,0.0,0,0,0,0.0,0,0.0,0.0,0.0,0.0,0.0,0.0,2872.2000000000003,0.0,0.0
5040,Pennsylvania,Venango,803.0,2013,Unspecified,"Landfill, WTE",1.0,nan,U,0.0,0,0,0,0.0,0,0.0,0.0,0.0,0.0,0.0,0.0,3682.5,0.0,0.0
5041,Pennsylvania,Venango,803.0,2014,Unspecified,"Landfill, WTE",1.0,nan,U,0.0,0,0,0,0.0,0,0.0,0.0,0.0,0.0,0.0,0.0,3370.1,0.0,0.0
5042,Pennsylvania,Venango,803.0,2015,Unspecified,"Landfill, WTE",1.0,nan,U,0.0,0,0,0,0.0,0,0.0,0.0,0.0,0.0,0.0,0.0,3176.3,0.0,0.0
5043,Pennsylvania,Venango,803.0,2016,Unspecified,"Landfill, WTE",1.0,nan,U,0.0,0,0,0,0.0,0,0.0,0.0,0.0,0.0,0.0,0.0,3468.1,0.0,0.0
5044,Pennsylvania,Venango,803.0,2017,Unspecified,"Landfill, WTE",1.0,nan,U,0.0,0,0,0,0.0,0,0.0,0.0,0.0,0.0,0.0,0.0,3461.7,0.0,0.0
5045,Pennsylvania,Venango,803.0,2018,Unspecified,"Landfill, WTE",1.0,nan,U,0.0,0,0,0,0.0,0,0.0,0.0,0.0,0.0,0.0,0.0,3560.1,0.0,0.0
5046,Pennsylvania,Venango,803.0,2019,Unspecified,"Landfill, WTE",1.0,nan,U,0.0,0,0,0,0.0,0,0.0,0.0,0.0,0.0,0.0,0.0,3516.0,0.0,0.0
5047,Pennsylvania,Venango,803.0,2020,Unspecified,"Landfill, WTE",1.0,nan,U,0.0,0,0,0,0.0,0,0.0,0.0,0.0,0.0,0.0,0.0,3006.8,0.0,0.0
5048,Pennsylvania,Venango,803.0,2021,Unspecified,"Landfill, WTE",1.0,nan,U,0.0,0,0,0,0.0,0,0.0,0.0,0.0,0.0,0.0,0.0,2776.7,0.0,0.0
5049,Pennsylvania,Venango,803.0,2022,Unspecified,"Landfill, WTE",1.0,nan,U,0.0,0,0,0,0.0,0,0.0,0.0,0.0,0.0,0.0,0.0,2345.2,0.0,0.0
5050,Pennsylvania,Venango,803.0,2023,Unspecified,"Landfill, WTE",1.0,nan,U,0.0,0,0,0,0.0,0,0.0,0.0,0.0,0.0,0.0,0.0,2268.2999999999997,0.0,0.0
5051,Pennsylvania,Venango,803.0,2024,Unspecified,"Landfill, WTE",1.0,nan,U,0.0,0,0,0,0.0,0,0.0,0.0,0.0,0.0,0.0,0.0,1394.3999999999999,0.0,0.0
5052,Pennsylvania,Warren,803.0,2000,Unspecified,"Landfill, WTE",1.0,nan,U,0.0,0,0,0,0.0,0,0.0,0.0,0.0,0.0,0.0,0.0,23079.399999999998,0.0,0.0
5053,Pennsylvania,Warren,803.0,2001,Unspecified,"Landfill, WTE",1.0,nan,U,0.0,0,0,0,0.0,0,0.0,0.0,0.0,0.0,0.0,0.0,23696.4,0.0,0.0
5054,Pennsylvania,Warren,803.0,2002,Unspecified,"Landfill, WTE",1.0,nan,U,0.0,0,0,0,0.0,0,0.0,0.0,0.0,0.0,0.0,0.0,12263.5,0.0,0.0
5055,Pennsylvania,Warren,803.0,2003,Unspecified,"Landfill, WTE",1.0,nan,U,0.0,0,0,0,0.0,0,0.0,0.0,0.0,0.0,0.0,0.0,9376.199999999999,0.0,0.0
5056,Pennsylvania,Warren,803.0,2004,Unspecified,"Landfill, WTE",1.0,nan,U,0.0,0,0,0,0.0,0,0.0,0.0,0.0,0.0,0.0,0.0,9882.5,0.0,0.0
5057,Pennsylvania,Warren,803.0,2005,Unspecified,"Landfill, WTE",1.0,nan,U,0.0,0,0,0,0.0,0,0.0,0.0,0.0,0.0,0.0,0.0,2072.4,0.0,0.0
5058,Pennsylvania,Warren,803.0,2006,Unspecified,"Landfill, WTE",1.0,nan,U,0.0,0,0,0,0.0,0,0.0,0.0,0.0,0.0,0.0,0.0,10472.1,0.0,0.0
5059,Pennsylvania,Warren,803.0,2007,Unspecified,"Landfill, WTE",1.0,nan,U,0.0,0,0,0,0.0,0,0.0,0.0,0.0,0.0,0.0,0.0,19740.199999999997,0.0,0.0
5060,Pennsylvania,Warren,803.0,2008,Unspecified,"Landfill, WTE",1.0,nan,U,0.0,0,0,0,0.0,0,0.0,0.0,0.0,0.0,0.0,0.0,32497.7,0.0,0.0
5061,Pennsylvania,Warren,803.0,2009,Unspecified,"Landfill, WTE",1.0,nan,U,0.0,0,0,0,0.0,0,0.0,0.0,0.0,0.0,0.0,0.0,30406.6,0.0,0.0
5062,Pennsylvania,Warren,803.0,2010,Unspecified,"Landfill, WTE",1.0,nan,U,0.0,0,0,0,0.0,0,0.0,0.0,0.0,0.0,0.0,0.0,28530.100000000002,0.0,0.0
5063,Pennsylvania,Warren,803.0,2011,Unspecified,"Landfill, WTE",1.0,nan,U,0.0,0,0,0,0.0,0,0.0,0.0,0.0,0.0,0.0,0.0,28960.900000000005,0.0,0.0
5064,Pennsylvania,Warren,803.0,2012,Unspecified,"Landfill, WTE",1.0,nan,U,0.0,0,0,0,0.0,0,0.0,0.0,0.0,0.0,0.0,0.0,27424.2,0.0,0.0
5065,Pennsylvania,Warren,803.0,2013,Unspecified,"Landfill, WTE",1.0,nan,U,0.0,0,0,0,0.0,0,0.0,0.0,0.0,0.0,0.0,0.0,29807.7,0.0,0.0
5066,Pennsylvania,Warren,803.0,2014,Unspecified,"Landfill, WTE",1.0,nan,U,0.0,0,0,0,0.0,0,0.0,0.0,0.0,0.0,0.0,0.0,30336.5,0.0,0.0
5067,Pennsylvania,Warren,803.0,2015,Unspecified,"Landfill, WTE",1.0,nan,U,0.0,0,0,0,0.0,0,0.0,0.0,0.0,0.0,0.0,0.0,29896.800000000003,0.0,0.0
5068,Pennsylvania,Warren,803.0,2016,Unspecified,"Landfill, WTE",1.0,nan,U,0.0,0,0,0,0.0,0,0.0,0.0,0.0,0.0,0.0,0.0,29999.1,0.0,0.0
5069,Pennsylvania,Warren,803.0,2017,Unspecified,"Landfill, WTE",1.0,nan,U,0.0,0,0,0,0.0,0,0.0,0.0,0.0,0.0,0.0,0.0,45043.3,0.0,0.0
5070,Pennsylvania,Warren,803.0,2018,Unspecified,"Landfill, WTE",1.0,nan,U,0.0,0,0,0,0.0,0,0.0,0.0,0.0,0.0,0.0,0.0,44077.50000000001,0.0,0.0
5071,Pennsylvania,Warren,803.0,2019,Unspecified,"Landfill, WTE",1.0,nan,U,0.0,0,0,0,0.0,0,0.0,0.0,0.0,0.0,0.0,0.0,44576.200000000004,0.0,0.0
5072,Pennsylvania,Warren,803.0,2020,Unspecified,"Landfill, WTE",1.0,nan,U,0.0,0,0,0,0.0,0,0.0,0.0,0.0,0.0,0.0,0.0,40455.7,0.0,0.0
5073,Pennsylvania,Warren,803.0,2021,Unspecified,"Landfill, WTE",1.0,nan,U,0.0,0,0,0,0.0,0,0.0,0.0,0.0,0.0,0.0,0.0,26373.300000000003,0.0,0.0
5074,Pennsylvania,Warren,803.0,2022,Unspecified,"Landfill, WTE",1.0,nan,U,0.0,0,0,0,0.0,0,0.0,0.0,0.0,0.0,0.0,0.0,24728.0,0.0,0.0
5075,Pennsylvania,Warren,803.0,2023,Unspecified,"Landfill, WTE",1.0,nan,U,0.0,0,0,0,0.0,0,0.0,0.0,0.0,0.0,0.0,0.0,24164.4,0.0,0.0
5076,Pennsylvania,Warren,803.0,2024,Unspecified,"Landfill, WTE",1.0,nan,U,0.0,0,0,0,0.0,0,0.0,0.0,0.0,0.0,0.0,0.0,23546.5,0.0,0.0
5077,Pennsylvania,Washington,803.0,2000,Unspecified,"Landfill, WTE",1.0,nan,U,0.0,0,0,0,0.0,0,0.0,0.0,0.0,0.0,0.0,0.0,136475.09999999998,0.0,0.0
5078,Pennsylvania,Washington,803.0,2001,Unspecified,"Landfill, WTE",1.0,nan,U,0.0,0,0,0,0.0,0,0.0,0.0,0.0,0.0,0.0,0.0,138749.9,0.0,0.0
5079,Pennsylvania,Washington,803.0,2002,Unspecified,"Landfill, WTE",1.0,nan,U,0.0,0,0,0,0.0,0,0.0,0.0,0.0,0.0,0.0,0.0,135494.00000000003,0.0,0.0
5080,Pennsylvania,Washington,803.0,2003,Unspecified,"Landfill, WTE",1.0,nan,U,0.0,0,0,0,0.0,0,0.0,0.0,0.0,0.0,0.0,0.0,140777.40000000002,0.0,0.0
5081,Pennsylvania,Washington,803.0,2004,Unspecified,"Landfill, WTE",1.0,nan,U,0.0,0,0,0,0.0,0,0.0,0.0,0.0,0.0,0.0,0.0,140500.59999999998,0.0,0.0
5082,Pennsylvania,Washington,803.0,2005,Unspecified,"Landfill, WTE",1.0,nan,U,0.0,0,0,0,0.0,0,0.0,0.0,0.0,0.0,0.0,0.0,139783.8,0.0,0.0
5083,Pennsylvania,Washington,803.0,2006,Unspecified,"Landfill, WTE",1.0,nan,U,0.0,0,0,0,0.0,0,0.0,0.0,0.0,0.0,0.0,0.0,139024.5,0.0,0.0
5084,Pennsylvania,Washington,803.0,2007,Unspecified,"Landfill, WTE",1.0,nan,U,0.0,0,0,0,0.0,0,0.0,0.0,0.0,0.0,0.0,0.0,135270.2,0.0,0.0
5085,Pennsylvania,Washington,803.0,2008,Unspecified,"Landfill, WTE",1.0,nan,U,0.0,0,0,0,0.0,0,0.0,0.0,0.0,0.0,0.0,0.0,135008.6,0.0,0.0
5086,Pennsylvania,Washington,803.0,2009,Unspecified,"Landfill, WTE",1.0,nan,U,0.0,0,0,0,0.0,0,0.0,0.0,0.0,0.0,0.0,0.0,136502.4,0.0,0.0
5087,Pennsylvania,Washington,803.0,2010,Unspecified,"Landfill, WTE",1.0,nan,U,0.0,0,0,0,0.0,0,0.0,0.0,0.0,0.0,0.0,0.0,135040.0,0.0,0.0
5088,Pennsylvania,Washington,803.0,2011,Unspecified,"Landfill, WTE",1.0,nan,U,0.0,0,0,0,0.0,0,0.0,0.0,0.0,0.0,0.0,0.0,142710.9,0.0,0.0
5089,Pennsylvania,Washington,803.0,2012,Unspecified,"Landfill, WTE",1.0,nan,U,0.0,0,0,0,0.0,0,0.0,0.0,0.0,0.0,0.0,0.0,133178.5,0.0,0.0
5090,Pennsylvania,Washington,803.0,2013,Unspecified,"Landfill, WTE",1.0,nan,U,0.0,0,0,0,0.0,0,0.0,0.0,0.0,0.0,0.0,0.0,135394.59999999998,0.0,0.0
5091,Pennsylvania,Washington,803.0,2014,Unspecified,"Landfill, WTE",1.0,nan,U,0.0,0,0,0,0.0,0,0.0,0.0,0.0,0.0,0.0,0.0,141279.7,0.0,0.0
5092,Pennsylvania,Washington,803.0,2015,Unspecified,"Landfill, WTE",1.0,nan,U,0.0,0,0,0,0.0,0,0.0,0.0,0.0,0.0,0.0,0.0,139477.0,0.0,0.0
5093,Pennsylvania,Washington,803.0,2016,Unspecified,"Landfill, WTE",1.0,nan,U,0.0,0,0,0,0.0,0,0.0,0.0,0.0,0.0,0.0,0.0,138377.3,0.0,0.0
5094,Pennsylvania,Washington,803.0,2017,Unspecified,"Landfill, WTE",1.0,nan,U,0.0,0,0,0,0.0,0,0.0,0.0,0.0,0.0,0.0,0.0,143533.4,0.0,0.0
5095,Pennsylvania,Washington,803.0,2018,Unspecified,"Landfill, WTE",1.0,nan,U,0.0,0,0,0,0.0,0,0.0,0.0,0.0,0.0,0.0,0.0,150046.8,0.0,0.0
5096,Pennsylvania,Washington,803.0,2019,Unspecified,"Landfill, WTE",1.0,nan,U,0.0,0,0,0,0.0,0,0.0,0.0,0.0,0.0,0.0,0.0,149119.8,0.0,0.0
5097,Pennsylvania,Washington,803.0,2020,Unspecified,"Landfill, WTE",1.0,nan,U,0.0,0,0,0,0.0,0,0.0,0.0,0.0,0.0,0.0,0.0,136582.59999999998,0.0,0.0
5098,Pennsylvania,Washington,803.0,2021,Unspecified,"Landfill, WTE",1.0,nan,U,0.0,0,0,0,0.0,0,0.0,0.0,0.0,0.0,0.0,0.0,139691.69999999998,0.0,0.0
5099,Pennsylvania,Washington,803.0,2022,Unspecified,"Landfill, WTE",1.0,nan,U,0.0,0,0,0,0.0,0,0.0,0.0,0.0,0.0,0.0,0.0,135500.7,0.0,0.0
5100,Pennsylvania,Washington,803.0,2023,Unspecified,"Landfill, WTE",1.0,nan,U,0.0,0,0,0,0.0,0,0.0,0.0,0.0,0.0,0.0,0.0,126572.09999999999,0.0,0.0
5101,Pennsylvania,Washington,803.0,2024,Unspecified,"Landfill, WTE",1.0,nan,U,0.0,0,0,0,0.0,0,0.0,0.0,0.0,0.0,0.0,0.0,134935.59999999998,0.0,0.0
5102,Pennsylvania,Wayne,803.0,2000,Unspecified,"Landfill, WTE",1.0,nan,U,0.0,0,0,0,0.0,0,0.0,0.0,0.0,0.0,0.0,0.0,53847.50000000001,0.0,0.0
5103,Pennsylvania,Wayne,803.0,2001,Unspecified,"Landfill, WTE",1.0,nan,U,0.0,0,0,0,0.0,0,0.0,0.0,0.0,0.0,0.0,0.0,53125.399999999994,0.0,0.0
5104,Pennsylvania,Wayne,803.0,2002,Unspecified,"Landfill, WTE",1.0,nan,U,0.0,0,0,0,0.0,0,0.0,0.0,0.0,0.0,0.0,0.0,58669.4,0.0,0.0
5105,Pennsylvania,Wayne,803.0,2003,Unspecified,"Landfill, WTE",1.0,nan,U,0.0,0,0,0,0.0,0,0.0,0.0,0.0,0.0,0.0,0.0,60744.1,0.0,0.0
5106,Pennsylvania,Wayne,803.0,2004,Unspecified,"Landfill, WTE",1.0,nan,U,0.0,0,0,0,0.0,0,0.0,0.0,0.0,0.0,0.0,0.0,66450.8,0.0,0.0
5107,Pennsylvania,Wayne,803.0,2005,Unspecified,"Landfill, WTE",1.0,nan,U,0.0,0,0,0,0.0,0,0.0,0.0,0.0,0.0,0.0,0.0,64340.5,0.0,0.0
5108,Pennsylvania,Wayne,803.0,2006,Unspecified,"Landfill, WTE",1.0,nan,U,0.0,0,0,0,0.0,0,0.0,0.0,0.0,0.0,0.0,0.0,34767.6,0.0,0.0
5109,Pennsylvania,Wayne,803.0,2007,Unspecified,"Landfill, WTE",1.0,nan,U,0.0,0,0,0,0.0,0,0.0,0.0,0.0,0.0,0.0,0.0,29663.800000000003,0.0,0.0
5110,Pennsylvania,Wayne,803.0,2008,Unspecified,"Landfill, WTE",1.0,nan,U,0.0,0,0,0,0.0,0,0.0,0.0,0.0,0.0,0.0,0.0,27529.699999999997,0.0,0.0
5111,Pennsylvania,Wayne,803.0,2009,Unspecified,"Landfill, WTE",1.0,nan,U,0.0,0,0,0,0.0,0,0.0,0.0,0.0,0.0,0.0,0.0,29975.1,0.0,0.0
5112,Pennsylvania,Wayne,803.0,2010,Unspecified,"Landfill, WTE",1.0,nan,U,0.0,0,0,0,0.0,0,0.0,0.0,0.0,0.0,0.0,0.0,28733.9,0.0,0.0
5113,Pennsylvania,Wayne,803.0,2011,Unspecified,"Landfill, WTE",1.0,nan,U,0.0,0,0,0,0.0,0,0.0,0.0,0.0,0.0,0.0,0.0,29042.0,0.0,0.0
5114,Pennsylvania,Wayne,803.0,2012,Unspecified,"Landfill, WTE",1.0,nan,U,0.0,0,0,0,0.0,0,0.0,0.0,0.0,0.0,0.0,0.0,30527.4,0.0,0.0
5115,Pennsylvania,Wayne,803.0,2013,Unspecified,"Landfill, WTE",1.0,nan,U,0.0,0,0,0,0.0,0,0.0,0.0,0.0,0.0,0.0,0.0,23953.6,0.0,0.0
5116,Pennsylvania,Wayne,803.0,2014,Unspecified,"Landfill, WTE",1.0,nan,U,0.0,0,0,0,0.0,0,0.0,0.0,0.0,0.0,0.0,0.0,20571.8,0.0,0.0
5117,Pennsylvania,Wayne,803.0,2015,Unspecified,"Landfill, WTE",1.0,nan,U,0.0,0,0,0,0.0,0,0.0,0.0,0.0,0.0,0.0,0.0,20139.9,0.0,0.0
5118,Pennsylvania,Wayne,803.0,2016,Unspecified,"Landfill, WTE",1.0,nan,U,0.0,0,0,0,0.0,0,0.0,0.0,0.0,0.0,0.0,0.0,17174.8,0.0,0.0
5119,Pennsylvania,Wayne,803.0,2017,Unspecified,"Landfill, WTE",1.0,nan,U,0.0,0,0,0,0.0,0,0.0,0.0,0.0,0.0,0.0,0.0,16663.9,0.0,0.0
5120,Pennsylvania,Wayne,803.0,2018,Unspecified,"Landfill, WTE",1.0,nan,U,0.0,0,0,0,0.0,0,0.0,0.0,0.0,0.0,0.0,0.0,18439.4,0.0,0.0
5121,Pennsylvania,Wayne,803.0,2019,Unspecified,"Landfill, WTE",1.0,nan,U,0.0,0,0,0,0.0,0,0.0,0.0,0.0,0.0,0.0,0.0,18354.099999999995,0.0,0.0
5122,Pennsylvania,Wayne,803.0,2020,Unspecified,"Landfill, WTE",1.0,nan,U,0.0,0,0,0,0.0,0,0.0,0.0,0.0,0.0,0.0,0.0,21208.3,0.0,0.0
5123,Pennsylvania,Wayne,803.0,2021,Unspecified,"Landfill, WTE",1.0,nan,U,0.0,0,0,0,0.0,0,0.0,0.0,0.0,0.0,0.0,0.0,27292.600000000002,0.0,0.0
5124,Pennsylvania,Wayne,803.0,2022,Unspecified,"Landfill, WTE",1.0,nan,U,0.0,0,0,0,0.0,0,0.0,0.0,0.0,0.0,0.0,0.0,23283.8,0.0,0.0
5125,Pennsylvania,Wayne,803.0,2023,Unspecified,"Landfill, WTE",1.0,nan,U,0.0,0,0,0,0.0,0,0.0,0.0,0.0,0.0,0.0,0.0,42992.6,0.0,0.0
5126,Pennsylvania,Wayne,803.0,2024,Unspecified,"Landfill, WTE",1.0,nan,U,0.0,0,0,0,0.0,0,0.0,0.0,0.0,0.0,0.0,0.0,66887.2,0.0,0.0
5127,Pennsylvania,Westmoreland,803.0,2000,Unspecified,"Landfill, WTE",1.0,nan,U,0.0,0,0,0,0.0,0,0.0,0.0,0.0,0.0,0.0,0.0,258253.0,0.0,0.0
5128,Pennsylvania,Westmoreland,803.0,2001,Unspecified,"Landfill, WTE",1.0,nan,U,0.0,0,0,0,0.0,0,0.0,0.0,0.0,0.0,0.0,0.0,250980.1,0.0,0.0
5129,Pennsylvania,Westmoreland,803.0,2002,Unspecified,"Landfill, WTE",1.0,nan,U,0.0,0,0,0,0.0,0,0.0,0.0,0.0,0.0,0.0,0.0,254432.9,0.0,0.0
5130,Pennsylvania,Westmoreland,803.0,2003,Unspecified,"Landfill, WTE",1.0,nan,U,0.0,0,0,0,0.0,0,0.0,0.0,0.0,0.0,0.0,0.0,265401.8,0.0,0.0
5131,Pennsylvania,Westmoreland,803.0,2004,Unspecified,"Landfill, WTE",1.0,nan,U,0.0,0,0,0,0.0,0,0.0,0.0,0.0,0.0,0.0,0.0,283224.9,0.0,0.0
5132,Pennsylvania,Westmoreland,803.0,2005,Unspecified,"Landfill, WTE",1.0,nan,U,0.0,0,0,0,0.0,0,0.0,0.0,0.0,0.0,0.0,0.0,273104.5,0.0,0.0
5133,Pennsylvania,Westmoreland,803.0,2006,Unspecified,"Landfill, WTE",1.0,nan,U,0.0,0,0,0,0.0,0,0.0,0.0,0.0,0.0,0.0,0.0,267133.4,0.0,0.0
5134,Pennsylvania,Westmoreland,803.0,2007,Unspecified,"Landfill, WTE",1.0,nan,U,0.0,0,0,0,0.0,0,0.0,0.0,0.0,0.0,0.0,0.0,263355.39999999997,0.0,0.0
5135,Pennsylvania,Westmoreland,803.0,2008,Unspecified,"Landfill, WTE",1.0,nan,U,0.0,0,0,0,0.0,0,0.0,0.0,0.0,0.0,0.0,0.0,250465.2,0.0,0.0
5136,Pennsylvania,Westmoreland,803.0,2009,Unspecified,"Landfill, WTE",1.0,nan,U,0.0,0,0,0,0.0,0,0.0,0.0,0.0,0.0,0.0,0.0,243371.90000000002,0.0,0.0
5137,Pennsylvania,Westmoreland,803.0,2010,Unspecified,"Landfill, WTE",1.0,nan,U,0.0,0,0,0,0.0,0,0.0,0.0,0.0,0.0,0.0,0.0,241485.4,0.0,0.0
5138,Pennsylvania,Westmoreland,803.0,2011,Unspecified,"Landfill, WTE",1.0,nan,U,0.0,0,0,0,0.0,0,0.0,0.0,0.0,0.0,0.0,0.0,251789.0,0.0,0.0
5139,Pennsylvania,Westmoreland,803.0,2012,Unspecified,"Landfill, WTE",1.0,nan,U,0.0,0,0,0,0.0,0,0.0,0.0,0.0,0.0,0.0,0.0,242006.39999999997,0.0,0.0
5140,Pennsylvania,Westmoreland,803.0,2013,Unspecified,"Landfill, WTE",1.0,nan,U,0.0,0,0,0,0.0,0,0.0,0.0,0.0,0.0,0.0,0.0,233804.10000000003,0.0,0.0
5141,Pennsylvania,Westmoreland,803.0,2014,Unspecified,"Landfill, WTE",1.0,nan,U,0.0,0,0,0,0.0,0,0.0,0.0,0.0,0.0,0.0,0.0,235033.0,0.0,0.0
5142,Pennsylvania,Westmoreland,803.0,2015,Unspecified,"Landfill, WTE",1.0,nan,U,0.0,0,0,0,0.0,0,0.0,0.0,0.0,0.0,0.0,0.0,235701.09999999998,0.0,0.0
5143,Pennsylvania,Westmoreland,803.0,2016,Unspecified,"Landfill, WTE",1.0,nan,U,0.0,0,0,0,0.0,0,0.0,0.0,0.0,0.0,0.0,0.0,234501.69999999998,0.0,0.0
5144,Pennsylvania,Westmoreland,803.0,2017,Unspecified,"Landfill, WTE",1.0,nan,U,0.0,0,0,0,0.0,0,0.0,0.0,0.0,0.0,0.0,0.0,241085.90000000002,0.0,0.0
5145,Pennsylvania,Westmoreland,803.0,2018,Unspecified,"Landfill, WTE",1.0,nan,U,0.0,0,0,0,0.0,0,0.0,0.0,0.0,0.0,0.0,0.0,253041.99999999994,0.0,0.0
5146,Pennsylvania,Westmoreland,803.0,2019,Unspecified,"Landfill, WTE",1.0,nan,U,0.0,0,0,0,0.0,0,0.0,0.0,0.0,0.0,0.0,0.0,253785.6,0.0,0.0
5147,Pennsylvania,Westmoreland,803.0,2020,Unspecified,"Landfill, WTE",1.0,nan,U,0.0,0,0,0,0.0,0,0.0,0.0,0.0,0.0,0.0,0.0,234170.1,0.0,0.0
5148,Pennsylvania,Westmoreland,803.0,2021,Unspecified,"Landfill, WTE",1.0,nan,U,0.0,0,0,0,0.0,0,0.0,0.0,0.0,0.0,0.0,0.0,234221.90000000005,0.0,0.0
5149,Pennsylvania,Westmoreland,803.0,2022,Unspecified,"Landfill, WTE",1.0,nan,U,0.0,0,0,0,0.0,0,0.0,0.0,0.0,0.0,0.0,0.0,227340.30000000002,0.0,0.0
5150,Pennsylvania,Westmoreland,803.0,2023,Unspecified,"Landfill, WTE",1.0,nan,U,0.0,0,0,0,0.0,0,0.0,0.0,0.0,0.0,0.0,0.0,232598.19999999995,0.0,0.0
5151,Pennsylvania,Westmoreland,803.0,2024,Unspecified,"Landfill, WTE",1.0,nan,U,0.0,0,0,0,0.0,0,0.0,0.0,0.0,0.0,0.0,0.0,234606.90000000005,0.0,0.0
5152,Pennsylvania,York,803.0,2000,Unspecified,"Landfill, WTE",1.0,nan,U,0.0,0,0,0,0.0,0,0.0,0.0,0.0,0.0,0.0,0.0,264851.10000000003,0.0,0.0
5153,Pennsylvania,York,803.0,2001,Unspecified,"Landfill, WTE",1.0,nan,U,0.0,0,0,0,0.0,0,0.0,0.0,0.0,0.0,0.0,0.0,268148.2,0.0,0.0
5154,Pennsylvania,York,803.0,2002,Unspecified,"Landfill, WTE",1.0,nan,U,0.0,0,0,0,0.0,0,0.0,0.0,0.0,0.0,0.0,0.0,281890.7,0.0,0.0
5155,Pennsylvania,York,803.0,2003,Unspecified,"Landfill, WTE",1.0,nan,U,0.0,0,0,0,0.0,0,0.0,0.0,0.0,0.0,0.0,0.0,296611.9,0.0,0.0
5156,Pennsylvania,York,803.0,2004,Unspecified,"Landfill, WTE",1.0,nan,U,0.0,0,0,0,0.0,0,0.0,0.0,0.0,0.0,0.0,0.0,304699.0,0.0,0.0
5157,Pennsylvania,York,803.0,2005,Unspecified,"Landfill, WTE",1.0,nan,U,0.0,0,0,0,0.0,0,0.0,0.0,0.0,0.0,0.0,0.0,311515.60000000003,0.0,0.0
5158,Pennsylvania,York,803.0,2006,Unspecified,"Landfill, WTE",1.0,nan,U,0.0,0,0,0,0.0,0,0.0,0.0,0.0,0.0,0.0,0.0,315157.4,0.0,0.0
5159,Pennsylvania,York,803.0,2007,Unspecified,"Landfill, WTE",1.0,nan,U,0.0,0,0,0,0.0,0,0.0,0.0,0.0,0.0,0.0,0.0,309004.8,0.0,0.0
5160,Pennsylvania,York,803.0,2008,Unspecified,"Landfill, WTE",1.0,nan,U,0.0,0,0,0,0.0,0,0.0,0.0,0.0,0.0,0.0,0.0,302861.7,0.0,0.0
5161,Pennsylvania,York,803.0,2009,Unspecified,"Landfill, WTE",1.0,nan,U,0.0,0,0,0,0.0,0,0.0,0.0,0.0,0.0,0.0,0.0,289473.6,0.0,0.0
5162,Pennsylvania,York,803.0,2010,Unspecified,"Landfill, WTE",1.0,nan,U,0.0,0,0,0,0.0,0,0.0,0.0,0.0,0.0,0.0,0.0,294505.7,0.0,0.0
5163,Pennsylvania,York,803.0,2011,Unspecified,"Landfill, WTE",1.0,nan,U,0.0,0,0,0,0.0,0,0.0,0.0,0.0,0.0,0.0,0.0,306958.8,0.0,0.0
5164,Pennsylvania,York,803.0,2012,Unspecified,"Landfill, WTE",1.0,nan,U,0.0,0,0,0,0.0,0,0.0,0.0,0.0,0.0,0.0,0.0,298107.80000000005,0.0,0.0
5165,Pennsylvania,York,803.0,2013,Unspecified,"Landfill, WTE",1.0,nan,U,0.0,0,0,0,0.0,0,0.0,0.0,0.0,0.0,0.0,0.0,289413.39999999997,0.0,0.0
5166,Pennsylvania,York,803.0,2014,Unspecified,"Landfill, WTE",1.0,nan,U,0.0,0,0,0,0.0,0,0.0,0.0,0.0,0.0,0.0,0.0,291761.5,0.0,0.0
5167,Pennsylvania,York,803.0,2015,Unspecified,"Landfill, WTE",1.0,nan,U,0.0,0,0,0,0.0,0,0.0,0.0,0.0,0.0,0.0,0.0,298292.39999999997,0.0,0.0
5168,Pennsylvania,York,803.0,2016,Unspecified,"Landfill, WTE",1.0,nan,U,0.0,0,0,0,0.0,0,0.0,0.0,0.0,0.0,0.0,0.0,306248.2,0.0,0.0
5169,Pennsylvania,York,803.0,2017,Unspecified,"Landfill, WTE",1.0,nan,U,0.0,0,0,0,0.0,0,0.0,0.0,0.0,0.0,0.0,0.0,321680.5,0.0,0.0
5170,Pennsylvania,York,803.0,2018,Unspecified,"Landfill, WTE",1.0,nan,U,0.0,0,0,0,0.0,0,0.0,0.0,0.0,0.0,0.0,0.0,344465.5,0.0,0.0
5171,Pennsylvania,York,803.0,2019,Unspecified,"Landfill, WTE",1.0,nan,U,0.0,0,0,0,0.0,0,0.0,0.0,0.0,0.0,0.0,0.0,330622.30000000005,0.0,0.0
5172,Pennsylvania,York,803.0,2020,Unspecified,"Landfill, WTE",1.0,nan,U,0.0,0,0,0,0.0,0,0.0,0.0,0.0,0.0,0.0,0.0,332422.7,0.0,0.0
5173,Pennsylvania,York,803.0,2021,Unspecified,"Landfill, WTE",1.0,nan,U,0.0,0,0,0,0.0,0,0.0,0.0,0.0,0.0,0.0,0.0,340386.2,0.0,0.0
5174,Pennsylvania,York,803.0,2022,Unspecified,"Landfill, WTE",1.0,nan,U,0.0,0,0,0,0.0,0,0.0,0.0,0.0,0.0,0.0,0.0,325461.5,0.0,0.0
5175,Pennsylvania,York,803.0,2023,Unspecified,"Landfill, WTE",1.0,nan,U,0.0,0,0,0,0.0,0,0.0,0.0,0.0,0.0,0.0,0.0,335961.39999999997,0.0,0.0
5176,Pennsylvania,York,803.0,2024,Unspecified,"Landfill, WTE",1.0,nan,U,0.0,0,0,0,0.0,0,0.0,0.0,0.0,0.0,0.0,0.0,344180.0,0.0,0.0
5177,Pennsylvania,,392.0,2010,Unspecified,Unspecified,"2.0, 2.0, 2.0, 2.0, 3.0",nan,N,0.0,0,0,0,0.0,0,558524.0,0.0,6311594.0,10732661.0,0.0,0.0,0.0,1883708.0,3194083.0
5178,Pennsylvania,,392.0,2013,Unspecified,Unspecified,"2.0, 2.0, 4.0, 2.0, 2.0",nan,N,0.0,0,0,0,0.0,0,561307.0,0.0,6994489.0,10860571.0,0.0,0.0,0.0,1893093.0,3144135.0
5179,Pennsylvania,,803.0,2000,Unspecified,"Landfill, WTE",1.0,nan,U,0.0,0,0,0,0.0,0,0.0,0.0,9829972.100000001,0.0,0.0,0.0,0.0,0.0,0.0
5180,Pennsylvania,,803.0,2001,Unspecified,"Landfill, WTE",1.0,nan,U,0.0,0,0,0,0.0,0,0.0,0.0,10826483.100000001,0.0,0.0,0.0,0.0,0.0,0.0
5181,Pennsylvania,,803.0,2002,Unspecified,"Landfill, WTE",1.0,nan,U,0.0,0,0,0,0.0,0,0.0,0.0,10053739.700000001,0.0,0.0,0.0,0.0,0.0,0.0
5182,Pennsylvania,,803.0,2003,Unspecified,"Landfill, WTE",1.0,nan,U,0.0,0,0,0,0.0,0,0.0,0.0,9223036.9,0.0,0.0,0.0,0.0,0.0,0.0
5183,Pennsylvania,,803.0,2004,Unspecified,"Landfill, WTE",1.0,nan,U,0.0,0,0,0,0.0,0,0.0,0.0,8606539.800000003,0.0,0.0,0.0,0.0,0.0,0.0
5184,Pennsylvania,,803.0,2005,Unspecified,"Landfill, WTE",1.0,nan,U,0.0,0,0,0,0.0,0,0.0,0.0,8016709.299999998,0.0,0.0,0.0,0.0,0.0,0.0
5185,Pennsylvania,,803.0,2006,Unspecified,"Landfill, WTE",1.0,nan,U,0.0,0,0,0,0.0,0,0.0,0.0,7309840.2,0.0,0.0,0.0,0.0,0.0,0.0
5186,Pennsylvania,,803.0,2007,Unspecified,"Landfill, WTE",1.0,nan,U,0.0,0,0,0,0.0,0,0.0,0.0,6489295.6,0.0,0.0,0.0,0.0,0.0,0.0
5187,Pennsylvania,,803.0,2008,Unspecified,"Landfill, WTE",1.0,nan,U,0.0,0,0,0,0.0,0,0.0,0.0,5509072.000000001,0.0,0.0,0.0,0.0,0.0,0.0
5188,Pennsylvania,,803.0,2009,Unspecified,"Landfill, WTE",1.0,nan,U,0.0,0,0,0,0.0,0,0.0,0.0,5199711.1,0.0,0.0,0.0,0.0,0.0,0.0
5189,Pennsylvania,,803.0,2010,Unspecified,"Landfill, WTE",1.0,nan,U,0.0,0,0,0,0.0,0,0.0,0.0,4991090.699999999,0.0,0.0,0.0,0.0,0.0,0.0
5190,Pennsylvania,,803.0,2011,Unspecified,"Landfill, WTE",1.0,nan,U,0.0,0,0,0,0.0,0,0.0,0.0,5068324.800000001,0.0,0.0,0.0,0.0,0.0,0.0
5191,Pennsylvania,,803.0,2012,Unspecified,"Landfill, WTE",1.0,nan,U,0.0,0,0,0,0.0,0,0.0,0.0,4991939.699999999,0.0,0.0,0.0,0.0,0.0,0.0
5192,Pennsylvania,,803.0,2013,Unspecified,"Landfill, WTE",1.0,nan,U,0.0,0,0,0,0.0,0,0.0,0.0,5346270.7,0.0,0.0,0.0,0.0,0.0,0.0
5193,Pennsylvania,,803.0,2014,Unspecified,"Landfill, WTE",1.0,nan,U,0.0,0,0,0,0.0,0,0.0,0.0,5412271.699999999,0.0,0.0,0.0,0.0,0.0,0.0
5194,Pennsylvania,,803.0,2015,Unspecified,"Landfill, WTE",1.0,nan,U,0.0,0,0,0,0.0,0,0.0,0.0,5409071.999999998,0.0,0.0,0.0,0.0,0.0,0.0
5195,Pennsylvania,,803.0,2016,Unspecified,"Landfill, WTE",1.0,nan,U,0.0,0,0,0,0.0,0,0.0,0.0,5542057.1,0.0,0.0,0.0,0.0,0.0,0.0
5196,Pennsylvania,,803.0,2017,Unspecified,"Landfill, WTE",1.0,nan,U,0.0,0,0,0,0.0,0,0.0,0.0,5649726.1,0.0,0.0,0.0,0.0,0.0,0.0
5197,Pennsylvania,,803.0,2018,Unspecified,"Landfill, WTE",1.0,nan,U,0.0,0,0,0,0.0,0,0.0,0.0,5946184.599999999,0.0,0.0,0.0,0.0,0.0,0.0
5198,Pennsylvania,,803.0,2019,Unspecified,"Landfill, WTE",1.0,nan,U,0.0,0,0,0,0.0,0,0.0,0.0,6056612.199999999,0.0,0.0,0.0,0.0,0.0,0.0
5199,Pennsylvania,,803.0,2020,Unspecified,"Landfill, WTE",1.0,nan,U,0.0,0,0,0,0.0,0,0.0,0.0,5139595.300000001,0.0,0.0,0.0,0.0,0.0,0.0
5200,Pennsylvania,,803.0,2021,Unspecified,"Landfill, WTE",1.0,nan,U,0.0,0,0,0,0.0,0,0.0,0.0,5258103.300000001,0.0,0.0,0.0,0.0,0.0,0.0
5201,Pennsylvania,,803.0,2022,Unspecified,"Landfill, WTE",1.0,nan,U,0.0,0,0,0,0.0,0,0.0,0.0,4997209.2,0.0,0.0,0.0,0.0,0.0,0.0
5202,Pennsylvania,,803.0,2023,Unspecified,"Landfill, WTE",1.0,nan,U,0.0,0,0,0,0.0,0,0.0,0.0,4893438.500000002,0.0,0.0,0.0,0.0,0.0,0.0
5203,Pennsylvania,,803.0,2024,Unspecified,"Landfill, WTE",1.0,nan,U,0.0,0,0,0,0.0,0,0.0,0.0,4646870.400000001,0.0,0.0,0.0,0.0,0.0,0.0
5204,Puerto rico,,797.0,2005,"Commercial Residential, Industrial",Unspecified,"1.0, 3.0",nan,,0.0,0,0,0,0.0,0,0.0,0.0,0.0,0.0,0.0,0.0,3453202.49,451211.27,0.0
5205,Puerto rico,,797.0,2006,"Commercial Residential, Industrial",Unspecified,"1.0, 3.0",nan,,0.0,0,0,0,0.0,0,0.0,0.0,0.0,0.0,0.0,0.0,3469158.86,627233.3,0.0
5206,Puerto rico,,797.0,2007,"Commercial Residential, Industrial",Unspecified,"1.0, 3.0",nan,,0.0,0,0,0,0.0,0,0.0,0.0,0.0,0.0,0.0,0.0,847152.53,3669985.49,0.0
5207,Rhode island,,392.0,2010,Unspecified,Unspecified,"2.0, 4.0, 2.0, 3.0",nan,N,0.0,0,0,0,0.0,0,23240.0,186956.0,0.0,681723.0,0.0,0.0,0.0,100194.0,0.0
5208,Rhode island,,392.0,2013,Unspecified,Unspecified,"2.0, 4.0, 2.0, 2.0",nan,N,0.0,0,0,0,0.0,0,25772.0,248808.0,0.0,681142.0,0.0,0.0,0.0,100084.0,0.0
5209,Rhode island,,713.0,2016,"Residential, Industrial, Commercial, Institutional, Industrial, Commercial, Institutional, Industrial, Commercial, Institutional, Industrial, Commercial, Institutional",Unspecified,5.0,nan,Y,940060.0,0,0,0,605812.0,0,0.0,202803.0,0.0,801058.0,0.0,0.0,801058.0,513725.0,0.0
5210,Rhode island,,835.0,2019,Residential,"MRF, Other Recycling, Landfill, TS, Compost",1.0,nan,N,0.0,0,0,0,0.0,0,67219.0,0.0,0.0,0.0,0.0,0.0,354498.0,90398.0,0.0
5211,Rhode island,,836.0,2020,Residential,"MRF, Other Recycling, Landfill, TS, Compost",1.0,nan,N,0.0,0,0,0,0.0,0,75112.0,0.0,0.0,0.0,0.0,0.0,362355.0,111141.0,0.0
5212,Rhode island,,837.0,2021,Residential,"MRF, Other Recycling, Landfill, TS, Compost",1.0,nan,N,0.0,0,0,0,0.0,0,74397.0,0.0,0.0,0.0,0.0,0.0,374818.0,110714.0,0.0
5213,Rhode island,,838.0,2022,Residential,"MRF, Other Recycling, Landfill, TS, Compost",1.0,nan,N,0.0,0,0,0,0.0,0,71498.0,0.0,0.0,0.0,0.0,0.0,358667.0,95733.0,0.0
5214,Rhode island,,839.0,2023,Residential,"MRF, Other Recycling, Landfill, TS, Compost",1.0,nan,N,0.0,0,0,0,0.0,0,62092.0,0.0,0.0,0.0,0.0,0.0,343371.0,89855.0,0.0
5215,South carolina,Abbeville,815.0,2000,"Residential, Commercial, Industrial, Institutional",Unspecified,2.0,nan,"N, U",0.0,0,0,0,0.0,0,0.0,0.0,0.0,14736.0,0.0,0.0,0.0,3192.0,0.0
5216,South carolina,Abbeville,815.0,2001,"Residential, Commercial, Industrial, Institutional",Unspecified,2.0,nan,U,0.0,0,0,0,0.0,0,0.0,0.0,0.0,21667.0,0.0,0.0,0.0,0.0,0.0
5217,South carolina,Abbeville,817.0,2001,"Residential, Commercial, Industrial, Institutional",Unspecified,2.0,nan,U,0.0,0,0,0,0.0,0,0.0,0.0,0.0,0.0,0.0,0.0,0.0,1751.0,0.0
5218,South carolina,Aiken,815.0,2000,"Residential, Commercial, Industrial, Institutional",Unspecified,2.0,nan,"N, U",0.0,0,0,0,0.0,0,0.0,0.0,0.0,85675.0,0.0,0.0,0.0,28010.0,0.0
5219,South carolina,Aiken,815.0,2001,"Residential, Commercial, Industrial, Institutional",Unspecified,2.0,nan,U,0.0,0,0,0,0.0,0,0.0,0.0,0.0,94690.0,0.0,0.0,0.0,0.0,0.0
5220,South carolina,Aiken,817.0,2001,"Residential, Commercial, Industrial, Institutional",Unspecified,2.0,nan,U,0.0,0,0,0,0.0,0,0.0,0.0,0.0,0.0,0.0,0.0,0.0,27510.0,0.0
5221,South carolina,Allendale,815.0,2000,"Residential, Commercial, Industrial, Institutional",Unspecified,2.0,nan,"N, U",0.0,0,0,0,0.0,0,0.0,0.0,0.0,6290.0,0.0,0.0,0.0,693.0,0.0
5222,South carolina,Allendale,815.0,2001,"Residential, Commercial, Industrial, Institutional",Unspecified,2.0,nan,U,0.0,0,0,0,0.0,0,0.0,0.0,0.0,6297.0,0.0,0.0,0.0,0.0,0.0
5223,South carolina,Allendale,817.0,2001,"Residential, Commercial, Industrial, Institutional",Unspecified,2.0,nan,U,0.0,0,0,0,0.0,0,0.0,0.0,0.0,0.0,0.0,0.0,0.0,753.0,0.0
5224,South carolina,Anderson,815.0,2000,"Residential, Commercial, Industrial, Institutional",Unspecified,2.0,nan,"N, U",0.0,0,0,0,0.0,0,0.0,0.0,0.0,93007.0,0.0,0.0,0.0,60978.0,0.0
5225,South carolina,Anderson,815.0,2001,"Residential, Commercial, Industrial, Institutional",Unspecified,2.0,nan,U,0.0,0,0,0,0.0,0,0.0,0.0,0.0,127042.0,0.0,0.0,0.0,0.0,0.0
5226,South carolina,Anderson,817.0,2001,"Residential, Commercial, Industrial, Institutional",Unspecified,2.0,nan,U,0.0,0,0,0,0.0,0,0.0,0.0,0.0,0.0,0.0,0.0,0.0,58439.0,0.0
5227,South carolina,Bamberg,815.0,2000,"Residential, Commercial, Industrial, Institutional",Unspecified,2.0,nan,"N, U",0.0,0,0,0,0.0,0,0.0,0.0,0.0,16199.0,0.0,0.0,0.0,513.0,0.0
5228,South carolina,Bamberg,815.0,2001,"Residential, Commercial, Industrial, Institutional",Unspecified,2.0,nan,U,0.0,0,0,0,0.0,0,0.0,0.0,0.0,11688.0,0.0,0.0,0.0,0.0,0.0
5229,South carolina,Bamberg,817.0,2001,"Residential, Commercial, Industrial, Institutional",Unspecified,2.0,nan,U,0.0,0,0,0,0.0,0,0.0,0.0,0.0,0.0,0.0,0.0,0.0,492.0,0.0
5230,South carolina,Bamwell,815.0,2000,"Residential, Commercial, Industrial, Institutional",Unspecified,2.0,nan,"N, U",0.0,0,0,0,0.0,0,0.0,0.0,0.0,20501.0,0.0,0.0,0.0,1475.0,0.0
5231,South carolina,Bamwell,815.0,2001,"Residential, Commercial, Industrial, Institutional",Unspecified,2.0,nan,U,0.0,0,0,0,0.0,0,0.0,0.0,0.0,18651.0,0.0,0.0,0.0,0.0,0.0
5232,South carolina,Bamwell,817.0,2001,"Residential, Commercial, Industrial, Institutional",Unspecified,2.0,nan,U,0.0,0,0,0,0.0,0,0.0,0.0,0.0,0.0,0.0,0.0,0.0,1222.0,0.0
5233,South carolina,Beaufort,815.0,2000,"Residential, Commercial, Industrial, Institutional",Unspecified,2.0,nan,"N, U",0.0,0,0,0,0.0,0,0.0,0.0,0.0,120608.0,0.0,0.0,0.0,12508.0,0.0
5234,South carolina,Beaufort,815.0,2001,"Residential, Commercial, Industrial, Institutional",Unspecified,2.0,nan,U,0.0,0,0,0,0.0,0,0.0,0.0,0.0,121830.0,0.0,0.0,0.0,0.0,0.0
5235,South carolina,Beaufort,817.0,2001,"Residential, Commercial, Industrial, Institutional",Unspecified,2.0,nan,U,0.0,0,0,0,0.0,0,0.0,0.0,0.0,0.0,0.0,0.0,0.0,12086.0,0.0
5236,South carolina,Berkeley,815.0,2000,"Residential, Commercial, Industrial, Institutional",Unspecified,2.0,nan,"N, U",0.0,0,0,0,0.0,0,0.0,0.0,0.0,96734.0,0.0,0.0,0.0,180098.0,0.0
5237,South carolina,Berkeley,815.0,2001,"Residential, Commercial, Industrial, Institutional",Unspecified,2.0,nan,U,0.0,0,0,0,0.0,0,0.0,0.0,0.0,99753.0,0.0,0.0,0.0,0.0,0.0
5238,South carolina,Berkeley,817.0,2001,"Residential, Commercial, Industrial, Institutional",Unspecified,2.0,nan,U,0.0,0,0,0,0.0,0,0.0,0.0,0.0,0.0,0.0,0.0,0.0,117357.0,0.0
5239,South carolina,Calhoun,815.0,2000,"Residential, Commercial, Industrial, Institutional",Unspecified,2.0,nan,"N, U",0.0,0,0,0,0.0,0,0.0,0.0,0.0,10017.0,0.0,0.0,0.0,341.0,0.0
5240,South carolina,Calhoun,815.0,2001,"Residential, Commercial, Industrial, Institutional",Unspecified,2.0,nan,U,0.0,0,0,0,0.0,0,0.0,0.0,0.0,1604.0,0.0,0.0,0.0,0.0,0.0
5241,South carolina,Calhoun,817.0,2001,"Residential, Commercial, Industrial, Institutional",Unspecified,2.0,nan,U,0.0,0,0,0,0.0,0,0.0,0.0,0.0,0.0,0.0,0.0,0.0,426.0,0.0
5242,South carolina,Charleston,815.0,2000,"Residential, Commercial, Industrial, Institutional",Unspecified,2.0,nan,"N, N, U",0.0,0,0,0,0.0,0,0.0,0.0,0.0,88566.0,0.0,208659.0,0.0,290610.0,0.0
5243,South carolina,Charleston,815.0,2001,"Residential, Commercial, Industrial, Institutional",Unspecified,2.0,nan,U,0.0,0,0,0,0.0,0,0.0,0.0,0.0,60658.0,0.0,0.0,0.0,0.0,0.0
5244,South carolina,Charleston,817.0,2001,"Residential, Commercial, Industrial, Institutional",Unspecified,2.0,nan,U,0.0,0,0,0,0.0,0,0.0,0.0,0.0,0.0,0.0,202040.0,0.0,143962.0,0.0
5245,South carolina,Cherokee,815.0,2000,"Residential, Commercial, Industrial, Institutional",Unspecified,2.0,nan,"N, U",0.0,0,0,0,0.0,0,0.0,0.0,0.0,49964.0,0.0,0.0,0.0,11004.0,0.0
5246,South carolina,Cherokee,815.0,2001,"Residential, Commercial, Industrial, Institutional",Unspecified,2.0,nan,U,0.0,0,0,0,0.0,0,0.0,0.0,0.0,43282.0,0.0,0.0,0.0,0.0,0.0
5247,South carolina,Cherokee,817.0,2001,"Residential, Commercial, Industrial, Institutional",Unspecified,2.0,nan,U,0.0,0,0,0,0.0,0,0.0,0.0,0.0,0.0,0.0,0.0,0.0,13466.0,0.0
5248,South carolina,Chester,815.0,2000,"Residential, Commercial, Industrial, Institutional",Unspecified,2.0,nan,"N, U",0.0,0,0,0,0.0,0,0.0,0.0,0.0,27160.0,0.0,0.0,0.0,952.0,0.0
5249,South carolina,Chester,815.0,2001,"Residential, Commercial, Industrial, Institutional",Unspecified,2.0,nan,U,0.0,0,0,0,0.0,0,0.0,0.0,0.0,22288.0,0.0,0.0,0.0,0.0,0.0
5250,South carolina,Chester,817.0,2001,"Residential, Commercial, Industrial, Institutional",Unspecified,2.0,nan,U,0.0,0,0,0,0.0,0,0.0,0.0,0.0,0.0,0.0,0.0,0.0,832.0,0.0
5251,South carolina,Chesterfield,815.0,2000,"Residential, Commercial, Industrial, Institutional",Unspecified,2.0,nan,"N, U",0.0,0,0,0,0.0,0,0.0,0.0,0.0,23663.0,0.0,0.0,0.0,2701.0,0.0
5252,South carolina,Chesterfield,815.0,2001,"Residential, Commercial, Industrial, Institutional",Unspecified,2.0,nan,U,0.0,0,0,0,0.0,0,0.0,0.0,0.0,18622.0,0.0,0.0,0.0,0.0,0.0
5253,South carolina,Chesterfield,817.0,2001,"Residential, Commercial, Industrial, Institutional",Unspecified,2.0,nan,U,0.0,0,0,0,0.0,0,0.0,0.0,0.0,0.0,0.0,0.0,0.0,3241.0,0.0
5254,South carolina,Clarendon,815.0,2000,"Residential, Commercial, Industrial, Institutional",Unspecified,2.0,nan,"N, U",0.0,0,0,0,0.0,0,0.0,0.0,0.0,28700.0,0.0,0.0,0.0,5525.0,0.0
5255,South carolina,Clarendon,815.0,2001,"Residential, Commercial, Industrial, Institutional",Unspecified,2.0,nan,U,0.0,0,0,0,0.0,0,0.0,0.0,0.0,31042.0,0.0,0.0,0.0,0.0,0.0
5256,South carolina,Clarendon,817.0,2001,"Residential, Commercial, Industrial, Institutional",Unspecified,2.0,nan,U,0.0,0,0,0,0.0,0,0.0,0.0,0.0,0.0,0.0,0.0,0.0,5525.0,0.0
5257,South carolina,Colleton,815.0,2000,"Residential, Commercial, Industrial, Institutional",Unspecified,2.0,nan,"N, U",0.0,0,0,0,0.0,0,0.0,0.0,0.0,22470.0,0.0,0.0,0.0,403.0,0.0
5258,South carolina,Colleton,815.0,2001,"Residential, Commercial, Industrial, Institutional",Unspecified,2.0,nan,U,0.0,0,0,0,0.0,0,0.0,0.0,0.0,6091.0,0.0,0.0,0.0,0.0,0.0
5259,South carolina,Colleton,817.0,2001,"Residential, Commercial, Industrial, Institutional",Unspecified,2.0,nan,U,0.0,0,0,0,0.0,0,0.0,0.0,0.0,0.0,0.0,0.0,0.0,901.0,0.0
5260,South carolina,Darlington,815.0,2000,"Residential, Commercial, Industrial, Institutional",Unspecified,2.0,nan,"N, U",0.0,0,0,0,0.0,0,0.0,0.0,0.0,33828.0,0.0,0.0,0.0,3791.0,0.0
5261,South carolina,Darlington,815.0,2001,"Residential, Commercial, Industrial, Institutional",Unspecified,2.0,nan,U,0.0,0,0,0,0.0,0,0.0,0.0,0.0,42489.0,0.0,0.0,0.0,0.0,0.0
5262,South carolina,Darlington,817.0,2001,"Residential, Commercial, Industrial, Institutional",Unspecified,2.0,nan,U,0.0,0,0,0,0.0,0,0.0,0.0,0.0,0.0,0.0,0.0,0.0,5047.0,0.0
5263,South carolina,Dillon,815.0,2000,"Residential, Commercial, Industrial, Institutional",Unspecified,2.0,nan,"N, U",0.0,0,0,0,0.0,0,0.0,0.0,0.0,13650.0,0.0,0.0,0.0,0.0,0.0
5264,South carolina,Dillon,815.0,2001,"Residential, Commercial, Industrial, Institutional",Unspecified,2.0,nan,U,0.0,0,0,0,0.0,0,0.0,0.0,0.0,29951.0,0.0,0.0,0.0,0.0,0.0
5265,South carolina,Dillon,817.0,2001,"Residential, Commercial, Industrial, Institutional",Unspecified,2.0,nan,U,0.0,0,0,0,0.0,0,0.0,0.0,0.0,0.0,0.0,0.0,0.0,0.0,0.0
5266,South carolina,Dorchester,815.0,2000,"Residential, Commercial, Industrial, Institutional",Unspecified,2.0,nan,"N, U",0.0,0,0,0,0.0,0,0.0,0.0,0.0,44151.0,0.0,0.0,0.0,27885.0,0.0
5267,South carolina,Dorchester,815.0,2001,"Residential, Commercial, Industrial, Institutional",Unspecified,2.0,nan,U,0.0,0,0,0,0.0,0,0.0,0.0,0.0,39322.0,0.0,0.0,0.0,0.0,0.0
5268,South carolina,Dorchester,817.0,2001,"Residential, Commercial, Industrial, Institutional",Unspecified,2.0,nan,U,0.0,0,0,0,0.0,0,0.0,0.0,0.0,0.0,0.0,0.0,0.0,29260.0,0.0
5269,South carolina,Edgefield,815.0,2000,"Residential, Commercial, Industrial, Institutional",Unspecified,2.0,nan,"N, U",0.0,0,0,0,0.0,0,0.0,0.0,0.0,13644.0,0.0,0.0,0.0,2037.0,0.0
5270,South carolina,Edgefield,815.0,2001,"Residential, Commercial, Industrial, Institutional",Unspecified,2.0,nan,U,0.0,0,0,0,0.0,0,0.0,0.0,0.0,14554.0,0.0,0.0,0.0,0.0,0.0
5271,South carolina,Edgefield,817.0,2001,"Residential, Commercial, Industrial, Institutional",Unspecified,2.0,nan,U,0.0,0,0,0,0.0,0,0.0,0.0,0.0,0.0,0.0,0.0,0.0,2109.0,0.0
5272,South carolina,Fairfield,815.0,2000,"Residential, Commercial, Industrial, Institutional",Unspecified,2.0,nan,"N, U",0.0,0,0,0,0.0,0,0.0,0.0,0.0,21357.0,0.0,0.0,0.0,471.0,0.0
5273,South carolina,Fairfield,815.0,2001,"Residential, Commercial, Industrial, Institutional",Unspecified,2.0,nan,U,0.0,0,0,0,0.0,0,0.0,0.0,0.0,20040.0,0.0,0.0,0.0,0.0,0.0
5274,South carolina,Fairfield,817.0,2001,"Residential, Commercial, Industrial, Institutional",Unspecified,2.0,nan,U,0.0,0,0,0,0.0,0,0.0,0.0,0.0,0.0,0.0,0.0,0.0,2333.0,0.0
5275,South carolina,Florence,815.0,2000,"Residential, Commercial, Industrial, Institutional",Unspecified,2.0,nan,"N, U",0.0,0,0,0,0.0,0,0.0,0.0,0.0,108877.0,0.0,0.0,0.0,15770.0,0.0
5276,South carolina,Florence,815.0,2001,"Residential, Commercial, Industrial, Institutional",Unspecified,2.0,nan,U,0.0,0,0,0,0.0,0,0.0,0.0,0.0,120600.0,0.0,0.0,0.0,0.0,0.0
5277,South carolina,Florence,817.0,2001,"Residential, Commercial, Industrial, Institutional",Unspecified,2.0,nan,U,0.0,0,0,0,0.0,0,0.0,0.0,0.0,0.0,0.0,0.0,0.0,16224.0,0.0
5278,South carolina,Georgetown,815.0,2000,"Residential, Commercial, Industrial, Institutional",Unspecified,2.0,nan,"N, U",0.0,0,0,0,0.0,0,0.0,0.0,0.0,52590.0,0.0,0.0,0.0,15852.0,0.0
5279,South carolina,Georgetown,815.0,2001,"Residential, Commercial, Industrial, Institutional",Unspecified,2.0,nan,U,0.0,0,0,0,0.0,0,0.0,0.0,0.0,53257.0,0.0,0.0,0.0,0.0,0.0
5280,South carolina,Georgetown,817.0,2001,"Residential, Commercial, Industrial, Institutional",Unspecified,2.0,nan,U,0.0,0,0,0,0.0,0,0.0,0.0,0.0,0.0,0.0,0.0,0.0,13874.0,0.0
5281,South carolina,Greenville,815.0,2000,"Residential, Commercial, Industrial, Institutional",Unspecified,2.0,nan,"N, U",0.0,0,0,0,0.0,0,0.0,0.0,0.0,359367.0,0.0,0.0,0.0,104385.0,0.0
5282,South carolina,Greenville,815.0,2001,"Residential, Commercial, Industrial, Institutional",Unspecified,2.0,nan,U,0.0,0,0,0,0.0,0,0.0,0.0,0.0,395422.0,0.0,0.0,0.0,0.0,0.0
5283,South carolina,Greenville,817.0,2001,"Residential, Commercial, Industrial, Institutional",Unspecified,2.0,nan,U,0.0,0,0,0,0.0,0,0.0,0.0,0.0,0.0,0.0,0.0,0.0,241841.0,0.0
5284,South carolina,Greenwood,815.0,2000,"Residential, Commercial, Industrial, Institutional",Unspecified,2.0,nan,"N, U",0.0,0,0,0,0.0,0,0.0,0.0,0.0,38413.0,0.0,0.0,0.0,9026.0,0.0
5285,South carolina,Greenwood,815.0,2001,"Residential, Commercial, Industrial, Institutional",Unspecified,2.0,nan,U,0.0,0,0,0,0.0,0,0.0,0.0,0.0,50047.0,0.0,0.0,0.0,0.0,0.0
5286,South carolina,Greenwood,817.0,2001,"Residential, Commercial, Industrial, Institutional",Unspecified,2.0,nan,U,0.0,0,0,0,0.0,0,0.0,0.0,0.0,0.0,0.0,0.0,0.0,10220.0,0.0
5287,South carolina,Hampton,815.0,2000,"Residential, Commercial, Industrial, Institutional",Unspecified,2.0,nan,"N, U",0.0,0,0,0,0.0,0,0.0,0.0,0.0,15295.0,0.0,0.0,0.0,2762.0,0.0
5288,South carolina,Hampton,815.0,2001,"Residential, Commercial, Industrial, Institutional",Unspecified,2.0,nan,U,0.0,0,0,0,0.0,0,0.0,0.0,0.0,14321.0,0.0,0.0,0.0,0.0,0.0
5289,South carolina,Hampton,817.0,2001,"Residential, Commercial, Industrial, Institutional",Unspecified,2.0,nan,U,0.0,0,0,0,0.0,0,0.0,0.0,0.0,0.0,0.0,0.0,0.0,2658.0,0.0
5290,South carolina,Horry,815.0,2000,"Residential, Commercial, Industrial, Institutional",Unspecified,2.0,nan,"N, U",0.0,0,0,0,0.0,0,0.0,0.0,0.0,187629.0,0.0,0.0,0.0,70605.0,0.0
5291,South carolina,Horry,815.0,2001,"Residential, Commercial, Industrial, Institutional",Unspecified,2.0,nan,U,0.0,0,0,0,0.0,0,0.0,0.0,0.0,193452.0,0.0,0.0,0.0,0.0,0.0
5292,South carolina,Horry,817.0,2001,"Residential, Commercial, Industrial, Institutional",Unspecified,2.0,nan,U,0.0,0,0,0,0.0,0,0.0,0.0,0.0,0.0,0.0,0.0,0.0,64270.0,0.0
5293,South carolina,Jasper,815.0,2000,"Residential, Commercial, Industrial, Institutional",Unspecified,2.0,nan,"N, U",0.0,0,0,0,0.0,0,0.0,0.0,0.0,13466.0,0.0,0.0,0.0,3112.0,0.0
5294,South carolina,Jasper,815.0,2001,"Residential, Commercial, Industrial, Institutional",Unspecified,2.0,nan,U,0.0,0,0,0,0.0,0,0.0,0.0,0.0,14621.0,0.0,0.0,0.0,0.0,0.0
5295,South carolina,Jasper,817.0,2001,"Residential, Commercial, Industrial, Institutional",Unspecified,2.0,nan,U,0.0,0,0,0,0.0,0,0.0,0.0,0.0,0.0,0.0,0.0,0.0,15306.0,0.0
5296,South carolina,Kershaw,815.0,2000,"Residential, Commercial, Industrial, Institutional",Unspecified,2.0,nan,"N, U",0.0,0,0,0,0.0,0,0.0,0.0,0.0,32488.0,0.0,0.0,0.0,14990.0,0.0
5297,South carolina,Kershaw,815.0,2001,"Residential, Commercial, Industrial, Institutional",Unspecified,2.0,nan,U,0.0,0,0,0,0.0,0,0.0,0.0,0.0,33853.0,0.0,0.0,0.0,0.0,0.0
5298,South carolina,Kershaw,817.0,2001,"Residential, Commercial, Industrial, Institutional",Unspecified,2.0,nan,U,0.0,0,0,0,0.0,0,0.0,0.0,0.0,0.0,0.0,0.0,0.0,10232.0,0.0
5299,South carolina,Lancaster,815.0,2000,"Residential, Commercial, Industrial, Institutional",Unspecified,2.0,nan,"N, U",0.0,0,0,0,0.0,0,0.0,0.0,0.0,23842.0,0.0,0.0,0.0,32437.0,0.0
5300,South carolina,Lancaster,815.0,2001,"Residential, Commercial, Industrial, Institutional",Unspecified,2.0,nan,U,0.0,0,0,0,0.0,0,0.0,0.0,0.0,23980.0,0.0,0.0,0.0,0.0,0.0
5301,South carolina,Lancaster,817.0,2001,"Residential, Commercial, Industrial, Institutional",Unspecified,2.0,nan,U,0.0,0,0,0,0.0,0,0.0,0.0,0.0,0.0,0.0,0.0,0.0,35609.0,0.0
5302,South carolina,Laurena,815.0,2000,"Residential, Commercial, Industrial, Institutional",Unspecified,2.0,nan,"N, U",0.0,0,0,0,0.0,0,0.0,0.0,0.0,44199.0,0.0,0.0,0.0,27812.0,0.0
5303,South carolina,Laurena,815.0,2001,"Residential, Commercial, Industrial, Institutional",Unspecified,2.0,nan,U,0.0,0,0,0,0.0,0,0.0,0.0,0.0,45122.0,0.0,0.0,0.0,0.0,0.0
5304,South carolina,Laurena,817.0,2001,"Residential, Commercial, Industrial, Institutional",Unspecified,2.0,nan,U,0.0,0,0,0,0.0,0,0.0,0.0,0.0,0.0,0.0,0.0,0.0,20754.0,0.0
5305,South carolina,Lee,815.0,2000,"Residential, Commercial, Industrial, Institutional",Unspecified,2.0,nan,"N, U",0.0,0,0,0,0.0,0,0.0,0.0,0.0,13956.0,0.0,0.0,0.0,975.0,0.0
5306,South carolina,Lee,815.0,2001,"Residential, Commercial, Industrial, Institutional",Unspecified,2.0,nan,U,0.0,0,0,0,0.0,0,0.0,0.0,0.0,14629.0,0.0,0.0,0.0,0.0,0.0
5307,South carolina,Lee,817.0,2001,"Residential, Commercial, Industrial, Institutional",Unspecified,2.0,nan,U,0.0,0,0,0,0.0,0,0.0,0.0,0.0,0.0,0.0,0.0,0.0,104.0,0.0
5308,South carolina,Lexington,815.0,2000,"Residential, Commercial, Industrial, Institutional",Unspecified,2.0,nan,"N, U",0.0,0,0,0,0.0,0,0.0,0.0,0.0,107854.0,0.0,0.0,0.0,25493.0,0.0
5309,South carolina,Lexington,815.0,2001,"Residential, Commercial, Industrial, Institutional",Unspecified,2.0,nan,U,0.0,0,0,0,0.0,0,0.0,0.0,0.0,109900.0,0.0,0.0,0.0,0.0,0.0
5310,South carolina,Lexington,817.0,2001,"Residential, Commercial, Industrial, Institutional",Unspecified,2.0,nan,U,0.0,0,0,0,0.0,0,0.0,0.0,0.0,0.0,0.0,0.0,0.0,34427.0,0.0
5311,South carolina,Marion,815.0,2000,"Residential, Commercial, Industrial, Institutional",Unspecified,2.0,nan,"N, U",0.0,0,0,0,0.0,0,0.0,0.0,0.0,42486.0,0.0,0.0,0.0,7963.0,0.0
5312,South carolina,Marion,815.0,2001,"Residential, Commercial, Industrial, Institutional",Unspecified,2.0,nan,U,0.0,0,0,0,0.0,0,0.0,0.0,0.0,9199.0,0.0,0.0,0.0,0.0,0.0
5313,South carolina,Marion,817.0,2001,"Residential, Commercial, Industrial, Institutional",Unspecified,2.0,nan,U,0.0,0,0,0,0.0,0,0.0,0.0,0.0,0.0,0.0,0.0,0.0,6775.0,0.0
5314,South carolina,Marlboro,815.0,2000,"Residential, Commercial, Industrial, Institutional",Unspecified,2.0,nan,"N, U",0.0,0,0,0,0.0,0,0.0,0.0,0.0,12991.0,0.0,0.0,0.0,7602.0,0.0
5315,South carolina,Marlboro,815.0,2001,"Residential, Commercial, Industrial, Institutional",Unspecified,2.0,nan,U,0.0,0,0,0,0.0,0,0.0,0.0,0.0,10378.0,0.0,0.0,0.0,0.0,0.0
5316,South carolina,Marlboro,817.0,2001,"Residential, Commercial, Industrial, Institutional",Unspecified,2.0,nan,U,0.0,0,0,0,0.0,0,0.0,0.0,0.0,0.0,0.0,0.0,0.0,71619.0,0.0
5317,South carolina,Mccormick,815.0,2000,"Residential, Commercial, Industrial, Institutional",Unspecified,2.0,nan,"N, U",0.0,0,0,0,0.0,0,0.0,0.0,0.0,3350.0,0.0,0.0,0.0,1449.0,0.0
5318,South carolina,Mccormick,815.0,2001,"Residential, Commercial, Industrial, Institutional",Unspecified,2.0,nan,U,0.0,0,0,0,0.0,0,0.0,0.0,0.0,4606.0,0.0,0.0,0.0,0.0,0.0
5319,South carolina,Mccormick,817.0,2001,"Residential, Commercial, Industrial, Institutional",Unspecified,2.0,nan,U,0.0,0,0,0,0.0,0,0.0,0.0,0.0,0.0,0.0,0.0,0.0,1568.0,0.0
5320,South carolina,Newberry,815.0,2000,"Residential, Commercial, Industrial, Institutional",Unspecified,2.0,nan,"N, U",0.0,0,0,0,0.0,0,0.0,0.0,0.0,31982.0,0.0,0.0,0.0,13278.0,0.0
5321,South carolina,Newberry,815.0,2001,"Residential, Commercial, Industrial, Institutional",Unspecified,2.0,nan,U,0.0,0,0,0,0.0,0,0.0,0.0,0.0,34516.0,0.0,0.0,0.0,0.0,0.0
5322,South carolina,Newberry,817.0,2001,"Residential, Commercial, Industrial, Institutional",Unspecified,2.0,nan,U,0.0,0,0,0,0.0,0,0.0,0.0,0.0,0.0,0.0,0.0,0.0,12133.0,0.0
5323,South carolina,Oconee,815.0,2000,"Residential, Commercial, Industrial, Institutional",Unspecified,2.0,nan,"N, U",0.0,0,0,0,0.0,0,0.0,0.0,0.0,34512.0,0.0,0.0,0.0,15705.0,0.0
5324,South carolina,Oconee,817.0,2001,"Residential, Commercial, Industrial, Institutional",Unspecified,2.0,nan,U,0.0,0,0,0,0.0,0,0.0,0.0,0.0,41443.0,0.0,0.0,0.0,16300.0,0.0
5325,South carolina,Orangeburg,815.0,2000,"Residential, Commercial, Industrial, Institutional",Unspecified,2.0,nan,"N, U",0.0,0,0,0,0.0,0,0.0,0.0,0.0,71158.0,0.0,0.0,0.0,21254.0,0.0
5326,South carolina,Orangeburg,817.0,2001,"Residential, Commercial, Industrial, Institutional",Unspecified,2.0,nan,U,0.0,0,0,0,0.0,0,0.0,0.0,0.0,74332.0,0.0,0.0,0.0,3389.0,0.0
5327,South carolina,Pickens,815.0,2000,"Residential, Commercial, Industrial, Institutional",Unspecified,2.0,nan,"N, U",0.0,0,0,0,0.0,0,0.0,0.0,0.0,43366.0,0.0,0.0,0.0,11382.0,0.0
5328,South carolina,Pickens,817.0,2001,"Residential, Commercial, Industrial, Institutional",Unspecified,2.0,nan,U,0.0,0,0,0,0.0,0,0.0,0.0,0.0,52427.0,0.0,0.0,0.0,11660.0,0.0
5329,South carolina,Richland,815.0,2000,"Residential, Commercial, Industrial, Institutional",Unspecified,2.0,nan,"N, U",0.0,0,0,0,0.0,0,0.0,0.0,0.0,335882.0,0.0,0.0,0.0,86369.0,0.0
5330,South carolina,Richland,817.0,2001,"Residential, Commercial, Industrial, Institutional",Unspecified,2.0,nan,U,0.0,0,0,0,0.0,0,0.0,0.0,0.0,306349.0,0.0,0.0,0.0,96730.0,0.0
5331,South carolina,Saluda,815.0,2000,"Residential, Commercial, Industrial, Institutional",Unspecified,2.0,nan,"N, U",0.0,0,0,0,0.0,0,0.0,0.0,0.0,8649.0,0.0,0.0,0.0,2090.0,0.0
5332,South carolina,Saluda,817.0,2001,"Residential, Commercial, Industrial, Institutional",Unspecified,2.0,nan,U,0.0,0,0,0,0.0,0,0.0,0.0,0.0,8230.0,0.0,0.0,0.0,1895.0,0.0
5333,South carolina,Spartanburg,815.0,2000,"Residential, Commercial, Industrial, Institutional",Unspecified,2.0,nan,"N, U",0.0,0,0,0,0.0,0,0.0,0.0,0.0,240026.0,0.0,0.0,0.0,172024.0,0.0
5334,South carolina,Spartanburg,817.0,2001,"Residential, Commercial, Industrial, Institutional",Unspecified,2.0,nan,U,0.0,0,0,0,0.0,0,0.0,0.0,0.0,236887.0,0.0,0.0,0.0,71271.0,0.0
5335,South carolina,Sumter,815.0,2000,"Residential, Commercial, Industrial, Institutional",Unspecified,2.0,nan,"N, U",0.0,0,0,0,0.0,0,0.0,0.0,0.0,56597.0,0.0,0.0,0.0,38632.0,0.0
5336,South carolina,Sumter,817.0,2001,"Residential, Commercial, Industrial, Institutional",Unspecified,2.0,nan,U,0.0,0,0,0,0.0,0,0.0,0.0,0.0,57403.0,0.0,0.0,0.0,24831.0,0.0
5337,South carolina,Union,815.0,2000,"Residential, Commercial, Industrial, Institutional",Unspecified,2.0,nan,"N, U",0.0,0,0,0,0.0,0,0.0,0.0,0.0,15425.0,0.0,0.0,0.0,1802.0,0.0
5338,South carolina,Union,817.0,2001,"Residential, Commercial, Industrial, Institutional",Unspecified,2.0,nan,U,0.0,0,0,0,0.0,0,0.0,0.0,0.0,17135.0,0.0,0.0,0.0,2413.0,0.0
5339,South carolina,Williamsburg,815.0,2000,"Residential, Commercial, Industrial, Institutional",Unspecified,2.0,nan,"N, U",0.0,0,0,0,0.0,0,0.0,0.0,0.0,23896.0,0.0,0.0,0.0,5024.0,0.0
5340,South carolina,Williamsburg,817.0,2001,"Residential, Commercial, Industrial, Institutional",Unspecified,2.0,nan,U,0.0,0,0,0,0.0,0,0.0,0.0,0.0,20666.0,0.0,0.0,0.0,13212.0,0.0
5341,South carolina,York,815.0,2000,"Residential, Commercial, Industrial, Institutional",Unspecified,2.0,nan,"N, U",0.0,0,0,0,0.0,0,0.0,0.0,0.0,116055.0,0.0,0.0,0.0,67612.0,0.0
5342,South carolina,York,817.0,2001,"Residential, Commercial, Industrial, Institutional",Unspecified,2.0,nan,U,0.0,0,0,0,0.0,0,0.0,0.0,0.0,119193.0,0.0,0.0,0.0,36137.0,0.0
5343,South carolina,,392.0,2010,Unspecified,Unspecified,"2.0, 2.0, 2.0, 2.0, 2.0, 3.0",nan,N,0.0,0,0,0,0.0,0,278767.0,127563.0,878445.0,3874240.0,0.0,0.0,0.0,439327.0,69215.0
5344,South carolina,,392.0,2013,Unspecified,Unspecified,2.0,nan,N,0.0,0,0,0,0.0,0,323775.0,148146.0,666582.0,3775875.0,0.0,0.0,0.0,452449.0,0.0
5345,South carolina,,815.0,2000,"Residential, Commercial, Industrial, Institutional",Unspecified,2.0,nan,N,0.0,0,0,0,0.0,0,0.0,0.0,562458.0,0.0,0.0,208659.0,0.0,6039742.0,0.0
5346,South carolina,,816.0,2001,"Residential, Commercial, Industrial, Institutional",Unspecified,2.0,nan,U,0.0,0,0,0,0.0,0,0.0,0.0,0.0,2893529.0,0.0,202040.0,0.0,1262164.0,0.0
5347,South carolina,,817.0,2001,"Residential, Commercial, Industrial, Institutional",Unspecified,2.0,nan,U,0.0,0,0,0,0.0,0,0.0,0.0,968080.0,2893529.0,0.0,202040.0,0.0,1262164.0,0.0
5348,South dakota,,392.0,2010,Unspecified,Unspecified,2.0,nan,N,0.0,0,0,0,0.0,0,49111.0,0.0,0.0,574956.0,0.0,0.0,0.0,166408.0,0.0
5349,South dakota,,392.0,2013,Unspecified,Unspecified,"2.0, 4.0, 2.0",nan,N,0.0,0,0,0,0.0,0,50836.0,0.0,0.0,588294.0,0.0,0.0,0.0,179601.0,0.0
5350,South dakota,,798.0,2011,Unspecified,Unspecified,2.0,nan,Y,0.0,0,0,0,0.0,0,0.0,0.0,0.0,0.0,0.0,0.0,0.0,131426.8,0.0
5351,South dakota,,798.0,2022,Unspecified,Unspecified,2.0,nan,Y,0.0,0,0,0,0.0,0,0.0,0.0,0.0,696577.0,0.0,0.0,0.0,101945.5,0.0
5352,South dakota,,798.0,2023,Unspecified,Unspecified,2.0,nan,Y,0.0,0,0,0,0.0,0,0.0,0.0,0.0,730656.0,0.0,0.0,0.0,107323.9,0.0
5353,Tennessee,Anderson,802.0,2021,"Residential, Commercial, Institutional, Industrial",Unspecified,2.0,nan,Y,0.0,0,0,0,0.0,0,0.0,0.0,0.0,0.0,0.0,0.0,102927.95,50563.31,0.0
5354,Tennessee,Bedford,802.0,2021,"Residential, Commercial, Institutional, Industrial",Unspecified,2.0,nan,Y,0.0,0,0,0,0.0,0,0.0,0.0,0.0,0.0,0.0,0.0,33501.61,120733.1,0.0
5355,Tennessee,Benton,802.0,2021,"Residential, Commercial, Institutional, Industrial",Unspecified,2.0,nan,Y,0.0,0,0,0,0.0,0,0.0,0.0,0.0,0.0,0.0,0.0,32000.95,11699.6,0.0
5356,Tennessee,Bledsoe,802.0,2021,"Residential, Commercial, Institutional, Industrial",Unspecified,2.0,nan,Y,0.0,0,0,0,0.0,0,0.0,0.0,0.0,0.0,0.0,0.0,6152.3,519.5,0.0
5357,Tennessee,Blount,802.0,2021,"Residential, Commercial, Institutional, Industrial",Unspecified,2.0,nan,Y,0.0,0,0,0,0.0,0,0.0,0.0,0.0,0.0,0.0,0.0,127683.91,42986.58,0.0
5358,Tennessee,Bradley,802.0,2021,"Residential, Commercial, Institutional, Industrial",Unspecified,2.0,nan,Y,0.0,0,0,0,0.0,0,0.0,0.0,0.0,0.0,0.0,0.0,162145.46,91786.72,0.0
5359,Tennessee,Campbell,802.0,2021,"Residential, Commercial, Institutional, Industrial",Unspecified,2.0,nan,Y,0.0,0,0,0,0.0,0,0.0,0.0,0.0,0.0,0.0,0.0,38120.35,44402.9,0.0
5360,Tennessee,Cannon,802.0,2021,"Residential, Commercial, Institutional, Industrial",Unspecified,2.0,nan,Y,0.0,0,0,0,0.0,0,0.0,0.0,0.0,0.0,0.0,0.0,7197.22,718.42,0.0
5361,Tennessee,Carroll,802.0,2021,"Residential, Commercial, Institutional, Industrial",Unspecified,2.0,nan,Y,0.0,0,0,0,0.0,0,0.0,0.0,0.0,0.0,0.0,0.0,22490.0,10614.2,0.0
5362,Tennessee,Carter,802.0,2021,"Residential, Commercial, Institutional, Industrial",Unspecified,2.0,nan,Y,0.0,0,0,0,0.0,0,0.0,0.0,0.0,0.0,0.0,0.0,31121.49,14146.58,0.0
5363,Tennessee,Cheatham,802.0,2021,"Residential, Commercial, Institutional, Industrial",Unspecified,2.0,nan,Y,0.0,0,0,0,0.0,0,0.0,0.0,0.0,0.0,0.0,0.0,20029.1,23146.4,0.0
5364,Tennessee,Chester,802.0,2021,"Residential, Commercial, Institutional, Industrial",Unspecified,2.0,nan,Y,0.0,0,0,0,0.0,0,0.0,0.0,0.0,0.0,0.0,0.0,7386.5,12546.4,0.0
5365,Tennessee,Claiborne,802.0,2021,"Residential, Commercial, Institutional, Industrial",Unspecified,2.0,nan,Y,0.0,0,0,0,0.0,0,0.0,0.0,0.0,0.0,0.0,0.0,20959.74,21277.72,0.0
5366,Tennessee,Clay,802.0,2021,"Residential, Commercial, Institutional, Industrial",Unspecified,2.0,nan,Y,0.0,0,0,0,0.0,0,0.0,0.0,0.0,0.0,0.0,0.0,4932.75,16495.5,0.0
5367,Tennessee,Cocke,802.0,2021,"Residential, Commercial, Institutional, Industrial",Unspecified,2.0,nan,Y,0.0,0,0,0,0.0,0,0.0,0.0,0.0,0.0,0.0,0.0,42903.46,15360.44,0.0
5368,Tennessee,Coffee,802.0,2021,"Residential, Commercial, Institutional, Industrial",Unspecified,2.0,nan,Y,0.0,0,0,0,0.0,0,0.0,0.0,0.0,0.0,0.0,0.0,58673.56,95944.99,0.0
5369,Tennessee,Crockett,802.0,2021,"Residential, Commercial, Institutional, Industrial",Unspecified,2.0,nan,Y,0.0,0,0,0,0.0,0,0.0,0.0,0.0,0.0,0.0,0.0,10048.48,16232.2,0.0
5370,Tennessee,Cumberland,802.0,2021,"Residential, Commercial, Institutional, Industrial",Unspecified,2.0,nan,Y,0.0,0,0,0,0.0,0,0.0,0.0,0.0,0.0,0.0,0.0,64506.62,19341.81,0.0
5371,Tennessee,Davidson,339.0,2007,"Residential, Commercial, Institutional, Industrial, C&D, Residential, Commercial, Industrial","Landfill, Unspecified",1.0,nan,U,0.0,0,0,0,178513.75,0,0.0,0.0,0.0,0.0,0.0,0.0,865671.54,421405.46,0.0
5372,Tennessee,Davidson,802.0,2021,"Residential, Commercial, Institutional, Industrial",Unspecified,2.0,nan,Y,0.0,0,0,0,0.0,0,0.0,0.0,0.0,0.0,0.0,0.0,901434.71,823401.86,0.0
5373,Tennessee,Decatur,802.0,2021,"Residential, Commercial, Institutional, Industrial",Unspecified,2.0,nan,Y,0.0,0,0,0,0.0,0,0.0,0.0,0.0,0.0,0.0,0.0,7622.17,1074.5,0.0
5374,Tennessee,Dekalb,802.0,2021,"Residential, Commercial, Institutional, Industrial",Unspecified,2.0,nan,Y,0.0,0,0,0,0.0,0,0.0,0.0,0.0,0.0,0.0,0.0,18223.07,6612.47,0.0
5375,Tennessee,Dickson,802.0,2021,"Residential, Commercial, Institutional, Industrial",Unspecified,2.0,nan,Y,0.0,0,0,0,0.0,0,0.0,0.0,0.0,0.0,0.0,0.0,89247.41,599417.42,0.0
5376,Tennessee,Dyer,802.0,2021,"Residential, Commercial, Institutional, Industrial",Unspecified,2.0,nan,Y,0.0,0,0,0,0.0,0,0.0,0.0,0.0,0.0,0.0,0.0,36683.86,87589.48,0.0
5377,Tennessee,Fayette,802.0,2021,"Residential, Commercial, Institutional, Industrial",Unspecified,2.0,nan,Y,0.0,0,0,0,0.0,0,0.0,0.0,0.0,0.0,0.0,0.0,29549.28,42358.55,0.0
5378,Tennessee,Fentress,802.0,2021,"Residential, Commercial, Institutional, Industrial",Unspecified,2.0,nan,Y,0.0,0,0,0,0.0,0,0.0,0.0,0.0,0.0,0.0,0.0,11955.98,4245.6,0.0
5379,Tennessee,Franklin,802.0,2021,"Residential, Commercial, Institutional, Industrial",Unspecified,2.0,nan,Y,0.0,0,0,0,0.0,0,0.0,0.0,0.0,0.0,0.0,0.0,54460.51,64851.1,0.0
5380,Tennessee,Gibson,802.0,2021,"Residential, Commercial, Institutional, Industrial",Unspecified,2.0,nan,Y,0.0,0,0,0,0.0,0,0.0,0.0,0.0,0.0,0.0,0.0,36999.46,18042.28,0.0
5381,Tennessee,Giles,802.0,2021,"Residential, Commercial, Institutional, Industrial",Unspecified,2.0,nan,Y,0.0,0,0,0,0.0,0,0.0,0.0,0.0,0.0,0.0,0.0,29268.88,1209.03,0.0
5382,Tennessee,Grainger,802.0,2021,"Residential, Commercial, Institutional, Industrial",Unspecified,2.0,nan,Y,0.0,0,0,0,0.0,0,0.0,0.0,0.0,0.0,0.0,0.0,15961.55,16002.25,0.0
5383,Tennessee,Greene,802.0,2021,"Residential, Commercial, Institutional, Industrial",Unspecified,2.0,nan,Y,0.0,0,0,0,0.0,0,0.0,0.0,0.0,0.0,0.0,0.0,53134.99,53913.25,0.0
5384,Tennessee,Grundy,802.0,2021,"Residential, Commercial, Institutional, Industrial",Unspecified,2.0,nan,Y,0.0,0,0,0,0.0,0,0.0,0.0,0.0,0.0,0.0,0.0,7670.23,216.0,0.0
5385,Tennessee,Hamblen,802.0,2021,"Residential, Commercial, Institutional, Industrial",Unspecified,2.0,nan,Y,0.0,0,0,0,0.0,0,0.0,0.0,0.0,0.0,0.0,0.0,115669.61,126675.38,0.0
5386,Tennessee,Hamilton,802.0,2021,"Residential, Commercial, Institutional, Industrial",Unspecified,2.0,nan,Y,0.0,0,0,0,0.0,0,0.0,0.0,0.0,0.0,0.0,0.0,697224.44,234327.01,0.0
5387,Tennessee,Hancock,802.0,2021,"Residential, Commercial, Institutional, Industrial",Unspecified,2.0,nan,Y,0.0,0,0,0,0.0,0,0.0,0.0,0.0,0.0,0.0,0.0,3106.83,7181.5,0.0
5388,Tennessee,Hardeman,802.0,2021,"Residential, Commercial, Institutional, Industrial",Unspecified,2.0,nan,Y,0.0,0,0,0,0.0,0,0.0,0.0,0.0,0.0,0.0,0.0,12717.73,3201.8,0.0
5389,Tennessee,Hardin,802.0,2021,"Residential, Commercial, Institutional, Industrial",Unspecified,2.0,nan,Y,0.0,0,0,0,0.0,0,0.0,0.0,0.0,0.0,0.0,0.0,23295.85,1808427.0,0.0
5390,Tennessee,Hawkins,802.0,2021,"Residential, Commercial, Institutional, Industrial",Unspecified,2.0,nan,Y,0.0,0,0,0,0.0,0,0.0,0.0,0.0,0.0,0.0,0.0,48278.09,14316.09,0.0
5391,Tennessee,Haywood,802.0,2021,"Residential, Commercial, Institutional, Industrial",Unspecified,2.0,nan,Y,0.0,0,0,0,0.0,0,0.0,0.0,0.0,0.0,0.0,0.0,16158.27,23922.0,0.0
5392,Tennessee,Henderson,802.0,2021,"Residential, Commercial, Institutional, Industrial",Unspecified,2.0,nan,Y,0.0,0,0,0,0.0,0,0.0,0.0,0.0,0.0,0.0,0.0,19304.81,39141.7,0.0
5393,Tennessee,Henry,802.0,2021,"Residential, Commercial, Institutional, Industrial",Unspecified,2.0,nan,Y,0.0,0,0,0,0.0,0,0.0,0.0,0.0,0.0,0.0,0.0,27938.79,14289.28,0.0
5394,Tennessee,Hickman,802.0,2021,"Residential, Commercial, Institutional, Industrial",Unspecified,2.0,nan,Y,0.0,0,0,0,0.0,0,0.0,0.0,0.0,0.0,0.0,0.0,11226.75,20836.74,0.0
5395,Tennessee,Houston,802.0,2021,"Residential, Commercial, Institutional, Industrial",Unspecified,2.0,nan,Y,0.0,0,0,0,0.0,0,0.0,0.0,0.0,0.0,0.0,0.0,4572.85,9648.55,0.0
5396,Tennessee,Humphreys,802.0,2021,"Residential, Commercial, Institutional, Industrial",Unspecified,2.0,nan,Y,0.0,0,0,0,0.0,0,0.0,0.0,0.0,0.0,0.0,0.0,25184.54,278035.54,0.0
5397,Tennessee,Jackson,802.0,2021,"Residential, Commercial, Institutional, Industrial",Unspecified,2.0,nan,Y,0.0,0,0,0,0.0,0,0.0,0.0,0.0,0.0,0.0,0.0,4795.2,4040.68,0.0
5398,Tennessee,Jefferson,802.0,2021,"Residential, Commercial, Institutional, Industrial",Unspecified,2.0,nan,Y,0.0,0,0,0,0.0,0,0.0,0.0,0.0,0.0,0.0,0.0,41854.61,35976.55,0.0
5399,Tennessee,Johnson,802.0,2021,"Residential, Commercial, Institutional, Industrial",Unspecified,2.0,nan,Y,0.0,0,0,0,0.0,0,0.0,0.0,0.0,0.0,0.0,0.0,13706.12,17331.5,0.0
5400,Tennessee,Knox,802.0,2021,"Residential, Commercial, Institutional, Industrial",Unspecified,2.0,nan,Y,0.0,0,0,0,0.0,0,0.0,0.0,0.0,0.0,0.0,0.0,539198.98,685152.91,0.0
5401,Tennessee,Lake,802.0,2021,"Residential, Commercial, Institutional, Industrial",Unspecified,2.0,nan,Y,0.0,0,0,0,0.0,0,0.0,0.0,0.0,0.0,0.0,0.0,3979.83,2482.7,0.0
5402,Tennessee,Lauderdale,802.0,2021,"Residential, Commercial, Institutional, Industrial",Unspecified,2.0,nan,Y,0.0,0,0,0,0.0,0,0.0,0.0,0.0,0.0,0.0,0.0,15717.82,5930.33,0.0
5403,Tennessee,Lawrence,802.0,2021,"Residential, Commercial, Institutional, Industrial",Unspecified,2.0,nan,Y,0.0,0,0,0,0.0,0,0.0,0.0,0.0,0.0,0.0,0.0,23989.7,1045848.9,0.0
5404,Tennessee,Lewis,802.0,2021,"Residential, Commercial, Institutional, Industrial",Unspecified,2.0,nan,Y,0.0,0,0,0,0.0,0,0.0,0.0,0.0,0.0,0.0,0.0,7210.86,5024.0,0.0
5405,Tennessee,Lincoln,802.0,2021,"Residential, Commercial, Institutional, Industrial",Unspecified,2.0,nan,Y,0.0,0,0,0,0.0,0,0.0,0.0,0.0,0.0,0.0,0.0,25582.65,20915.0,0.0
5406,Tennessee,Loudon,802.0,2021,"Residential, Commercial, Institutional, Industrial",Unspecified,2.0,nan,Y,0.0,0,0,0,0.0,0,0.0,0.0,0.0,0.0,0.0,0.0,213834.97,105808.5,0.0
5407,Tennessee,Macon,802.0,2021,"Residential, Commercial, Institutional, Industrial",Unspecified,2.0,nan,Y,0.0,0,0,0,0.0,0,0.0,0.0,0.0,0.0,0.0,0.0,15887.83,79890.76,0.0
5408,Tennessee,Madison,802.0,2021,"Residential, Commercial, Institutional, Industrial",Unspecified,2.0,nan,Y,0.0,0,0,0,0.0,0,0.0,0.0,0.0,0.0,0.0,0.0,175835.76,2028487.5,0.0
5409,Tennessee,Marion,802.0,2021,"Residential, Commercial, Institutional, Industrial",Unspecified,2.0,nan,Y,0.0,0,0,0,0.0,0,0.0,0.0,0.0,0.0,0.0,0.0,23499.02,32108.91,0.0
5410,Tennessee,Marshall,802.0,2021,"Residential, Commercial, Institutional, Industrial",Unspecified,2.0,nan,Y,0.0,0,0,0,0.0,0,0.0,0.0,0.0,0.0,0.0,0.0,40573.21,56408.42,0.0
5411,Tennessee,Maury,802.0,2021,"Residential, Commercial, Institutional, Industrial",Unspecified,2.0,nan,Y,0.0,0,0,0,0.0,0,0.0,0.0,0.0,0.0,0.0,0.0,145860.4,67605.76,0.0
5412,Tennessee,Mcminn,802.0,2021,"Residential, Commercial, Institutional, Industrial",Unspecified,2.0,nan,Y,0.0,0,0,0,0.0,0,0.0,0.0,0.0,0.0,0.0,0.0,97338.21,22530.2,0.0
5413,Tennessee,Mcnairy,802.0,2021,"Residential, Commercial, Institutional, Industrial",Unspecified,2.0,nan,Y,0.0,0,0,0,0.0,0,0.0,0.0,0.0,0.0,0.0,0.0,20414.94,20013.9,0.0
5414,Tennessee,Meigs,802.0,2021,"Residential, Commercial, Institutional, Industrial",Unspecified,2.0,nan,Y,0.0,0,0,0,0.0,0,0.0,0.0,0.0,0.0,0.0,0.0,4062.78,1123.3,0.0
5415,Tennessee,Monroe,802.0,2021,"Residential, Commercial, Institutional, Industrial",Unspecified,2.0,nan,Y,0.0,0,0,0,0.0,0,0.0,0.0,0.0,0.0,0.0,0.0,35282.03,30831.17,0.0
5416,Tennessee,Montgomery,802.0,2021,"Residential, Commercial, Institutional, Industrial",Unspecified,2.0,nan,Y,0.0,0,0,0,0.0,0,0.0,0.0,0.0,0.0,0.0,0.0,164071.82,116458.51,0.0
5417,Tennessee,Moore,802.0,2021,"Residential, Commercial, Institutional, Industrial",Unspecified,2.0,nan,Y,0.0,0,0,0,0.0,0,0.0,0.0,0.0,0.0,0.0,0.0,3783.8,504907.0,0.0
5418,Tennessee,Morgan,802.0,2021,"Residential, Commercial, Institutional, Industrial",Unspecified,2.0,nan,Y,0.0,0,0,0,0.0,0,0.0,0.0,0.0,0.0,0.0,0.0,10068.85,16326.34,0.0
5419,Tennessee,Obion,802.0,2021,"Residential, Commercial, Institutional, Industrial",Unspecified,2.0,nan,Y,0.0,0,0,0,0.0,0,0.0,0.0,0.0,0.0,0.0,0.0,37456.81,14008.1,0.0
5420,Tennessee,Overton,802.0,2021,"Residential, Commercial, Institutional, Industrial",Unspecified,2.0,nan,Y,0.0,0,0,0,0.0,0,0.0,0.0,0.0,0.0,0.0,0.0,26671.88,27301.7,0.0
5421,Tennessee,Perry,802.0,2021,"Residential, Commercial, Institutional, Industrial",Unspecified,2.0,nan,Y,0.0,0,0,0,0.0,0,0.0,0.0,0.0,0.0,0.0,0.0,4573.57,396018.8,0.0
5422,Tennessee,Pickett,802.0,2021,"Residential, Commercial, Institutional, Industrial",Unspecified,2.0,nan,Y,0.0,0,0,0,0.0,0,0.0,0.0,0.0,0.0,0.0,0.0,3498.65,16649.4,0.0
5423,Tennessee,Polk,802.0,2021,"Residential, Commercial, Institutional, Industrial",Unspecified,2.0,nan,Y,0.0,0,0,0,0.0,0,0.0,0.0,0.0,0.0,0.0,0.0,8372.68,489.0,0.0
5424,Tennessee,Putnam,802.0,2021,"Residential, Commercial, Institutional, Industrial",Unspecified,2.0,nan,Y,0.0,0,0,0,0.0,0,0.0,0.0,0.0,0.0,0.0,0.0,69213.95,94156.34,0.0
5425,Tennessee,Rhea,802.0,2021,"Residential, Commercial, Institutional, Industrial",Unspecified,2.0,nan,Y,0.0,0,0,0,0.0,0,0.0,0.0,0.0,0.0,0.0,0.0,32726.57,6036.9,0.0
5426,Tennessee,Roane,802.0,2021,"Residential, Commercial, Institutional, Industrial",Unspecified,2.0,nan,Y,0.0,0,0,0,0.0,0,0.0,0.0,0.0,0.0,0.0,0.0,50215.74,36803.03,0.0
5427,Tennessee,Robertson,802.0,2021,"Residential, Commercial, Institutional, Industrial",Unspecified,2.0,nan,Y,0.0,0,0,0,0.0,0,0.0,0.0,0.0,0.0,0.0,0.0,71381.11,51037.25,0.0
5428,Tennessee,Rutherford,802.0,2021,"Residential, Commercial, Institutional, Industrial",Unspecified,2.0,nan,Y,0.0,0,0,0,0.0,0,0.0,0.0,0.0,0.0,0.0,0.0,417054.38,177988.87,0.0
5429,Tennessee,Scott,802.0,2021,"Residential, Commercial, Institutional, Industrial",Unspecified,2.0,nan,Y,0.0,0,0,0,0.0,0,0.0,0.0,0.0,0.0,0.0,0.0,27355.74,23074.7,0.0
5430,Tennessee,Sequatchie,802.0,2021,"Residential, Commercial, Institutional, Industrial",Unspecified,2.0,nan,Y,0.0,0,0,0,0.0,0,0.0,0.0,0.0,0.0,0.0,0.0,4687.72,2066.2,0.0
5431,Tennessee,Sevier,802.0,2021,"Residential, Commercial, Institutional, Industrial",Unspecified,2.0,nan,Y,0.0,0,0,0,0.0,0,0.0,0.0,0.0,0.0,0.0,0.0,36169.31,196900.47,0.0
5432,Tennessee,Shelby,802.0,2021,"Residential, Commercial, Institutional, Industrial",Unspecified,2.0,nan,Y,0.0,0,0,0,0.0,0,0.0,0.0,0.0,0.0,0.0,0.0,1130515.97,829559.31,0.0
5433,Tennessee,Smith,802.0,2021,"Residential, Commercial, Institutional, Industrial",Unspecified,2.0,nan,Y,0.0,0,0,0,0.0,0,0.0,0.0,0.0,0.0,0.0,0.0,12404.32,25314.78,0.0
5434,Tennessee,Stewart,802.0,2021,"Residential, Commercial, Institutional, Industrial",Unspecified,2.0,nan,Y,0.0,0,0,0,0.0,0,0.0,0.0,0.0,0.0,0.0,0.0,29843.12,6182.6,0.0
5435,Tennessee,Sullivan,802.0,2021,"Residential, Commercial, Institutional, Industrial",Unspecified,2.0,nan,Y,0.0,0,0,0,0.0,0,0.0,0.0,0.0,0.0,0.0,0.0,185606.48,112122.33,0.0
5436,Tennessee,Sumner,802.0,2021,"Residential, Commercial, Institutional, Industrial",Unspecified,2.0,nan,Y,0.0,0,0,0,0.0,0,0.0,0.0,0.0,0.0,0.0,0.0,214098.77,56822.88,0.0
5437,Tennessee,Tipton,802.0,2021,"Residential, Commercial, Institutional, Industrial",Unspecified,2.0,nan,Y,0.0,0,0,0,0.0,0,0.0,0.0,0.0,0.0,0.0,0.0,25717.93,68089.94,0.0
5438,Tennessee,Trousdale,802.0,2021,"Residential, Commercial, Institutional, Industrial",Unspecified,2.0,nan,Y,0.0,0,0,0,0.0,0,0.0,0.0,0.0,0.0,0.0,0.0,4471.77,5160.02,0.0
5439,Tennessee,Unicoi,802.0,2021,"Residential, Commercial, Institutional, Industrial",Unspecified,2.0,nan,Y,0.0,0,0,0,0.0,0,0.0,0.0,0.0,0.0,0.0,0.0,15474.09,614.8,0.0
5440,Tennessee,Union,802.0,2021,"Residential, Commercial, Institutional, Industrial",Unspecified,2.0,nan,Y,0.0,0,0,0,0.0,0,0.0,0.0,0.0,0.0,0.0,0.0,4471.77,3795.1,0.0
5441,Tennessee,Van buren,802.0,2021,"Residential, Commercial, Institutional, Industrial",Unspecified,2.0,nan,Y,0.0,0,0,0,0.0,0,0.0,0.0,0.0,0.0,0.0,0.0,3529.12,863.2,0.0
5442,Tennessee,Warren,802.0,2021,"Residential, Commercial, Institutional, Industrial",Unspecified,2.0,nan,Y,0.0,0,0,0,0.0,0,0.0,0.0,0.0,0.0,0.0,0.0,37736.79,14112.08,0.0
5443,Tennessee,Washington,802.0,2021,"Residential, Commercial, Institutional, Industrial",Unspecified,2.0,nan,Y,0.0,0,0,0,0.0,0,0.0,0.0,0.0,0.0,0.0,0.0,190801.38,54309.3,0.0
5444,Tennessee,Wayne,802.0,2021,"Residential, Commercial, Institutional, Industrial",Unspecified,2.0,nan,Y,0.0,0,0,0,0.0,0,0.0,0.0,0.0,0.0,0.0,0.0,9214.65,71164.3,0.0
5445,Tennessee,Weakley,802.0,2021,"Residential, Commercial, Institutional, Industrial",Unspecified,2.0,nan,Y,0.0,0,0,0,0.0,0,0.0,0.0,0.0,0.0,0.0,0.0,25467.48,20286.09,0.0
5446,Tennessee,White,802.0,2021,"Residential, Commercial, Institutional, Industrial",Unspecified,2.0,nan,Y,0.0,0,0,0,0.0,0,0.0,0.0,0.0,0.0,0.0,0.0,15997.26,14724.84,0.0
5447,Tennessee,Williamson,802.0,2021,"Residential, Commercial, Institutional, Industrial",Unspecified,2.0,nan,Y,0.0,0,0,0,0.0,0,0.0,0.0,0.0,0.0,0.0,0.0,226020.29,210738.74,0.0
5448,Tennessee,Wilson,802.0,2021,"Residential, Commercial, Institutional, Industrial",Unspecified,2.0,nan,Y,0.0,0,0,0,0.0,0,0.0,0.0,0.0,0.0,0.0,0.0,131400.49,165409.93,0.0
5449,Tennessee,,338.0,2012,"Residential, Commercial",Landfill,2.0,nan,U,0.0,0,0,0,0.0,0,0.0,0.0,0.0,5710987.0,0.0,0.0,0.0,0.0,0.0
5450,Tennessee,,392.0,2010,Unspecified,Unspecified,"2.0, 4.0, 2.0, 2.0, 2.0",nan,N,0.0,0,0,0,0.0,0,140339.0,639745.0,648823.0,3719380.0,0.0,0.0,0.0,1311180.0,0.0
5451,Tennessee,,392.0,2013,Unspecified,Unspecified,"2.0, 4.0, 2.0, 2.0, 2.0",nan,N,0.0,0,0,0,0.0,0,159211.0,871311.0,571583.0,4296712.0,0.0,0.0,0.0,1552799.0,0.0
5452,Tennessee,,802.0,2017,"Residential, Commercial, Institutional, Industrial",Unspecified,2.0,nan,Y,268181.6,0,0,0,0.0,0,0.0,0.0,0.0,0.0,0.0,0.0,9224828.0,7183852.0,0.0
5453,Tennessee,,802.0,2018,"Residential, Commercial, Institutional, Industrial",Unspecified,2.0,nan,Y,289769.0,0,0,0,0.0,0,0.0,0.0,0.0,0.0,0.0,0.0,9325622.95,7620904.0,0.0
5454,Tennessee,,802.0,2019,"Residential, Commercial, Institutional, Industrial",Unspecified,2.0,nan,Y,276393.3,0,0,0,0.0,0,0.0,0.0,0.0,0.0,0.0,0.0,9518262.09,7710071.0,0.0
5455,Tennessee,,802.0,2020,"Residential, Commercial, Institutional, Industrial",Unspecified,2.0,nan,Y,689770.3,0,0,0,0.0,0,0.0,0.0,0.0,0.0,0.0,0.0,9853460.74,7771030.0,0.0
5456,Tennessee,,802.0,2021,"Residential, Commercial, Institutional, Industrial",Unspecified,2.0,nan,Y,229239.0,0,0,0,0.0,0,0.0,1094612.0,794610.0,7415208.0,0.0,0.0,9495659.1,7910070.0,0.0
5457,Texas,,361.0,2001,"Residential, Commercial, Institutional","Landfill, WTE, MRF, Compost Facility, Landfill, Incinerator, Waste Facilities, Unknown","1.0, 1.0, 1.0, 1.0, 2.0, 1.0, 2.0, 2.0","Recreational, Brush, and Dump and Litter Cleanup, nan, nan, nan, nan, nan, nan, nan",Y,8208630.0,10182535,673413,0,5885678.0,875945,1828.0,0.0,66168.0,19940523.0,6000.0,13104.0,27938751.0,508778.0,16533.0
5458,Texas,,361.0,2002,"Residential, Commercial, Institutional","Landfill, WTE, MRF, Compost Facility, Landfill, Incinerator, Waste Facilities, Unknown","1.0, 1.0, 1.0, 1.0, 2.0, 1.0, 2.0, 2.0","Recreational, Brush, and Dump and Litter Cleanup, nan, nan, nan, nan, nan, nan, nan",Y,8254119.0,10601521,662218,0,6424228.0,921886,264.0,0.0,114956.0,20439744.0,287463.0,14879.0,29061966.0,431678.0,17660.0
5459,Texas,,361.0,2003,"Residential, Commercial, Institutional","Landfill, WTE, MRF, Compost Facility, Landfill, Incinerator, Waste Facilities, Unknown","1.0, 1.0, 1.0, 1.0, 2.0, 1.0, 2.0, 2.0","Recreational, Brush, and Dump and Litter Cleanup, nan, nan, nan, nan, nan, nan, nan",Y,9818569.0,9573419,406011,0,5406918.0,586483,210.0,0.0,251100.08,20384482.0,4595.0,10025.85,29072155.0,1088350.13,12208.64
5460,Texas,,361.0,2004,"Residential, Commercial, Institutional","Landfill, WTE, MRF, Compost Facility, Landfill, Incinerator, Waste Facilities, Unknown","1.0, 1.0, 1.0, 1.0, 2.0, 1.0, 2.0, 2.0","Recreational, Brush, and Dump and Litter Cleanup, nan, nan, nan, nan, nan, nan, nan",Y,10407185.0,10260035,380531,0,5322424.0,558326,14291.0,0.0,264102.69,21606077.0,6504.0,13831.0,29581786.0,6358839.72,3235.13
5461,Texas,,361.0,2005,"Residential, Commercial, Institutional","Landfill, WTE, MRF, Compost Facility, Landfill, Incinerator, Waste Facilities, Unknown","1.0, 1.0, 1.0, 1.0, 2.0, 1.0, 2.0, 2.0","Recreational, Brush, and Dump and Litter Cleanup, nan, nan, nan, nan, nan, nan, nan",Y,10070782.0,9680195,242777,0,5468701.0,552698,7714655.0,0.0,342574.0,20546452.0,403683.0,20146.0,29671151.0,8118338.0,14052.11
5462,Texas,,361.0,2006,"Residential, Commercial, Institutional","Landfill, WTE, MRF, Compost Facility, Landfill, Incinerator, Waste Facilities, Unknown","1.0, 1.0, 1.0, 1.0, 2.0, 1.0, 2.0, 2.0","Recreational, Brush, and Dump and Litter Cleanup, nan, nan, nan, nan, nan, nan, nan",Y,9998672.0,9882398,474128,0,5655773.0,505319,9900564.0,0.0,253409.0,20860517.0,177374.0,24229.0,30450000.0,10922083.0,762.0
5463,Texas,,361.0,2007,"Residential, Commercial, Institutional","Landfill, WTE, MRF, Compost Facility, Landfill, Incinerator, Waste Facilities, Unknown","1.0, 1.0, 1.0, 1.0, 2.0, 1.0, 2.0, 2.0","Recreational, Brush, and Dump and Litter Cleanup, nan, nan, nan, nan, nan, nan, nan",Y,10810065.0,11382383,118735,0,6125893.0,465660,10553472.0,0.0,111724.0,22776843.0,297824.0,13868.0,33080000.0,3394275.0,801.86
5464,Texas,,361.0,2008,"Residential, Commercial, Institutional","Landfill, WTE, MRF, Compost Facility, Landfill, Incinerator, Waste Facilities, Unknown","1.0, 1.0, 1.0, 1.0, 2.0, 1.0, 2.0, 2.0","Recreational, Brush, and Dump and Litter Cleanup, nan, nan, nan, nan, nan, nan, nan",Y,11367722.0,10252316,150915,0,6469039.0,529677,4357805.0,0.0,361415.0,22300630.0,83471.0,8827.0,33080000.0,3394275.0,24837.0
5465,Texas,,361.0,2009,"Residential, Commercial, Institutional","Landfill, MRF, Compost Facility, Landfill, Incinerator, Waste Facilities, Unknown","1.0, 1.0, 1.0, 2.0, 1.0, 2.0, 2.0","Recreational, Brush, and Dump and Litter Cleanup, nan, nan, nan, nan, nan, nan",Y,11576774.0,9689844,133988,0,6676780.0,500578,70451.0,0.0,318235.0,21901184.0,268273.0,9885.0,32260000.0,1378356.0,0.0
5466,Texas,,361.0,2010,"Residential, Commercial, Institutional","Landfill, MRF, Compost Facility, Landfill, Incinerator, Waste Facilities, Unknown","1.0, 1.0, 1.0, 2.0, 1.0, 2.0, 2.0","Recreational, Brush, and Dump and Litter Cleanup, nan, nan, nan, nan, nan, nan",Y,11009577.0,8942475,87858,0,4728725.0,284199,166342.0,0.0,211731.0,20324109.0,26247.0,1606.0,28640000.0,1789937.0,0.0
5467,Texas,,361.0,2011,"Residential, Commercial, Institutional","Landfill, MRF, Compost Facility, Landfill, Incinerator, Waste Facilities, Unknown","1.0, 1.0, 1.0, 2.0, 1.0, 2.0, 2.0",nan,Y,0.0,0,0,0,4972998.0,0,283262.0,0.0,123934.0,19761379.0,5828.0,3626.0,28820000.0,2043146.0,0.0
5468,Texas,,361.0,2012,"Residential, Commercial, Institutional","Landfill, MRF, Compost Facility, Landfill, Incinerator, Waste Facilities, Unknown","1.0, 1.0, 1.0, 2.0, 1.0, 2.0, 2.0",nan,Y,0.0,0,0,0,5265510.0,0,260485.0,0.0,190894.0,20189296.0,16785.0,5137.0,30310000.0,1599102.0,0.0
5469,Texas,,361.0,2013,"Residential, Commercial, Institutional","Landfill, MRF, Compost Facility, Landfill, Incinerator, Waste Facilities, Unknown","1.0, 1.0, 1.0, 2.0, 1.0, 2.0, 2.0",nan,Y,0.0,0,0,0,5334017.0,0,352790.0,0.0,266976.0,20319750.0,4342.0,3638.0,30570000.0,1721523.0,0.0
5470,Texas,,361.0,2014,"Residential, Commercial, Institutional","Landfill, MRF, Compost Facility, Landfill, Incinerator, Waste Facilities, Unknown","1.0, 1.0, 1.0, 2.0, 1.0, 2.0, 2.0",nan,Y,0.0,0,0,0,5882016.0,0,312251.0,0.0,178503.0,20506823.0,3582.0,4603.0,32370000.0,1643901.0,0.0
5471,Texas,,361.0,2015,"Residential, Commercial, Institutional","Landfill, MRF, Compost Facility, Landfill, Incinerator, Waste Facilities, Unknown","1.0, 1.0, 1.0, 2.0, 1.0, 2.0, 2.0",nan,Y,0.0,0,0,0,6410338.0,0,541848.0,0.0,268406.0,21631394.0,2829.0,4442.0,33450000.0,1949410.0,0.0
5472,Texas,,361.0,2016,"Residential, Commercial, Institutional","Landfill, MRF, Compost Facility, Landfill, Incinerator, Waste Facilities, Unknown","1.0, 1.0, 1.0, 2.0, 1.0, 2.0, 2.0",nan,Y,0.0,0,0,0,7065530.0,0,882815.0,0.0,183627.0,23056969.0,2072.0,3487.0,34730000.0,2778804.0,0.0
5473,Texas,,361.0,2017,"Residential, Commercial, Institutional","Landfill, MRF, Compost Facility, Landfill, Incinerator, Waste Facilities, Unknown","1.0, 1.0, 1.0, 2.0, 1.0, 2.0, 2.0",nan,Y,0.0,0,0,0,6982658.0,0,869710.0,0.0,178261.0,23408340.0,19402.0,601.0,35310000.0,2720827.0,0.0
5474,Texas,,361.0,2018,"Residential, Commercial, Institutional","Landfill, MRF, Compost Facility, Landfill, Incinerator, Waste Facilities, Unknown","1.0, 1.0, 1.0, 2.0, 1.0, 2.0, 2.0",nan,Y,0.0,0,0,0,8631842.0,0,1006797.0,0.0,160975.0,24169964.0,2803.0,1867.0,37840000.0,2614434.0,0.0
5475,Texas,,361.0,2019,"Residential, Commercial, Institutional","Landfill, MRF, Compost Facility, Landfill, Incinerator, Waste Facilities, Unknown","1.0, 1.0, 1.0, 2.0, 1.0, 2.0, 2.0",nan,Y,0.0,0,0,0,7774645.0,0,1006191.0,0.0,267503.0,23897706.0,26235.0,1191.0,36800000.0,2564120.0,0.0
5476,Texas,,361.0,2020,"Residential, Commercial, Institutional","Landfill, MRF, Compost Facility, Landfill, Incinerator, Waste Facilities, Unknown","1.0, 1.0, 1.0, 2.0, 1.0, 2.0, 2.0",nan,Y,0.0,0,0,0,7764311.0,0,1020924.0,0.0,263526.0,23717427.0,3063.0,1688.0,36570000.0,2642309.0,0.0
5477,Texas,,361.0,2021,"Residential, Commercial, Institutional","Landfill, Compost Facility, Landfill, Incinerator, Waste Facilities, Unknown","1.0, 1.0, 2.0, 1.0, 2.0, 2.0",nan,Y,0.0,0,0,0,8330902.0,0,980250.0,0.0,299841.0,24787727.0,0.0,1979.0,38230000.0,2810664.0,0.0
5478,Texas,,361.0,2022,"Residential, Commercial, Institutional","Landfill, Compost Facility, Landfill, Incinerator, Waste Facilities, Unknown","1.0, 1.0, 2.0, 1.0, 2.0, 2.0",nan,Y,0.0,0,0,0,9055968.0,0,1596296.0,0.0,241594.0,25361656.0,0.0,1942.0,40105817.0,2688242.0,0.0
5479,Texas,,392.0,2010,Unspecified,Unspecified,2.0,nan,N,0.0,0,0,0,0.0,0,1183296.0,0.0,211731.0,20032517.0,0.0,0.0,0.0,2894352.0,0.0
5480,Texas,,392.0,2013,Unspecified,Unspecified,2.0,nan,N,0.0,0,0,0,0.0,0,1548139.0,0.0,266976.0,20008866.0,0.0,0.0,0.0,2591350.0,0.0
5481,Texas,,791.0,2015,"Residential, Commercial, Institutional","MRF, Landfill, Composting Facility",2.0,nan,,0.0,0,0,0,0.0,0,0.0,0.0,0.0,0.0,0.0,0.0,0.0,9172769.0,0.0
5482,Texas,,791.0,2019,"Residential, Commercial, Institutional","MRF, Landfill, Composting Facility",2.0,nan,,0.0,0,0,0,0.0,0,0.0,0.0,0.0,0.0,0.0,0.0,0.0,12911034.0,0.0
5483,Us virgin islands,,340.0,2008,"Residential, Commercial, Industrial, Institutional, C&D",Landfill,1.0,nan,,0.0,0,0,0,0.0,0,0.0,0.0,0.0,180788.0,0.0,0.0,0.0,0.0,0.0
5484,Utah,,392.0,2010,Unspecified,Unspecified,"2.0, 2.0, 2.0, 2.0, 2.0, 3.0",nan,N,0.0,0,0,0,0.0,0,160741.0,0.0,20196.0,2102636.0,0.0,0.0,0.0,196950.0,244963.0
5485,Utah,,392.0,2013,Unspecified,Unspecified,2.0,nan,N,0.0,0,0,0,0.0,0,208338.0,0.0,20309.0,2391328.0,0.0,0.0,0.0,205926.0,0.0
5486,Utah,,720.0,2000,"Residential, Commercial",Unspecified,2.0,nan,N,0.0,0,0,0,0.0,0,0.0,0.0,0.0,0.0,0.0,0.0,0.0,0.0,0.0
5487,Utah,,720.0,2002,"Residential, Commercial",Unspecified,2.0,nan,N,0.0,0,0,0,0.0,0,0.0,0.0,0.0,0.0,0.0,0.0,0.0,0.0,0.0
5488,Utah,,720.0,2004,"Residential, Commercial",Unspecified,2.0,nan,N,0.0,0,0,0,0.0,0,0.0,0.0,0.0,0.0,0.0,0.0,0.0,0.0,0.0
5489,Utah,,720.0,2005,"Residential, Commercial",Unspecified,2.0,nan,N,0.0,0,0,0,0.0,0,0.0,0.0,0.0,0.0,0.0,0.0,0.0,0.0,0.0
5490,Utah,,720.0,2006,"Residential, Commercial",Unspecified,2.0,nan,N,0.0,0,0,0,0.0,0,0.0,0.0,0.0,0.0,0.0,0.0,0.0,0.0,0.0
5491,Vermont,,363.0,2005,"Residential, Commercial, Industrial",Unspecified,1.0,nan,Y,0.0,0,0,0,0.0,0,0.0,0.0,0.0,0.0,0.0,0.0,431230.0,148459.0,0.0
5492,Vermont,,363.0,2006,"Residential, Commercial, Industrial",Unspecified,1.0,nan,Y,0.0,0,0,0,0.0,0,0.0,0.0,0.0,0.0,0.0,0.0,414273.0,157173.0,0.0
5493,Vermont,,363.0,2007,"Residential, Commercial, Industrial",Unspecified,1.0,nan,Y,0.0,0,0,0,0.0,0,0.0,0.0,0.0,0.0,0.0,0.0,441669.0,171818.0,0.0
5494,Vermont,,363.0,2008,"Residential, Commercial, Industrial",Unspecified,1.0,nan,Y,0.0,0,0,0,0.0,0,0.0,0.0,0.0,0.0,0.0,0.0,419957.0,173024.0,0.0
5495,Vermont,,363.0,2009,"Residential, Commercial, Industrial",Unspecified,1.0,nan,Y,0.0,0,0,0,0.0,0,0.0,0.0,0.0,0.0,0.0,0.0,387246.0,178796.0,0.0
5496,Vermont,,363.0,2010,"Residential, Commercial, Industrial",Unspecified,1.0,nan,Y,0.0,0,0,0,0.0,0,0.0,0.0,0.0,0.0,0.0,0.0,381971.0,170326.0,0.0
5497,Vermont,,363.0,2011,"Residential, Commercial, Industrial",Unspecified,1.0,nan,Y,0.0,0,0,0,0.0,0,0.0,0.0,0.0,0.0,0.0,0.0,413517.0,183737.0,0.0
5498,Vermont,,363.0,2012,"Residential, Commercial, Industrial",Unspecified,1.0,nan,Y,0.0,0,0,0,0.0,0,0.0,0.0,0.0,0.0,0.0,0.0,384044.0,173258.0,0.0
5499,Vermont,,363.0,2013,"Residential, Commercial, Industrial",Unspecified,1.0,nan,Y,0.0,0,0,0,0.0,0,0.0,0.0,0.0,0.0,0.0,0.0,393438.0,190797.0,0.0
5500,Vermont,,363.0,2014,"Residential, Commercial, Industrial",Unspecified,1.0,nan,Y,0.0,0,0,0,0.0,0,0.0,0.0,0.0,0.0,0.0,0.0,411200.0,200272.0,0.0
5501,Vermont,,363.0,2015,"Residential, Commercial, Industrial",Unspecified,1.0,nan,Y,0.0,0,0,0,0.0,0,0.0,0.0,0.0,0.0,0.0,0.0,390552.0,212065.0,0.0
5502,Vermont,,363.0,2016,"Residential, Commercial, Industrial",Unspecified,1.0,nan,Y,0.0,0,0,0,0.0,0,0.0,0.0,0.0,0.0,0.0,0.0,374637.0,211152.0,0.0
5503,Vermont,,363.0,2017,"Residential, Commercial, Industrial",Unspecified,1.0,nan,Y,0.0,0,0,0,0.0,0,0.0,0.0,0.0,0.0,0.0,0.0,417402.0,213449.0,0.0
5504,Vermont,,363.0,2018,"Residential, Commercial, Industrial",Unspecified,1.0,nan,Y,0.0,0,0,0,0.0,0,0.0,0.0,0.0,0.0,0.0,0.0,436166.0,225219.0,0.0
5505,Vermont,,363.0,2019,"Residential, Commercial, Industrial",Unspecified,1.0,nan,Y,0.0,0,0,0,0.0,0,0.0,0.0,0.0,0.0,0.0,0.0,445226.0,225122.0,0.0
5506,Vermont,,363.0,2020,"Residential, Commercial, Industrial","Landfill, Landfill, Unspecified, Unspecified, Unspecified",1.0,nan,Y,0.0,0,0,0,42507.0,0,0.0,91151.0,8823.0,391050.0,0.0,0.0,402100.0,222769.0,0.0
5507,Vermont,,364.0,2021,"Residential, Commercial, Industrial","Landfill, Landfill, Unspecified, Unspecified, Unspecified",1.0,nan,Y,0.0,0,0,0,43160.0,0,0.0,90645.0,9340.0,413753.0,0.0,0.0,420334.0,210501.0,0.0
5508,Vermont,,392.0,2010,Unspecified,Unspecified,"2.0, 4.0, 2.0, 3.0",nan,N,0.0,0,0,0,0.0,0,18211.0,57813.0,0.0,324158.0,0.0,0.0,0.0,87938.0,0.0
5509,Vermont,,392.0,2013,Unspecified,Unspecified,2.0,nan,N,0.0,0,0,0,0.0,0,18235.0,100440.0,0.0,340511.0,0.0,0.0,0.0,88056.0,0.0
5510,Vermont,,805.0,2022,"Residential, Commercial, Industrial","Landfill, Landfill, Unspecified, Landfill, Unspecified",1.0,nan,Y,0.0,0,0,0,29544.46,0,0.0,75986.06,7718.0,409536.91,0.0,0.0,362595.0,247107.0,0.0
5511,Virginia,,392.0,2010,Unspecified,Unspecified,2.0,nan,N,0.0,0,0,0,0.0,0,167058.0,0.0,4027605.0,10565650.0,0.0,0.0,0.0,366466.0,2035826.0
5512,Virginia,,392.0,2013,Unspecified,Unspecified,2.0,nan,N,0.0,0,0,0,0.0,0,281156.0,0.0,3598847.0,10008979.0,0.0,0.0,0.0,1472790.0,2156992.0
5513,Washington,,392.0,2010,Unspecified,Unspecified,"2.0, 2.0, 2.0, 4.0, 2.0, 2.0, 3.0",nan,N,0.0,0,0,0,0.0,0,1170660.0,1119466.0,225899.0,3393984.0,0.0,0.0,0.0,2221732.0,526094.0
5514,Washington,,392.0,2013,Unspecified,Unspecified,2.0,nan,N,0.0,0,0,0,0.0,0,1210447.0,1114434.0,287270.0,3402296.0,0.0,0.0,0.0,2297242.0,0.0
5515,West virginia,,392.0,2010,Unspecified,Unspecified,"2.0, 4.0, 2.0, 3.0",nan,N,0.0,0,0,0,0.0,0,37524.0,0.0,74754.0,1353755.0,0.0,0.0,0.0,141449.0,0.0
5516,West virginia,,392.0,2013,Unspecified,Unspecified,"2.0, 4.0, 2.0",nan,N,0.0,0,0,0,0.0,0,45447.0,0.0,0.0,1908382.0,0.0,0.0,0.0,141461.0,0.0
5517,West virginia,,724.0,2013,"Residential, Commercial",Landfill,2.0,nan,U,0.0,0,0,0,0.0,0,0.0,0.0,77808.05,1140920.7,0.0,0.0,0.0,0.0,0.0
5518,West virginia,,725.0,2014,"Residential, Commercial",Landfill,2.0,nan,U,0.0,0,0,0,0.0,0,0.0,0.0,75443.01,1149059.44,0.0,0.0,0.0,0.0,0.0
5519,West virginia,,726.0,2015,"Residential, Commercial",Landfill,2.0,nan,U,0.0,0,0,0,0.0,0,0.0,0.0,82447.25,1189021.23,0.0,0.0,0.0,0.0,0.0
5520,West virginia,,727.0,2016,"Residential, Commercial",Landfill,2.0,nan,U,0.0,0,0,0,0.0,0,0.0,0.0,68475.07,1161240.44,0.0,0.0,0.0,0.0,0.0
5521,West virginia,,728.0,2017,"Residential, Commercial",Landfill,2.0,nan,U,0.0,0,0,0,0.0,0,0.0,0.0,87275.61,1189114.17,0.0,0.0,0.0,0.0,0.0
5522,West virginia,,729.0,2018,"Residential, Commercial",Landfill,2.0,nan,U,0.0,0,0,0,0.0,0,0.0,0.0,83353.31,1227549.36,0.0,0.0,0.0,0.0,0.0
5523,West virginia,,730.0,2019,"Residential, Commercial",Landfill,2.0,nan,U,0.0,0,0,0,0.0,0,0.0,0.0,77824.93,1239594.87,0.0,0.0,0.0,0.0,0.0
5524,West virginia,,731.0,2020,"Residential, Commercial",Landfill,2.0,nan,U,0.0,0,0,0,0.0,0,0.0,0.0,72783.13,1234998.63,0.0,0.0,0.0,0.0,0.0
5525,West virginia,,732.0,2021,"Residential, Commercial",Landfill,2.0,nan,U,0.0,0,0,0,0.0,0,0.0,0.0,72783.13,1234998.63,0.0,0.0,0.0,0.0,0.0
5526,West virginia,,733.0,2022,"Residential, Commercial",Landfill,2.0,nan,U,0.0,0,0,0,0.0,0,0.0,0.0,72783.13,1234998.63,0.0,0.0,0.0,0.0,0.0
5527,West virginia,,734.0,2023,"Residential, Commercial",Landfill,2.0,nan,U,0.0,0,0,0,0.0,0,0.0,0.0,72783.13,1234998.63,0.0,0.0,0.0,0.0,0.0
5528,Wisconsin,,392.0,2010,Unspecified,Unspecified,"2.0, 2.0, 2.0, 4.0, 2.0, 2.0, 3.0",nan,N,0.0,0,0,0,0.0,0,227183.0,126840.0,253437.0,4106767.0,0.0,0.0,0.0,1333362.0,221490.0
5529,Wisconsin,,392.0,2013,Unspecified,Unspecified,2.0,nan,N,0.0,0,0,0,0.0,0,229326.0,89180.0,228884.0,3908613.0,0.0,0.0,0.0,1345937.0,0.0
5530,Wyoming,,350.0,2010,"Residential, Commercial, Institutional",Unspecified,2.0,nan,Y,0.0,0,0,0,0.0,0,68000.0,0.0,0.0,497200.0,0.0,0.0,0.0,112600.0,0.0
5531,Wyoming,,392.0,2010,Unspecified,Unspecified,2.0,nan,N,0.0,0,0,0,0.0,0,67998.0,85000.0,0.0,501666.0,0.0,0.0,0.0,34993.0,0.0
5532,Wyoming,,392.0,2013,Unspecified,Unspecified,2.0,nan,N,0.0,0,0,0,0.0,0,70220.0,131000.0,0.0,657644.0,0.0,0.0,0.0,36136.0,0.0
